-- =============================================================
-- Moneta seed data
-- Password for ALL users: Moneta@2024
-- Total: 50 companies, 500 users,
--        100 instruments, 100 listings,
--        300 bids, 300 asks
-- =============================================================

BEGIN;

-- Companies (50)
INSERT INTO companies (id, created_at, deleted_at, legal_name, trade_name, registration_number, incorporation_date) VALUES
  ('588993e6-5d17-4f1f-92e2-a256b6c63f94', '2024-01-15 10:00:00+00', NULL, 'Apex Capital Partners Ltd', 'Apex Capital', 'GB-REG-0001', '2010-01-01'),
  ('6ff8d2e2-6244-4019-bc34-39bd9b9b5f88', '2024-01-15 10:00:00+00', NULL, 'Meridian Asset Management', 'Meridian Asset', 'GB-REG-0002', '2011-02-01'),
  ('8c01599a-5a96-4e26-aa9e-bcb1ec84816f', '2024-01-15 10:00:00+00', NULL, 'Northgate Financial Group', 'Northgate Finance', 'GB-REG-0003', '2012-03-01'),
  ('3817158e-ebec-495a-9fe7-c53bacbc09c9', '2024-01-15 10:00:00+00', NULL, 'Quantum Wealth Holdings', 'Quantum Wealth', 'GB-REG-0004', '2013-04-01'),
  ('c2af7004-c888-4620-ada4-5a9f37cd8356', '2024-01-15 10:00:00+00', NULL, 'Silverline Capital Corp', 'Silverline Capital', 'GB-REG-0005', '2014-05-01'),
  ('60e569c5-be9a-4f28-b8ef-45ae1269c972', '2024-01-15 10:00:00+00', NULL, 'Titan Investment Partners', 'Titan Invest', 'GB-REG-0006', '2015-06-01'),
  ('b8e22350-b981-47aa-b687-5d716bd3bee9', '2024-01-15 10:00:00+00', NULL, 'Vortex Financial Services', 'Vortex Finance', 'GB-REG-0007', '2016-07-01'),
  ('4996c730-5ff9-4726-a4d1-c8ec0e96d867', '2024-01-15 10:00:00+00', NULL, 'Zenith Capital Solutions', 'Zenith Capital', 'GB-REG-0008', '2017-08-01'),
  ('3915a226-2d4e-41d2-9e8b-29af03e6c5ed', '2024-01-15 10:00:00+00', NULL, 'Pinnacle Asset Partners', 'Pinnacle Asset', 'GB-REG-0009', '2018-09-01'),
  ('fe04ab7f-34ef-49a7-b094-a5b1f7416279', '2024-01-15 10:00:00+00', NULL, 'Aurora Investment Holdings', 'Aurora Invest', 'GB-REG-0010', '2019-10-01'),
  ('f2ff1981-6625-433b-ad6f-3877d761070a', '2024-01-15 10:00:00+00', NULL, 'Cascade Capital Group', 'Cascade Capital', 'GB-REG-0011', '2010-11-01'),
  ('b0e6362f-ab7a-4388-b2c4-2f19cccac08d', '2024-01-15 10:00:00+00', NULL, 'Delphi Financial Corp', 'Delphi Finance', 'GB-REG-0012', '2011-12-01'),
  ('d2479b5c-cf9b-4d7b-a787-8de472ad7254', '2024-01-15 10:00:00+00', NULL, 'Emerald Wealth Partners', 'Emerald Wealth', 'GB-REG-0013', '2012-01-01'),
  ('f45cbc89-5dea-4b7c-85ce-30671ac0f61b', '2024-01-15 10:00:00+00', NULL, 'Falcon Capital Management', 'Falcon Capital', 'GB-REG-0014', '2013-02-01'),
  ('b230456f-fd09-44d3-820d-95b848989105', '2024-01-15 10:00:00+00', NULL, 'Glacier Investment Group', 'Glacier Invest', 'GB-REG-0015', '2014-03-01'),
  ('a5d80929-663a-457b-9dc8-597d13a4b6b9', '2024-01-15 10:00:00+00', NULL, 'Harbourview Financial Ltd', 'Harbourview Finance', 'GB-REG-0016', '2015-04-01'),
  ('d40c8145-4e71-4ffc-bd67-19fd12381f14', '2024-01-15 10:00:00+00', NULL, 'Ironclad Capital Partners', 'Ironclad Capital', 'GB-REG-0017', '2016-05-01'),
  ('11d5a311-53e9-4c70-b80d-ec269a067974', '2024-01-15 10:00:00+00', NULL, 'Jupiter Asset Management', 'Jupiter Asset', 'GB-REG-0018', '2017-06-01'),
  ('16c7dbe6-cac0-4dac-a0b6-e85d036114c8', '2024-01-15 10:00:00+00', NULL, 'Kinetic Wealth Solutions', 'Kinetic Wealth', 'GB-REG-0019', '2018-07-01'),
  ('abd24e13-4d92-4b91-b428-bcccfd6443ca', '2024-01-15 10:00:00+00', NULL, 'Lighthouse Capital Corp', 'Lighthouse Capital', 'GB-REG-0020', '2019-08-01'),
  ('7472e5e1-020d-47d8-a3f0-b91b02f1a9fb', '2024-01-15 10:00:00+00', NULL, 'Marble Asset Partners', 'Marble Asset', 'GB-REG-0021', '2010-09-01'),
  ('d0ff9e13-e641-4ab5-9b0c-711872d4648b', '2024-01-15 10:00:00+00', NULL, 'Nexus Financial Group', 'Nexus Finance', 'GB-REG-0022', '2011-10-01'),
  ('10df12f8-e545-4935-bb53-bc16b220df2a', '2024-01-15 10:00:00+00', NULL, 'Obsidian Capital Ltd', 'Obsidian Capital', 'GB-REG-0023', '2012-11-01'),
  ('57be48c1-5522-44e7-bcf8-1e631e79a229', '2024-01-15 10:00:00+00', NULL, 'Paragon Investment Corp', 'Paragon Invest', 'GB-REG-0024', '2013-12-01'),
  ('dd3bfd77-7bce-4e83-91a1-9d5b9ba6fb7a', '2024-01-15 10:00:00+00', NULL, 'Quantum Asset Holdings', 'Quantum Asset', 'GB-REG-0025', '2014-01-01'),
  ('4917a676-9ecf-4158-8085-b15ec69cd79e', '2024-01-15 10:00:00+00', NULL, 'Redstone Financial Partners', 'Redstone Finance', 'GB-REG-0026', '2015-02-01'),
  ('a86d619e-c708-44db-9398-11590accdd13', '2024-01-15 10:00:00+00', NULL, 'Sapphire Capital Group', 'Sapphire Capital', 'GB-REG-0027', '2016-03-01'),
  ('ddcf50f1-7ed5-4b8f-9e42-29f745ded79e', '2024-01-15 10:00:00+00', NULL, 'Tempest Wealth Management', 'Tempest Wealth', 'GB-REG-0028', '2017-04-01'),
  ('fe639291-1ee1-40a9-b303-d72ce367f4af', '2024-01-15 10:00:00+00', NULL, 'Unison Asset Partners', 'Unison Asset', 'GB-REG-0029', '2018-05-01'),
  ('78d935fd-b8af-4fc1-90dd-0ba5753b6040', '2024-01-15 10:00:00+00', NULL, 'Vermillion Capital Corp', 'Vermillion Capital', 'GB-REG-0030', '2019-06-01'),
  ('58da756b-c210-4be4-8d20-57a11f74967c', '2024-01-15 10:00:00+00', NULL, 'Westford Financial Group', 'Westford Finance', 'GB-REG-0031', '2010-07-01'),
  ('c3be43fb-c180-4b84-9596-deb68926688b', '2024-01-15 10:00:00+00', NULL, 'Axiom Investment Holdings', 'Axiom Invest', 'GB-REG-0032', '2011-08-01'),
  ('19c3da0c-f9f2-489d-b7c0-f11c8c948057', '2024-01-15 10:00:00+00', NULL, 'Bastion Capital Partners', 'Bastion Capital', 'GB-REG-0033', '2012-09-01'),
  ('6c4142b1-7c78-40dd-aeaa-7e3fbc4c1d83', '2024-01-15 10:00:00+00', NULL, 'Citadel Wealth Solutions', 'Citadel Wealth', 'GB-REG-0034', '2013-10-01'),
  ('7d318183-3790-4515-8d05-d383d100fb2d', '2024-01-15 10:00:00+00', NULL, 'Dome Financial Corp', 'Dome Finance', 'GB-REG-0035', '2014-11-01'),
  ('da0407c1-80fe-46eb-ba4a-d97f47d147b2', '2024-01-15 10:00:00+00', NULL, 'Eclipse Asset Management', 'Eclipse Asset', 'GB-REG-0036', '2015-12-01'),
  ('82d229e9-b350-4329-bdf1-81fa626ff56d', '2024-01-15 10:00:00+00', NULL, 'Fortis Capital Group', 'Fortis Capital', 'GB-REG-0037', '2016-01-01'),
  ('483b64cd-e65c-47bb-9fb4-d9171dc4cfa6', '2024-01-15 10:00:00+00', NULL, 'Granite Investment Partners', 'Granite Invest', 'GB-REG-0038', '2017-02-01'),
  ('76a7b197-eaf7-4eb6-b991-c9eaeef91209', '2024-01-15 10:00:00+00', NULL, 'Helios Financial Holdings', 'Helios Finance', 'GB-REG-0039', '2018-03-01'),
  ('8ef9ab9c-7420-48de-be3d-0e24a0bf58a5', '2024-01-15 10:00:00+00', NULL, 'Indigo Capital Corp', 'Indigo Capital', 'GB-REG-0040', '2019-04-01'),
  ('80cf3f89-7bf4-4e52-b595-9eb0c589f55c', '2024-01-15 10:00:00+00', NULL, 'Jasper Wealth Partners', 'Jasper Wealth', 'GB-REG-0041', '2010-05-01'),
  ('c5a892c6-65b0-42ff-af62-c87161b26402', '2024-01-15 10:00:00+00', NULL, 'Kingfisher Asset Management', 'Kingfisher Asset', 'GB-REG-0042', '2011-06-01'),
  ('760b3976-7bd0-4485-a0e8-4d14358fd9a9', '2024-01-15 10:00:00+00', NULL, 'Lattice Financial Group', 'Lattice Finance', 'GB-REG-0043', '2012-07-01'),
  ('bfee85b3-0760-4d75-a8c6-2f9efa3f6bae', '2024-01-15 10:00:00+00', NULL, 'Monolith Capital Partners', 'Monolith Capital', 'GB-REG-0044', '2013-08-01'),
  ('ee04c68d-1240-4b44-8c92-60af94aabd18', '2024-01-15 10:00:00+00', NULL, 'Nova Investment Corp', 'Nova Invest', 'GB-REG-0045', '2014-09-01'),
  ('918cb86a-a675-4079-b530-7ba7d7017cd3', '2024-01-15 10:00:00+00', NULL, 'Opal Wealth Holdings', 'Opal Wealth', 'GB-REG-0046', '2015-10-01'),
  ('5f112412-9ede-4383-a1ef-eab94eccfe53', '2024-01-15 10:00:00+00', NULL, 'Prism Financial Solutions', 'Prism Finance', 'GB-REG-0047', '2016-11-01'),
  ('3de0da7e-306c-4048-afd2-bbb6c2fd7913', '2024-01-15 10:00:00+00', NULL, 'Quartz Capital Partners', 'Quartz Capital', 'GB-REG-0048', '2017-12-01'),
  ('aabac92b-dbea-4ac3-9b75-cc6ca52f8cb5', '2024-01-15 10:00:00+00', NULL, 'Radiant Asset Management', 'Radiant Asset', 'GB-REG-0049', '2018-01-01'),
  ('216551ca-0f87-4301-961f-3e5042427b26', '2024-01-15 10:00:00+00', NULL, 'Strata Investment Group', 'Strata Invest', 'GB-REG-0050', '2019-02-01');

-- Company addresses (50)
INSERT INTO company_addresses (id, created_at, deleted_at, company_id, type, street, city, state, postal_code, country) VALUES
  ('8f865b26-0928-41ae-a0b6-5a41943e1ae4', '2024-01-15 10:00:00+00', NULL, '588993e6-5d17-4f1f-92e2-a256b6c63f94', 'REGISTERED', '123 Finance Street', 'London', NULL, 'EC1A 1BB', 'GB'),
  ('ea468504-afac-4294-8036-157d6400cf15', '2024-01-15 10:00:00+00', NULL, '6ff8d2e2-6244-4019-bc34-39bd9b9b5f88', 'REGISTERED', '45 Capital Avenue', 'Manchester', NULL, 'M1 1AE', 'GB'),
  ('3c2afc5c-11b2-4bee-a915-e027c125c909', '2024-01-15 10:00:00+00', NULL, '8c01599a-5a96-4e26-aa9e-bcb1ec84816f', 'REGISTERED', '7 Investment Lane', 'Edinburgh', NULL, 'EH1 1YZ', 'GB'),
  ('4b176002-7647-4d38-add8-3d023ed4b00f', '2024-01-15 10:00:00+00', NULL, '3817158e-ebec-495a-9fe7-c53bacbc09c9', 'REGISTERED', '88 Wealth Boulevard', 'Birmingham', NULL, 'B1 1BB', 'GB'),
  ('1fa6f162-0503-41a5-97f7-a64a6519a667', '2024-01-15 10:00:00+00', NULL, 'c2af7004-c888-4620-ada4-5a9f37cd8356', 'REGISTERED', '12 Asset Road', 'Bristol', NULL, 'BS1 1AA', 'GB'),
  ('ba1ec45c-d86d-4d06-a28a-88833fa81213', '2024-01-15 10:00:00+00', NULL, '60e569c5-be9a-4f28-b8ef-45ae1269c972', 'REGISTERED', '200 Market Street', 'Leeds', NULL, 'LS1 1BA', 'GB'),
  ('79522560-c754-4444-8779-3b245a8c6a3a', '2024-01-15 10:00:00+00', NULL, 'b8e22350-b981-47aa-b687-5d716bd3bee9', 'REGISTERED', '55 Trading Close', 'Glasgow', NULL, 'G1 1AA', 'GB'),
  ('aa29245a-7ce9-40fa-9c63-5f184ddfd0e3', '2024-01-15 10:00:00+00', NULL, '4996c730-5ff9-4726-a4d1-c8ec0e96d867', 'REGISTERED', '3 Exchange Square', 'Liverpool', NULL, 'L1 1AA', 'GB'),
  ('07da25c6-8bd1-4632-992c-62e70fe49cea', '2024-01-15 10:00:00+00', NULL, '3915a226-2d4e-41d2-9e8b-29af03e6c5ed', 'REGISTERED', '17 Portfolio Drive', 'Cardiff', NULL, 'CF10 1AA', 'GB'),
  ('aa6d7eb1-8acd-4689-a2f5-15e5037023ac', '2024-01-15 10:00:00+00', NULL, 'fe04ab7f-34ef-49a7-b094-a5b1f7416279', 'REGISTERED', '99 Dividend Row', 'Newcastle', NULL, 'NE1 1AA', 'GB'),
  ('6a3fac7b-7df0-461a-a7ee-d8d1c101b9b7', '2024-01-15 10:00:00+00', NULL, 'f2ff1981-6625-433b-ad6f-3877d761070a', 'REGISTERED', '123 Finance Street', 'London', NULL, 'EC1A 1BB', 'GB'),
  ('e595f0d8-f04a-422b-99aa-a483890e4f97', '2024-01-15 10:00:00+00', NULL, 'b0e6362f-ab7a-4388-b2c4-2f19cccac08d', 'REGISTERED', '45 Capital Avenue', 'Manchester', NULL, 'M1 1AE', 'GB'),
  ('fe390a88-8ce9-49d5-9fff-23c6a6ac2f87', '2024-01-15 10:00:00+00', NULL, 'd2479b5c-cf9b-4d7b-a787-8de472ad7254', 'REGISTERED', '7 Investment Lane', 'Edinburgh', NULL, 'EH1 1YZ', 'GB'),
  ('7b1374df-605f-4d01-b900-784fe8bd2748', '2024-01-15 10:00:00+00', NULL, 'f45cbc89-5dea-4b7c-85ce-30671ac0f61b', 'REGISTERED', '88 Wealth Boulevard', 'Birmingham', NULL, 'B1 1BB', 'GB'),
  ('0310b4e3-ad76-4feb-894e-3e6e9f4dca41', '2024-01-15 10:00:00+00', NULL, 'b230456f-fd09-44d3-820d-95b848989105', 'REGISTERED', '12 Asset Road', 'Bristol', NULL, 'BS1 1AA', 'GB'),
  ('9edfc223-4230-4293-bc5b-1eafae4fcc72', '2024-01-15 10:00:00+00', NULL, 'a5d80929-663a-457b-9dc8-597d13a4b6b9', 'REGISTERED', '200 Market Street', 'Leeds', NULL, 'LS1 1BA', 'GB'),
  ('2ef27ff8-f659-443d-aba7-6d8a2d224e96', '2024-01-15 10:00:00+00', NULL, 'd40c8145-4e71-4ffc-bd67-19fd12381f14', 'REGISTERED', '55 Trading Close', 'Glasgow', NULL, 'G1 1AA', 'GB'),
  ('bf4adcb5-d412-4b43-9186-58f2e923e81c', '2024-01-15 10:00:00+00', NULL, '11d5a311-53e9-4c70-b80d-ec269a067974', 'REGISTERED', '3 Exchange Square', 'Liverpool', NULL, 'L1 1AA', 'GB'),
  ('8bb5dc08-7638-4ea2-a5f9-00d967c9bace', '2024-01-15 10:00:00+00', NULL, '16c7dbe6-cac0-4dac-a0b6-e85d036114c8', 'REGISTERED', '17 Portfolio Drive', 'Cardiff', NULL, 'CF10 1AA', 'GB'),
  ('90c05e6b-7f84-4af1-a8d0-b5b61ebc50db', '2024-01-15 10:00:00+00', NULL, 'abd24e13-4d92-4b91-b428-bcccfd6443ca', 'REGISTERED', '99 Dividend Row', 'Newcastle', NULL, 'NE1 1AA', 'GB'),
  ('b27b6d2a-c164-4939-8dc4-57955f1a80e8', '2024-01-15 10:00:00+00', NULL, '7472e5e1-020d-47d8-a3f0-b91b02f1a9fb', 'REGISTERED', '123 Finance Street', 'London', NULL, 'EC1A 1BB', 'GB'),
  ('fdf73647-1a00-4e96-a788-39caf5d37dc3', '2024-01-15 10:00:00+00', NULL, 'd0ff9e13-e641-4ab5-9b0c-711872d4648b', 'REGISTERED', '45 Capital Avenue', 'Manchester', NULL, 'M1 1AE', 'GB'),
  ('9bf3eb5d-a7ad-4617-bf77-747a5d4f456f', '2024-01-15 10:00:00+00', NULL, '10df12f8-e545-4935-bb53-bc16b220df2a', 'REGISTERED', '7 Investment Lane', 'Edinburgh', NULL, 'EH1 1YZ', 'GB'),
  ('4a09b9f9-459f-4156-92c0-96caf79ef7b6', '2024-01-15 10:00:00+00', NULL, '57be48c1-5522-44e7-bcf8-1e631e79a229', 'REGISTERED', '88 Wealth Boulevard', 'Birmingham', NULL, 'B1 1BB', 'GB'),
  ('35e9cc95-373f-45b5-9ac0-46ecbf24027f', '2024-01-15 10:00:00+00', NULL, 'dd3bfd77-7bce-4e83-91a1-9d5b9ba6fb7a', 'REGISTERED', '12 Asset Road', 'Bristol', NULL, 'BS1 1AA', 'GB'),
  ('6c7f331f-97cb-43e4-92aa-707c01a93b5f', '2024-01-15 10:00:00+00', NULL, '4917a676-9ecf-4158-8085-b15ec69cd79e', 'REGISTERED', '200 Market Street', 'Leeds', NULL, 'LS1 1BA', 'GB'),
  ('b606784c-802e-4d1a-80f6-a2cb253d3346', '2024-01-15 10:00:00+00', NULL, 'a86d619e-c708-44db-9398-11590accdd13', 'REGISTERED', '55 Trading Close', 'Glasgow', NULL, 'G1 1AA', 'GB'),
  ('e10c893f-ddde-4c06-8682-eeb18adf7568', '2024-01-15 10:00:00+00', NULL, 'ddcf50f1-7ed5-4b8f-9e42-29f745ded79e', 'REGISTERED', '3 Exchange Square', 'Liverpool', NULL, 'L1 1AA', 'GB'),
  ('86fabd81-de59-45bf-b941-7b8f7b322619', '2024-01-15 10:00:00+00', NULL, 'fe639291-1ee1-40a9-b303-d72ce367f4af', 'REGISTERED', '17 Portfolio Drive', 'Cardiff', NULL, 'CF10 1AA', 'GB'),
  ('f562c653-8668-4896-813f-ed30d84191f6', '2024-01-15 10:00:00+00', NULL, '78d935fd-b8af-4fc1-90dd-0ba5753b6040', 'REGISTERED', '99 Dividend Row', 'Newcastle', NULL, 'NE1 1AA', 'GB'),
  ('b2e2233f-55db-4fd0-be9a-bd975e514915', '2024-01-15 10:00:00+00', NULL, '58da756b-c210-4be4-8d20-57a11f74967c', 'REGISTERED', '123 Finance Street', 'London', NULL, 'EC1A 1BB', 'GB'),
  ('9bd394e1-265b-42d7-b2c9-1db1ecf80391', '2024-01-15 10:00:00+00', NULL, 'c3be43fb-c180-4b84-9596-deb68926688b', 'REGISTERED', '45 Capital Avenue', 'Manchester', NULL, 'M1 1AE', 'GB'),
  ('a80ed2cc-a4c8-4e7a-b08e-38ff682639dd', '2024-01-15 10:00:00+00', NULL, '19c3da0c-f9f2-489d-b7c0-f11c8c948057', 'REGISTERED', '7 Investment Lane', 'Edinburgh', NULL, 'EH1 1YZ', 'GB'),
  ('45aea19e-8d68-4878-a204-aa12d5e18f14', '2024-01-15 10:00:00+00', NULL, '6c4142b1-7c78-40dd-aeaa-7e3fbc4c1d83', 'REGISTERED', '88 Wealth Boulevard', 'Birmingham', NULL, 'B1 1BB', 'GB'),
  ('f380fffc-1125-404d-9948-dc75b6ca4a31', '2024-01-15 10:00:00+00', NULL, '7d318183-3790-4515-8d05-d383d100fb2d', 'REGISTERED', '12 Asset Road', 'Bristol', NULL, 'BS1 1AA', 'GB'),
  ('5944108a-5e89-4110-8c4f-710fcac910d9', '2024-01-15 10:00:00+00', NULL, 'da0407c1-80fe-46eb-ba4a-d97f47d147b2', 'REGISTERED', '200 Market Street', 'Leeds', NULL, 'LS1 1BA', 'GB'),
  ('922572c7-3fea-441c-a92a-d4d607dac8f7', '2024-01-15 10:00:00+00', NULL, '82d229e9-b350-4329-bdf1-81fa626ff56d', 'REGISTERED', '55 Trading Close', 'Glasgow', NULL, 'G1 1AA', 'GB'),
  ('e99ca5d2-e9ec-44ea-a49c-764b0339fa01', '2024-01-15 10:00:00+00', NULL, '483b64cd-e65c-47bb-9fb4-d9171dc4cfa6', 'REGISTERED', '3 Exchange Square', 'Liverpool', NULL, 'L1 1AA', 'GB'),
  ('85915cf5-9f89-42fb-b2cf-284467cba0c7', '2024-01-15 10:00:00+00', NULL, '76a7b197-eaf7-4eb6-b991-c9eaeef91209', 'REGISTERED', '17 Portfolio Drive', 'Cardiff', NULL, 'CF10 1AA', 'GB'),
  ('9fbce940-9f7e-42b0-b493-ad21292a6ba5', '2024-01-15 10:00:00+00', NULL, '8ef9ab9c-7420-48de-be3d-0e24a0bf58a5', 'REGISTERED', '99 Dividend Row', 'Newcastle', NULL, 'NE1 1AA', 'GB'),
  ('ee763295-322f-45c6-b9f6-119258a2c619', '2024-01-15 10:00:00+00', NULL, '80cf3f89-7bf4-4e52-b595-9eb0c589f55c', 'REGISTERED', '123 Finance Street', 'London', NULL, 'EC1A 1BB', 'GB'),
  ('bc6a34b0-d4d2-4832-b8cb-8d0b664f07ec', '2024-01-15 10:00:00+00', NULL, 'c5a892c6-65b0-42ff-af62-c87161b26402', 'REGISTERED', '45 Capital Avenue', 'Manchester', NULL, 'M1 1AE', 'GB'),
  ('4a8e0e26-c598-424f-874c-92bea6cdfae8', '2024-01-15 10:00:00+00', NULL, '760b3976-7bd0-4485-a0e8-4d14358fd9a9', 'REGISTERED', '7 Investment Lane', 'Edinburgh', NULL, 'EH1 1YZ', 'GB'),
  ('30684265-a5c2-4ac8-8909-b60ebe771ed8', '2024-01-15 10:00:00+00', NULL, 'bfee85b3-0760-4d75-a8c6-2f9efa3f6bae', 'REGISTERED', '88 Wealth Boulevard', 'Birmingham', NULL, 'B1 1BB', 'GB'),
  ('796575a0-64cc-4344-9b89-8ca99f31b621', '2024-01-15 10:00:00+00', NULL, 'ee04c68d-1240-4b44-8c92-60af94aabd18', 'REGISTERED', '12 Asset Road', 'Bristol', NULL, 'BS1 1AA', 'GB'),
  ('27e27600-d790-4f8d-8a0f-5c6a9a576b4f', '2024-01-15 10:00:00+00', NULL, '918cb86a-a675-4079-b530-7ba7d7017cd3', 'REGISTERED', '200 Market Street', 'Leeds', NULL, 'LS1 1BA', 'GB'),
  ('f7ca7176-7d73-41fb-9f55-c934bbb3ff38', '2024-01-15 10:00:00+00', NULL, '5f112412-9ede-4383-a1ef-eab94eccfe53', 'REGISTERED', '55 Trading Close', 'Glasgow', NULL, 'G1 1AA', 'GB'),
  ('3cfe87e8-4393-4746-acee-b73c6fd331fe', '2024-01-15 10:00:00+00', NULL, '3de0da7e-306c-4048-afd2-bbb6c2fd7913', 'REGISTERED', '3 Exchange Square', 'Liverpool', NULL, 'L1 1AA', 'GB'),
  ('30b71bb6-61af-4aa9-814b-d0b2523eb574', '2024-01-15 10:00:00+00', NULL, 'aabac92b-dbea-4ac3-9b75-cc6ca52f8cb5', 'REGISTERED', '17 Portfolio Drive', 'Cardiff', NULL, 'CF10 1AA', 'GB'),
  ('127973a0-7861-4e3b-8300-d23ab7ee08e4', '2024-01-15 10:00:00+00', NULL, '216551ca-0f87-4301-961f-3e5042427b26', 'REGISTERED', '99 Dividend Row', 'Newcastle', NULL, 'NE1 1AA', 'GB');

-- Users (500) — password: Moneta@2024
INSERT INTO users (id, created_at, deleted_at, email, password, first_name, last_name, company_id, role, account_status) VALUES
  ('7bcdcfd1-c223-4852-a81c-700190c32e4c', '2024-01-15 10:00:00+00', NULL, 'admin1@company1.fake', '$2b$12$Olv.bEpdCcTxcCvcl7VHb.5F71syKnApGrHa3cFXrh0jp65ygfy2a', 'James', 'Wilson', '588993e6-5d17-4f1f-92e2-a256b6c63f94', 'ADMIN', 'ACTIVE'),
  ('684929e1-6535-41ce-a673-ba8963650ca2', '2024-01-15 10:00:00+00', NULL, 'admin2@company1.fake', '$2b$12$Olv.bEpdCcTxcCvcl7VHb.5F71syKnApGrHa3cFXrh0jp65ygfy2a', 'Emma', 'Anderson', '588993e6-5d17-4f1f-92e2-a256b6c63f94', 'ADMIN', 'ACTIVE'),
  ('4bedbe1d-3818-46b7-8984-7633a315461c', '2024-01-15 10:00:00+00', NULL, 'admin3@company1.fake', '$2b$12$Olv.bEpdCcTxcCvcl7VHb.5F71syKnApGrHa3cFXrh0jp65ygfy2a', 'Oliver', 'White', '588993e6-5d17-4f1f-92e2-a256b6c63f94', 'ADMIN', 'ACTIVE'),
  ('589be30b-ad84-4139-ac94-3835e197fbb5', '2024-01-15 10:00:00+00', NULL, 'buyer1@company1.fake', '$2b$12$Olv.bEpdCcTxcCvcl7VHb.5F71syKnApGrHa3cFXrh0jp65ygfy2a', 'Sophia', 'Thompson', '588993e6-5d17-4f1f-92e2-a256b6c63f94', 'BUYER', 'ACTIVE'),
  ('0b1014c5-3c12-4eab-9735-b6c8da5a65e0', '2024-01-15 10:00:00+00', NULL, 'buyer2@company1.fake', '$2b$12$Olv.bEpdCcTxcCvcl7VHb.5F71syKnApGrHa3cFXrh0jp65ygfy2a', 'William', 'Robinson', '588993e6-5d17-4f1f-92e2-a256b6c63f94', 'BUYER', 'ACTIVE'),
  ('3f85c3ab-5cb6-47d2-bc21-f91d0616e4d8', '2024-01-15 10:00:00+00', NULL, 'buyer3@company1.fake', '$2b$12$Olv.bEpdCcTxcCvcl7VHb.5F71syKnApGrHa3cFXrh0jp65ygfy2a', 'Isabella', 'Lewis', '588993e6-5d17-4f1f-92e2-a256b6c63f94', 'BUYER', 'ACTIVE'),
  ('66f26274-8bfd-4db9-b596-5fab4623299c', '2024-01-15 10:00:00+00', NULL, 'seller1@company1.fake', '$2b$12$Olv.bEpdCcTxcCvcl7VHb.5F71syKnApGrHa3cFXrh0jp65ygfy2a', 'Henry', 'Smith', '588993e6-5d17-4f1f-92e2-a256b6c63f94', 'SELLER', 'ACTIVE'),
  ('c54c1ecb-ab54-4176-8b77-f5b006b16a46', '2024-01-15 10:00:00+00', NULL, 'seller2@company1.fake', '$2b$12$Olv.bEpdCcTxcCvcl7VHb.5F71syKnApGrHa3cFXrh0jp65ygfy2a', 'Amelia', 'Brown', '588993e6-5d17-4f1f-92e2-a256b6c63f94', 'SELLER', 'ACTIVE'),
  ('018d5007-7611-4e3a-89d7-63786e85b8c4', '2024-01-15 10:00:00+00', NULL, 'issuer1@company1.fake', '$2b$12$Olv.bEpdCcTxcCvcl7VHb.5F71syKnApGrHa3cFXrh0jp65ygfy2a', 'George', 'Miller', '588993e6-5d17-4f1f-92e2-a256b6c63f94', 'ISSUER', 'ACTIVE'),
  ('d96105ab-99d9-4ed6-8427-7edbcc264026', '2024-01-15 10:00:00+00', NULL, 'issuer2@company1.fake', '$2b$12$Olv.bEpdCcTxcCvcl7VHb.5F71syKnApGrHa3cFXrh0jp65ygfy2a', 'Charlotte', 'Taylor', '588993e6-5d17-4f1f-92e2-a256b6c63f94', 'ISSUER', 'ACTIVE'),
  ('cd861fbf-93f8-4c2e-aba7-30d20120e77e', '2024-01-15 10:00:00+00', NULL, 'admin1@company2.fake', '$2b$12$Olv.bEpdCcTxcCvcl7VHb.5F71syKnApGrHa3cFXrh0jp65ygfy2a', 'Thomas', 'Jackson', '6ff8d2e2-6244-4019-bc34-39bd9b9b5f88', 'ADMIN', 'ACTIVE'),
  ('087722d4-20d0-4293-9699-c47de84be5ea', '2024-01-15 10:00:00+00', NULL, 'admin2@company2.fake', '$2b$12$Olv.bEpdCcTxcCvcl7VHb.5F71syKnApGrHa3cFXrh0jp65ygfy2a', 'Lily', 'Martin', '6ff8d2e2-6244-4019-bc34-39bd9b9b5f88', 'ADMIN', 'ACTIVE'),
  ('75a93801-aa65-46b1-91b1-3d10ce6082b5', '2024-01-15 10:00:00+00', NULL, 'admin3@company2.fake', '$2b$12$Olv.bEpdCcTxcCvcl7VHb.5F71syKnApGrHa3cFXrh0jp65ygfy2a', 'Edward', 'Martinez', '6ff8d2e2-6244-4019-bc34-39bd9b9b5f88', 'ADMIN', 'ACTIVE'),
  ('8fb4e8ae-1d8d-4287-a659-b579996407a0', '2024-01-15 10:00:00+00', NULL, 'buyer1@company2.fake', '$2b$12$Olv.bEpdCcTxcCvcl7VHb.5F71syKnApGrHa3cFXrh0jp65ygfy2a', 'Grace', 'Rodriguez', '6ff8d2e2-6244-4019-bc34-39bd9b9b5f88', 'BUYER', 'ACTIVE'),
  ('3e2aa9a0-4992-4b81-82d0-cde66ad28586', '2024-01-15 10:00:00+00', NULL, 'buyer2@company2.fake', '$2b$12$Olv.bEpdCcTxcCvcl7VHb.5F71syKnApGrHa3cFXrh0jp65ygfy2a', 'Charles', 'Walker', '6ff8d2e2-6244-4019-bc34-39bd9b9b5f88', 'BUYER', 'ACTIVE'),
  ('1680c3ee-2c1b-4667-a551-f29b6c337a81', '2024-01-15 10:00:00+00', NULL, 'buyer3@company2.fake', '$2b$12$Olv.bEpdCcTxcCvcl7VHb.5F71syKnApGrHa3cFXrh0jp65ygfy2a', 'Hannah', 'Williams', '6ff8d2e2-6244-4019-bc34-39bd9b9b5f88', 'BUYER', 'ACTIVE'),
  ('7c800505-66d8-4275-a019-3b69dfe5f484', '2024-01-15 10:00:00+00', NULL, 'seller1@company2.fake', '$2b$12$Olv.bEpdCcTxcCvcl7VHb.5F71syKnApGrHa3cFXrh0jp65ygfy2a', 'Alexander', 'Davis', '6ff8d2e2-6244-4019-bc34-39bd9b9b5f88', 'SELLER', 'ACTIVE'),
  ('ed9c2b82-3a28-4bfb-be26-0e8bc6e60dd7', '2024-01-15 10:00:00+00', NULL, 'seller2@company2.fake', '$2b$12$Olv.bEpdCcTxcCvcl7VHb.5F71syKnApGrHa3cFXrh0jp65ygfy2a', 'Alice', 'Moore', '6ff8d2e2-6244-4019-bc34-39bd9b9b5f88', 'SELLER', 'ACTIVE'),
  ('d568f8d2-3611-4ad3-8c86-785d7b20b5c6', '2024-01-15 10:00:00+00', NULL, 'issuer1@company2.fake', '$2b$12$Olv.bEpdCcTxcCvcl7VHb.5F71syKnApGrHa3cFXrh0jp65ygfy2a', 'Frederick', 'Thomas', '6ff8d2e2-6244-4019-bc34-39bd9b9b5f88', 'ISSUER', 'ACTIVE'),
  ('97761249-7ac5-4c9b-82ff-bfb6ad86affd', '2024-01-15 10:00:00+00', NULL, 'issuer2@company2.fake', '$2b$12$Olv.bEpdCcTxcCvcl7VHb.5F71syKnApGrHa3cFXrh0jp65ygfy2a', 'Eleanor', 'Harris', '6ff8d2e2-6244-4019-bc34-39bd9b9b5f88', 'ISSUER', 'ACTIVE'),
  ('78f2530e-b981-462e-9a3e-13603632cb77', '2024-01-15 10:00:00+00', NULL, 'admin1@company3.fake', '$2b$12$Olv.bEpdCcTxcCvcl7VHb.5F71syKnApGrHa3cFXrh0jp65ygfy2a', 'Arthur', 'Garcia', '8c01599a-5a96-4e26-aa9e-bcb1ec84816f', 'ADMIN', 'ACTIVE'),
  ('b01ba151-c0bb-475d-81c3-40c8913a3674', '2024-01-15 10:00:00+00', NULL, 'admin2@company3.fake', '$2b$12$Olv.bEpdCcTxcCvcl7VHb.5F71syKnApGrHa3cFXrh0jp65ygfy2a', 'Victoria', 'Clark', '8c01599a-5a96-4e26-aa9e-bcb1ec84816f', 'ADMIN', 'ACTIVE'),
  ('80aaff3e-5d73-4771-9647-af3f9a11ba4b', '2024-01-15 10:00:00+00', NULL, 'admin3@company3.fake', '$2b$12$Olv.bEpdCcTxcCvcl7VHb.5F71syKnApGrHa3cFXrh0jp65ygfy2a', 'Harry', 'Lee', '8c01599a-5a96-4e26-aa9e-bcb1ec84816f', 'ADMIN', 'ACTIVE'),
  ('b935a945-1103-4757-b48b-9e623f599682', '2024-01-15 10:00:00+00', NULL, 'buyer1@company3.fake', '$2b$12$Olv.bEpdCcTxcCvcl7VHb.5F71syKnApGrHa3cFXrh0jp65ygfy2a', 'Elizabeth', 'Johnson', '8c01599a-5a96-4e26-aa9e-bcb1ec84816f', 'BUYER', 'ACTIVE'),
  ('6c0f2df3-97f5-4995-830d-7ffe9bf831f5', '2024-01-15 10:00:00+00', NULL, 'buyer2@company3.fake', '$2b$12$Olv.bEpdCcTxcCvcl7VHb.5F71syKnApGrHa3cFXrh0jp65ygfy2a', 'Oscar', 'Jones', '8c01599a-5a96-4e26-aa9e-bcb1ec84816f', 'BUYER', 'ACTIVE'),
  ('4ac66253-c207-48ba-930c-4084509410dc', '2024-01-15 10:00:00+00', NULL, 'buyer3@company3.fake', '$2b$12$Olv.bEpdCcTxcCvcl7VHb.5F71syKnApGrHa3cFXrh0jp65ygfy2a', 'James', 'Wilson', '8c01599a-5a96-4e26-aa9e-bcb1ec84816f', 'BUYER', 'ACTIVE'),
  ('ef2b73af-d7f5-4b8f-b83a-15df16822e40', '2024-01-15 10:00:00+00', NULL, 'seller1@company3.fake', '$2b$12$Olv.bEpdCcTxcCvcl7VHb.5F71syKnApGrHa3cFXrh0jp65ygfy2a', 'Emma', 'Anderson', '8c01599a-5a96-4e26-aa9e-bcb1ec84816f', 'SELLER', 'ACTIVE'),
  ('f96c6055-5f9f-4d44-b45c-997888f2492b', '2024-01-15 10:00:00+00', NULL, 'seller2@company3.fake', '$2b$12$Olv.bEpdCcTxcCvcl7VHb.5F71syKnApGrHa3cFXrh0jp65ygfy2a', 'Oliver', 'White', '8c01599a-5a96-4e26-aa9e-bcb1ec84816f', 'SELLER', 'ACTIVE'),
  ('69d2cbb7-523b-4ab5-95c1-d30d463a80b2', '2024-01-15 10:00:00+00', NULL, 'issuer1@company3.fake', '$2b$12$Olv.bEpdCcTxcCvcl7VHb.5F71syKnApGrHa3cFXrh0jp65ygfy2a', 'Sophia', 'Thompson', '8c01599a-5a96-4e26-aa9e-bcb1ec84816f', 'ISSUER', 'ACTIVE'),
  ('74bb4d2c-bd0a-443a-8f03-7fc77507c97c', '2024-01-15 10:00:00+00', NULL, 'issuer2@company3.fake', '$2b$12$Olv.bEpdCcTxcCvcl7VHb.5F71syKnApGrHa3cFXrh0jp65ygfy2a', 'William', 'Robinson', '8c01599a-5a96-4e26-aa9e-bcb1ec84816f', 'ISSUER', 'ACTIVE'),
  ('3827289c-ad37-4819-879f-93573c56045c', '2024-01-15 10:00:00+00', NULL, 'admin1@company4.fake', '$2b$12$Olv.bEpdCcTxcCvcl7VHb.5F71syKnApGrHa3cFXrh0jp65ygfy2a', 'Isabella', 'Lewis', '3817158e-ebec-495a-9fe7-c53bacbc09c9', 'ADMIN', 'ACTIVE'),
  ('6aa2b1cd-3597-45e7-9b28-442c13310702', '2024-01-15 10:00:00+00', NULL, 'admin2@company4.fake', '$2b$12$Olv.bEpdCcTxcCvcl7VHb.5F71syKnApGrHa3cFXrh0jp65ygfy2a', 'Henry', 'Smith', '3817158e-ebec-495a-9fe7-c53bacbc09c9', 'ADMIN', 'ACTIVE'),
  ('5ad30646-1bd4-4416-95d1-ed65631c488e', '2024-01-15 10:00:00+00', NULL, 'admin3@company4.fake', '$2b$12$Olv.bEpdCcTxcCvcl7VHb.5F71syKnApGrHa3cFXrh0jp65ygfy2a', 'Amelia', 'Brown', '3817158e-ebec-495a-9fe7-c53bacbc09c9', 'ADMIN', 'ACTIVE'),
  ('01fae744-8b7f-4914-bb5e-b89e3cf98fdb', '2024-01-15 10:00:00+00', NULL, 'buyer1@company4.fake', '$2b$12$Olv.bEpdCcTxcCvcl7VHb.5F71syKnApGrHa3cFXrh0jp65ygfy2a', 'George', 'Miller', '3817158e-ebec-495a-9fe7-c53bacbc09c9', 'BUYER', 'ACTIVE'),
  ('9f3a0f3e-cf41-4583-b95b-e1c0e199385a', '2024-01-15 10:00:00+00', NULL, 'buyer2@company4.fake', '$2b$12$Olv.bEpdCcTxcCvcl7VHb.5F71syKnApGrHa3cFXrh0jp65ygfy2a', 'Charlotte', 'Taylor', '3817158e-ebec-495a-9fe7-c53bacbc09c9', 'BUYER', 'ACTIVE'),
  ('2772890e-d269-4bd1-b210-d7337da7aa04', '2024-01-15 10:00:00+00', NULL, 'buyer3@company4.fake', '$2b$12$Olv.bEpdCcTxcCvcl7VHb.5F71syKnApGrHa3cFXrh0jp65ygfy2a', 'Thomas', 'Jackson', '3817158e-ebec-495a-9fe7-c53bacbc09c9', 'BUYER', 'ACTIVE'),
  ('1756ea9d-5d0b-46b9-8026-a1263663ade0', '2024-01-15 10:00:00+00', NULL, 'seller1@company4.fake', '$2b$12$Olv.bEpdCcTxcCvcl7VHb.5F71syKnApGrHa3cFXrh0jp65ygfy2a', 'Lily', 'Martin', '3817158e-ebec-495a-9fe7-c53bacbc09c9', 'SELLER', 'ACTIVE'),
  ('986045ee-5b05-44c7-9d21-ff6703dc0b56', '2024-01-15 10:00:00+00', NULL, 'seller2@company4.fake', '$2b$12$Olv.bEpdCcTxcCvcl7VHb.5F71syKnApGrHa3cFXrh0jp65ygfy2a', 'Edward', 'Martinez', '3817158e-ebec-495a-9fe7-c53bacbc09c9', 'SELLER', 'ACTIVE'),
  ('c4f8efa7-755d-4ecc-be92-4eca178fedf6', '2024-01-15 10:00:00+00', NULL, 'issuer1@company4.fake', '$2b$12$Olv.bEpdCcTxcCvcl7VHb.5F71syKnApGrHa3cFXrh0jp65ygfy2a', 'Grace', 'Rodriguez', '3817158e-ebec-495a-9fe7-c53bacbc09c9', 'ISSUER', 'ACTIVE'),
  ('8a7f9bbd-6789-4cc2-bbea-030a4abab8ac', '2024-01-15 10:00:00+00', NULL, 'issuer2@company4.fake', '$2b$12$Olv.bEpdCcTxcCvcl7VHb.5F71syKnApGrHa3cFXrh0jp65ygfy2a', 'Charles', 'Walker', '3817158e-ebec-495a-9fe7-c53bacbc09c9', 'ISSUER', 'ACTIVE'),
  ('dfa09969-46ea-4a64-a572-8f30bacf2305', '2024-01-15 10:00:00+00', NULL, 'admin1@company5.fake', '$2b$12$Olv.bEpdCcTxcCvcl7VHb.5F71syKnApGrHa3cFXrh0jp65ygfy2a', 'Hannah', 'Williams', 'c2af7004-c888-4620-ada4-5a9f37cd8356', 'ADMIN', 'ACTIVE'),
  ('1185595f-1292-4e8a-9840-a0412da12977', '2024-01-15 10:00:00+00', NULL, 'admin2@company5.fake', '$2b$12$Olv.bEpdCcTxcCvcl7VHb.5F71syKnApGrHa3cFXrh0jp65ygfy2a', 'Alexander', 'Davis', 'c2af7004-c888-4620-ada4-5a9f37cd8356', 'ADMIN', 'ACTIVE'),
  ('b7a6c4b0-6152-4bd1-8db5-c284d3e0921b', '2024-01-15 10:00:00+00', NULL, 'admin3@company5.fake', '$2b$12$Olv.bEpdCcTxcCvcl7VHb.5F71syKnApGrHa3cFXrh0jp65ygfy2a', 'Alice', 'Moore', 'c2af7004-c888-4620-ada4-5a9f37cd8356', 'ADMIN', 'ACTIVE'),
  ('e6b86eea-1fa2-4b36-8c22-34900ea3b4e5', '2024-01-15 10:00:00+00', NULL, 'buyer1@company5.fake', '$2b$12$Olv.bEpdCcTxcCvcl7VHb.5F71syKnApGrHa3cFXrh0jp65ygfy2a', 'Frederick', 'Thomas', 'c2af7004-c888-4620-ada4-5a9f37cd8356', 'BUYER', 'ACTIVE'),
  ('79286410-f62e-4fe8-8675-9e6a47dd4962', '2024-01-15 10:00:00+00', NULL, 'buyer2@company5.fake', '$2b$12$Olv.bEpdCcTxcCvcl7VHb.5F71syKnApGrHa3cFXrh0jp65ygfy2a', 'Eleanor', 'Harris', 'c2af7004-c888-4620-ada4-5a9f37cd8356', 'BUYER', 'ACTIVE'),
  ('07eb6b28-5229-4e53-8f84-a982fa276a0c', '2024-01-15 10:00:00+00', NULL, 'buyer3@company5.fake', '$2b$12$Olv.bEpdCcTxcCvcl7VHb.5F71syKnApGrHa3cFXrh0jp65ygfy2a', 'Arthur', 'Garcia', 'c2af7004-c888-4620-ada4-5a9f37cd8356', 'BUYER', 'ACTIVE'),
  ('7cb16a94-479a-4405-b4a7-686727f2c47f', '2024-01-15 10:00:00+00', NULL, 'seller1@company5.fake', '$2b$12$Olv.bEpdCcTxcCvcl7VHb.5F71syKnApGrHa3cFXrh0jp65ygfy2a', 'Victoria', 'Clark', 'c2af7004-c888-4620-ada4-5a9f37cd8356', 'SELLER', 'ACTIVE'),
  ('fc28fdb7-9e99-4099-900c-efa551a2f5f1', '2024-01-15 10:00:00+00', NULL, 'seller2@company5.fake', '$2b$12$Olv.bEpdCcTxcCvcl7VHb.5F71syKnApGrHa3cFXrh0jp65ygfy2a', 'Harry', 'Lee', 'c2af7004-c888-4620-ada4-5a9f37cd8356', 'SELLER', 'ACTIVE'),
  ('11224970-427c-41ab-86a0-53a119ae8e26', '2024-01-15 10:00:00+00', NULL, 'issuer1@company5.fake', '$2b$12$Olv.bEpdCcTxcCvcl7VHb.5F71syKnApGrHa3cFXrh0jp65ygfy2a', 'Elizabeth', 'Johnson', 'c2af7004-c888-4620-ada4-5a9f37cd8356', 'ISSUER', 'ACTIVE'),
  ('20b1d714-0813-4ea4-b52d-f12d0e207020', '2024-01-15 10:00:00+00', NULL, 'issuer2@company5.fake', '$2b$12$Olv.bEpdCcTxcCvcl7VHb.5F71syKnApGrHa3cFXrh0jp65ygfy2a', 'Oscar', 'Jones', 'c2af7004-c888-4620-ada4-5a9f37cd8356', 'ISSUER', 'ACTIVE'),
  ('ee54f565-23b5-4407-97b3-d62d8cd68301', '2024-01-15 10:00:00+00', NULL, 'admin1@company6.fake', '$2b$12$Olv.bEpdCcTxcCvcl7VHb.5F71syKnApGrHa3cFXrh0jp65ygfy2a', 'James', 'Wilson', '60e569c5-be9a-4f28-b8ef-45ae1269c972', 'ADMIN', 'ACTIVE'),
  ('2c9bcb7e-5b25-48ba-a0c5-1274102b1be4', '2024-01-15 10:00:00+00', NULL, 'admin2@company6.fake', '$2b$12$Olv.bEpdCcTxcCvcl7VHb.5F71syKnApGrHa3cFXrh0jp65ygfy2a', 'Emma', 'Anderson', '60e569c5-be9a-4f28-b8ef-45ae1269c972', 'ADMIN', 'ACTIVE'),
  ('d05eb951-2c68-4d7e-a8a5-cd12833c6780', '2024-01-15 10:00:00+00', NULL, 'admin3@company6.fake', '$2b$12$Olv.bEpdCcTxcCvcl7VHb.5F71syKnApGrHa3cFXrh0jp65ygfy2a', 'Oliver', 'White', '60e569c5-be9a-4f28-b8ef-45ae1269c972', 'ADMIN', 'ACTIVE'),
  ('a8429627-661e-4a8d-bf5d-fca076eff6c1', '2024-01-15 10:00:00+00', NULL, 'buyer1@company6.fake', '$2b$12$Olv.bEpdCcTxcCvcl7VHb.5F71syKnApGrHa3cFXrh0jp65ygfy2a', 'Sophia', 'Thompson', '60e569c5-be9a-4f28-b8ef-45ae1269c972', 'BUYER', 'ACTIVE'),
  ('7616f154-0c90-4e6d-af57-27a02c13351f', '2024-01-15 10:00:00+00', NULL, 'buyer2@company6.fake', '$2b$12$Olv.bEpdCcTxcCvcl7VHb.5F71syKnApGrHa3cFXrh0jp65ygfy2a', 'William', 'Robinson', '60e569c5-be9a-4f28-b8ef-45ae1269c972', 'BUYER', 'ACTIVE'),
  ('fa916eae-2cfe-4ed7-9999-7f180b7114c5', '2024-01-15 10:00:00+00', NULL, 'buyer3@company6.fake', '$2b$12$Olv.bEpdCcTxcCvcl7VHb.5F71syKnApGrHa3cFXrh0jp65ygfy2a', 'Isabella', 'Lewis', '60e569c5-be9a-4f28-b8ef-45ae1269c972', 'BUYER', 'ACTIVE'),
  ('84d68521-040e-4d1e-9364-f0f77fc3d10d', '2024-01-15 10:00:00+00', NULL, 'seller1@company6.fake', '$2b$12$Olv.bEpdCcTxcCvcl7VHb.5F71syKnApGrHa3cFXrh0jp65ygfy2a', 'Henry', 'Smith', '60e569c5-be9a-4f28-b8ef-45ae1269c972', 'SELLER', 'ACTIVE'),
  ('0df8251a-95ad-414f-9a7d-91cac13d7ad2', '2024-01-15 10:00:00+00', NULL, 'seller2@company6.fake', '$2b$12$Olv.bEpdCcTxcCvcl7VHb.5F71syKnApGrHa3cFXrh0jp65ygfy2a', 'Amelia', 'Brown', '60e569c5-be9a-4f28-b8ef-45ae1269c972', 'SELLER', 'ACTIVE'),
  ('69cd964f-22ff-4d2d-9ff3-a077d163a419', '2024-01-15 10:00:00+00', NULL, 'issuer1@company6.fake', '$2b$12$Olv.bEpdCcTxcCvcl7VHb.5F71syKnApGrHa3cFXrh0jp65ygfy2a', 'George', 'Miller', '60e569c5-be9a-4f28-b8ef-45ae1269c972', 'ISSUER', 'ACTIVE'),
  ('ee634734-f68f-4549-b8b7-5abe64dd90e9', '2024-01-15 10:00:00+00', NULL, 'issuer2@company6.fake', '$2b$12$Olv.bEpdCcTxcCvcl7VHb.5F71syKnApGrHa3cFXrh0jp65ygfy2a', 'Charlotte', 'Taylor', '60e569c5-be9a-4f28-b8ef-45ae1269c972', 'ISSUER', 'ACTIVE'),
  ('f961704d-8081-496d-b1e5-c539e2a6afdc', '2024-01-15 10:00:00+00', NULL, 'admin1@company7.fake', '$2b$12$Olv.bEpdCcTxcCvcl7VHb.5F71syKnApGrHa3cFXrh0jp65ygfy2a', 'Thomas', 'Jackson', 'b8e22350-b981-47aa-b687-5d716bd3bee9', 'ADMIN', 'ACTIVE'),
  ('561a6643-d581-47e7-a3a9-c767e03e3416', '2024-01-15 10:00:00+00', NULL, 'admin2@company7.fake', '$2b$12$Olv.bEpdCcTxcCvcl7VHb.5F71syKnApGrHa3cFXrh0jp65ygfy2a', 'Lily', 'Martin', 'b8e22350-b981-47aa-b687-5d716bd3bee9', 'ADMIN', 'ACTIVE'),
  ('609f2d92-236e-40dc-a9ae-9c91195c87e1', '2024-01-15 10:00:00+00', NULL, 'admin3@company7.fake', '$2b$12$Olv.bEpdCcTxcCvcl7VHb.5F71syKnApGrHa3cFXrh0jp65ygfy2a', 'Edward', 'Martinez', 'b8e22350-b981-47aa-b687-5d716bd3bee9', 'ADMIN', 'ACTIVE'),
  ('c4217144-1aef-4ccb-95e5-ff70ff88c25f', '2024-01-15 10:00:00+00', NULL, 'buyer1@company7.fake', '$2b$12$Olv.bEpdCcTxcCvcl7VHb.5F71syKnApGrHa3cFXrh0jp65ygfy2a', 'Grace', 'Rodriguez', 'b8e22350-b981-47aa-b687-5d716bd3bee9', 'BUYER', 'ACTIVE'),
  ('2c8ff322-319f-4577-9921-8b30c5649169', '2024-01-15 10:00:00+00', NULL, 'buyer2@company7.fake', '$2b$12$Olv.bEpdCcTxcCvcl7VHb.5F71syKnApGrHa3cFXrh0jp65ygfy2a', 'Charles', 'Walker', 'b8e22350-b981-47aa-b687-5d716bd3bee9', 'BUYER', 'ACTIVE'),
  ('1964c318-2494-4f71-9e83-1d8ecff0e481', '2024-01-15 10:00:00+00', NULL, 'buyer3@company7.fake', '$2b$12$Olv.bEpdCcTxcCvcl7VHb.5F71syKnApGrHa3cFXrh0jp65ygfy2a', 'Hannah', 'Williams', 'b8e22350-b981-47aa-b687-5d716bd3bee9', 'BUYER', 'ACTIVE'),
  ('ffed17bc-5ffa-4c09-a963-48a03e4772e2', '2024-01-15 10:00:00+00', NULL, 'seller1@company7.fake', '$2b$12$Olv.bEpdCcTxcCvcl7VHb.5F71syKnApGrHa3cFXrh0jp65ygfy2a', 'Alexander', 'Davis', 'b8e22350-b981-47aa-b687-5d716bd3bee9', 'SELLER', 'ACTIVE'),
  ('d65bc775-dfd8-4680-a6c4-b076c793521d', '2024-01-15 10:00:00+00', NULL, 'seller2@company7.fake', '$2b$12$Olv.bEpdCcTxcCvcl7VHb.5F71syKnApGrHa3cFXrh0jp65ygfy2a', 'Alice', 'Moore', 'b8e22350-b981-47aa-b687-5d716bd3bee9', 'SELLER', 'ACTIVE'),
  ('978a76ff-1123-4ad3-ae61-5cde9739861e', '2024-01-15 10:00:00+00', NULL, 'issuer1@company7.fake', '$2b$12$Olv.bEpdCcTxcCvcl7VHb.5F71syKnApGrHa3cFXrh0jp65ygfy2a', 'Frederick', 'Thomas', 'b8e22350-b981-47aa-b687-5d716bd3bee9', 'ISSUER', 'ACTIVE'),
  ('dad2debe-b139-4863-ace3-651bcc36bb7e', '2024-01-15 10:00:00+00', NULL, 'issuer2@company7.fake', '$2b$12$Olv.bEpdCcTxcCvcl7VHb.5F71syKnApGrHa3cFXrh0jp65ygfy2a', 'Eleanor', 'Harris', 'b8e22350-b981-47aa-b687-5d716bd3bee9', 'ISSUER', 'ACTIVE'),
  ('73a975cb-e787-4862-a871-9da0b8fa7df9', '2024-01-15 10:00:00+00', NULL, 'admin1@company8.fake', '$2b$12$Olv.bEpdCcTxcCvcl7VHb.5F71syKnApGrHa3cFXrh0jp65ygfy2a', 'Arthur', 'Garcia', '4996c730-5ff9-4726-a4d1-c8ec0e96d867', 'ADMIN', 'ACTIVE'),
  ('e41e932d-22b9-44e8-9bc9-0bdeddb09448', '2024-01-15 10:00:00+00', NULL, 'admin2@company8.fake', '$2b$12$Olv.bEpdCcTxcCvcl7VHb.5F71syKnApGrHa3cFXrh0jp65ygfy2a', 'Victoria', 'Clark', '4996c730-5ff9-4726-a4d1-c8ec0e96d867', 'ADMIN', 'ACTIVE'),
  ('6669d9ed-3b8c-4589-86d7-7c08b1ef52f6', '2024-01-15 10:00:00+00', NULL, 'admin3@company8.fake', '$2b$12$Olv.bEpdCcTxcCvcl7VHb.5F71syKnApGrHa3cFXrh0jp65ygfy2a', 'Harry', 'Lee', '4996c730-5ff9-4726-a4d1-c8ec0e96d867', 'ADMIN', 'ACTIVE'),
  ('6f9d6f1f-3ddd-4ec7-94da-5f7d1e8d2660', '2024-01-15 10:00:00+00', NULL, 'buyer1@company8.fake', '$2b$12$Olv.bEpdCcTxcCvcl7VHb.5F71syKnApGrHa3cFXrh0jp65ygfy2a', 'Elizabeth', 'Johnson', '4996c730-5ff9-4726-a4d1-c8ec0e96d867', 'BUYER', 'ACTIVE'),
  ('5d31132f-a2bc-44e0-9a0c-7f6c69ff02bd', '2024-01-15 10:00:00+00', NULL, 'buyer2@company8.fake', '$2b$12$Olv.bEpdCcTxcCvcl7VHb.5F71syKnApGrHa3cFXrh0jp65ygfy2a', 'Oscar', 'Jones', '4996c730-5ff9-4726-a4d1-c8ec0e96d867', 'BUYER', 'ACTIVE'),
  ('8210cd5d-0e3a-4079-a25f-26940296b799', '2024-01-15 10:00:00+00', NULL, 'buyer3@company8.fake', '$2b$12$Olv.bEpdCcTxcCvcl7VHb.5F71syKnApGrHa3cFXrh0jp65ygfy2a', 'James', 'Wilson', '4996c730-5ff9-4726-a4d1-c8ec0e96d867', 'BUYER', 'ACTIVE'),
  ('79ea5904-8e79-4f8d-b3de-dec8b49edccd', '2024-01-15 10:00:00+00', NULL, 'seller1@company8.fake', '$2b$12$Olv.bEpdCcTxcCvcl7VHb.5F71syKnApGrHa3cFXrh0jp65ygfy2a', 'Emma', 'Anderson', '4996c730-5ff9-4726-a4d1-c8ec0e96d867', 'SELLER', 'ACTIVE'),
  ('ef10bdd9-8216-4ad1-8ab7-1eece939fccc', '2024-01-15 10:00:00+00', NULL, 'seller2@company8.fake', '$2b$12$Olv.bEpdCcTxcCvcl7VHb.5F71syKnApGrHa3cFXrh0jp65ygfy2a', 'Oliver', 'White', '4996c730-5ff9-4726-a4d1-c8ec0e96d867', 'SELLER', 'ACTIVE'),
  ('3ce219ac-dabe-491d-9180-4596263183f8', '2024-01-15 10:00:00+00', NULL, 'issuer1@company8.fake', '$2b$12$Olv.bEpdCcTxcCvcl7VHb.5F71syKnApGrHa3cFXrh0jp65ygfy2a', 'Sophia', 'Thompson', '4996c730-5ff9-4726-a4d1-c8ec0e96d867', 'ISSUER', 'ACTIVE'),
  ('0aef8c0a-133b-426d-945f-640700cfc323', '2024-01-15 10:00:00+00', NULL, 'issuer2@company8.fake', '$2b$12$Olv.bEpdCcTxcCvcl7VHb.5F71syKnApGrHa3cFXrh0jp65ygfy2a', 'William', 'Robinson', '4996c730-5ff9-4726-a4d1-c8ec0e96d867', 'ISSUER', 'ACTIVE'),
  ('52cd871a-0af3-41d0-b611-737459a7fdf0', '2024-01-15 10:00:00+00', NULL, 'admin1@company9.fake', '$2b$12$Olv.bEpdCcTxcCvcl7VHb.5F71syKnApGrHa3cFXrh0jp65ygfy2a', 'Isabella', 'Lewis', '3915a226-2d4e-41d2-9e8b-29af03e6c5ed', 'ADMIN', 'ACTIVE'),
  ('f70df855-67c9-4e56-bb1d-a42d62463e9f', '2024-01-15 10:00:00+00', NULL, 'admin2@company9.fake', '$2b$12$Olv.bEpdCcTxcCvcl7VHb.5F71syKnApGrHa3cFXrh0jp65ygfy2a', 'Henry', 'Smith', '3915a226-2d4e-41d2-9e8b-29af03e6c5ed', 'ADMIN', 'ACTIVE'),
  ('d03f19df-8e54-496e-a8ac-387df0f56858', '2024-01-15 10:00:00+00', NULL, 'admin3@company9.fake', '$2b$12$Olv.bEpdCcTxcCvcl7VHb.5F71syKnApGrHa3cFXrh0jp65ygfy2a', 'Amelia', 'Brown', '3915a226-2d4e-41d2-9e8b-29af03e6c5ed', 'ADMIN', 'ACTIVE'),
  ('a92d4857-25bc-437e-96fa-d6d1a41a1812', '2024-01-15 10:00:00+00', NULL, 'buyer1@company9.fake', '$2b$12$Olv.bEpdCcTxcCvcl7VHb.5F71syKnApGrHa3cFXrh0jp65ygfy2a', 'George', 'Miller', '3915a226-2d4e-41d2-9e8b-29af03e6c5ed', 'BUYER', 'ACTIVE'),
  ('184132d4-ed19-4bdb-a1e1-4942ab6934b9', '2024-01-15 10:00:00+00', NULL, 'buyer2@company9.fake', '$2b$12$Olv.bEpdCcTxcCvcl7VHb.5F71syKnApGrHa3cFXrh0jp65ygfy2a', 'Charlotte', 'Taylor', '3915a226-2d4e-41d2-9e8b-29af03e6c5ed', 'BUYER', 'ACTIVE'),
  ('f3814b35-a136-421a-b68f-35400e007196', '2024-01-15 10:00:00+00', NULL, 'buyer3@company9.fake', '$2b$12$Olv.bEpdCcTxcCvcl7VHb.5F71syKnApGrHa3cFXrh0jp65ygfy2a', 'Thomas', 'Jackson', '3915a226-2d4e-41d2-9e8b-29af03e6c5ed', 'BUYER', 'ACTIVE'),
  ('683193ce-5b5c-4841-82ca-54eae3ac8ec3', '2024-01-15 10:00:00+00', NULL, 'seller1@company9.fake', '$2b$12$Olv.bEpdCcTxcCvcl7VHb.5F71syKnApGrHa3cFXrh0jp65ygfy2a', 'Lily', 'Martin', '3915a226-2d4e-41d2-9e8b-29af03e6c5ed', 'SELLER', 'ACTIVE'),
  ('c22bc7a5-eb1c-499f-96a9-78f6d5250989', '2024-01-15 10:00:00+00', NULL, 'seller2@company9.fake', '$2b$12$Olv.bEpdCcTxcCvcl7VHb.5F71syKnApGrHa3cFXrh0jp65ygfy2a', 'Edward', 'Martinez', '3915a226-2d4e-41d2-9e8b-29af03e6c5ed', 'SELLER', 'ACTIVE'),
  ('cf3f81cf-fedb-4ff6-89d6-86c85f1dce6f', '2024-01-15 10:00:00+00', NULL, 'issuer1@company9.fake', '$2b$12$Olv.bEpdCcTxcCvcl7VHb.5F71syKnApGrHa3cFXrh0jp65ygfy2a', 'Grace', 'Rodriguez', '3915a226-2d4e-41d2-9e8b-29af03e6c5ed', 'ISSUER', 'ACTIVE'),
  ('758c53f5-afad-4a17-8922-7ed51dfd9027', '2024-01-15 10:00:00+00', NULL, 'issuer2@company9.fake', '$2b$12$Olv.bEpdCcTxcCvcl7VHb.5F71syKnApGrHa3cFXrh0jp65ygfy2a', 'Charles', 'Walker', '3915a226-2d4e-41d2-9e8b-29af03e6c5ed', 'ISSUER', 'ACTIVE'),
  ('d1b50560-7102-4920-8b15-7b7d4fb330a4', '2024-01-15 10:00:00+00', NULL, 'admin1@company10.fake', '$2b$12$Olv.bEpdCcTxcCvcl7VHb.5F71syKnApGrHa3cFXrh0jp65ygfy2a', 'Hannah', 'Williams', 'fe04ab7f-34ef-49a7-b094-a5b1f7416279', 'ADMIN', 'ACTIVE'),
  ('d995ba80-4ae2-4f64-92dd-23a274769883', '2024-01-15 10:00:00+00', NULL, 'admin2@company10.fake', '$2b$12$Olv.bEpdCcTxcCvcl7VHb.5F71syKnApGrHa3cFXrh0jp65ygfy2a', 'Alexander', 'Davis', 'fe04ab7f-34ef-49a7-b094-a5b1f7416279', 'ADMIN', 'ACTIVE'),
  ('53b6d397-e80c-4714-a7a3-f19ebdad32c8', '2024-01-15 10:00:00+00', NULL, 'admin3@company10.fake', '$2b$12$Olv.bEpdCcTxcCvcl7VHb.5F71syKnApGrHa3cFXrh0jp65ygfy2a', 'Alice', 'Moore', 'fe04ab7f-34ef-49a7-b094-a5b1f7416279', 'ADMIN', 'ACTIVE'),
  ('58b6a732-aefa-42e1-87d3-d3288279fa17', '2024-01-15 10:00:00+00', NULL, 'buyer1@company10.fake', '$2b$12$Olv.bEpdCcTxcCvcl7VHb.5F71syKnApGrHa3cFXrh0jp65ygfy2a', 'Frederick', 'Thomas', 'fe04ab7f-34ef-49a7-b094-a5b1f7416279', 'BUYER', 'ACTIVE'),
  ('c9f30299-620b-44cc-a92c-2db173ec2ea5', '2024-01-15 10:00:00+00', NULL, 'buyer2@company10.fake', '$2b$12$Olv.bEpdCcTxcCvcl7VHb.5F71syKnApGrHa3cFXrh0jp65ygfy2a', 'Eleanor', 'Harris', 'fe04ab7f-34ef-49a7-b094-a5b1f7416279', 'BUYER', 'ACTIVE'),
  ('1d8ad16f-4328-4352-b6fa-1dd0bd1856e1', '2024-01-15 10:00:00+00', NULL, 'buyer3@company10.fake', '$2b$12$Olv.bEpdCcTxcCvcl7VHb.5F71syKnApGrHa3cFXrh0jp65ygfy2a', 'Arthur', 'Garcia', 'fe04ab7f-34ef-49a7-b094-a5b1f7416279', 'BUYER', 'ACTIVE'),
  ('73e076ac-7f1d-4b60-8af0-e1225f886d97', '2024-01-15 10:00:00+00', NULL, 'seller1@company10.fake', '$2b$12$Olv.bEpdCcTxcCvcl7VHb.5F71syKnApGrHa3cFXrh0jp65ygfy2a', 'Victoria', 'Clark', 'fe04ab7f-34ef-49a7-b094-a5b1f7416279', 'SELLER', 'ACTIVE'),
  ('814de77e-e90f-47aa-96b9-c346154b1ca4', '2024-01-15 10:00:00+00', NULL, 'seller2@company10.fake', '$2b$12$Olv.bEpdCcTxcCvcl7VHb.5F71syKnApGrHa3cFXrh0jp65ygfy2a', 'Harry', 'Lee', 'fe04ab7f-34ef-49a7-b094-a5b1f7416279', 'SELLER', 'ACTIVE'),
  ('755fa3b0-8477-4f43-ba96-542da4b45a90', '2024-01-15 10:00:00+00', NULL, 'issuer1@company10.fake', '$2b$12$Olv.bEpdCcTxcCvcl7VHb.5F71syKnApGrHa3cFXrh0jp65ygfy2a', 'Elizabeth', 'Johnson', 'fe04ab7f-34ef-49a7-b094-a5b1f7416279', 'ISSUER', 'ACTIVE'),
  ('afd1a69a-ba34-44d6-b9f5-c604b1327202', '2024-01-15 10:00:00+00', NULL, 'issuer2@company10.fake', '$2b$12$Olv.bEpdCcTxcCvcl7VHb.5F71syKnApGrHa3cFXrh0jp65ygfy2a', 'Oscar', 'Jones', 'fe04ab7f-34ef-49a7-b094-a5b1f7416279', 'ISSUER', 'ACTIVE'),
  ('bf5b0ac6-e324-4efb-a7dc-ac77e9ddeb3e', '2024-01-15 10:00:00+00', NULL, 'admin1@company11.fake', '$2b$12$Olv.bEpdCcTxcCvcl7VHb.5F71syKnApGrHa3cFXrh0jp65ygfy2a', 'James', 'Wilson', 'f2ff1981-6625-433b-ad6f-3877d761070a', 'ADMIN', 'ACTIVE'),
  ('6cbedcbd-28b7-48e6-894d-30ed877643d5', '2024-01-15 10:00:00+00', NULL, 'admin2@company11.fake', '$2b$12$Olv.bEpdCcTxcCvcl7VHb.5F71syKnApGrHa3cFXrh0jp65ygfy2a', 'Emma', 'Anderson', 'f2ff1981-6625-433b-ad6f-3877d761070a', 'ADMIN', 'ACTIVE'),
  ('d7454e25-7a1b-4047-8799-ff098ed8fd06', '2024-01-15 10:00:00+00', NULL, 'admin3@company11.fake', '$2b$12$Olv.bEpdCcTxcCvcl7VHb.5F71syKnApGrHa3cFXrh0jp65ygfy2a', 'Oliver', 'White', 'f2ff1981-6625-433b-ad6f-3877d761070a', 'ADMIN', 'ACTIVE'),
  ('dff881be-a85d-4bfa-8934-a1799be3f04f', '2024-01-15 10:00:00+00', NULL, 'buyer1@company11.fake', '$2b$12$Olv.bEpdCcTxcCvcl7VHb.5F71syKnApGrHa3cFXrh0jp65ygfy2a', 'Sophia', 'Thompson', 'f2ff1981-6625-433b-ad6f-3877d761070a', 'BUYER', 'ACTIVE'),
  ('5a3ca964-6786-4d61-978d-3778c6e3c2a3', '2024-01-15 10:00:00+00', NULL, 'buyer2@company11.fake', '$2b$12$Olv.bEpdCcTxcCvcl7VHb.5F71syKnApGrHa3cFXrh0jp65ygfy2a', 'William', 'Robinson', 'f2ff1981-6625-433b-ad6f-3877d761070a', 'BUYER', 'ACTIVE'),
  ('f06d01a9-f2df-4384-8be2-2eadae2b8d5e', '2024-01-15 10:00:00+00', NULL, 'buyer3@company11.fake', '$2b$12$Olv.bEpdCcTxcCvcl7VHb.5F71syKnApGrHa3cFXrh0jp65ygfy2a', 'Isabella', 'Lewis', 'f2ff1981-6625-433b-ad6f-3877d761070a', 'BUYER', 'ACTIVE'),
  ('b1bda072-af2b-417f-9073-648946100060', '2024-01-15 10:00:00+00', NULL, 'seller1@company11.fake', '$2b$12$Olv.bEpdCcTxcCvcl7VHb.5F71syKnApGrHa3cFXrh0jp65ygfy2a', 'Henry', 'Smith', 'f2ff1981-6625-433b-ad6f-3877d761070a', 'SELLER', 'ACTIVE'),
  ('3c986f38-c42e-4931-b3a9-ca65f6070931', '2024-01-15 10:00:00+00', NULL, 'seller2@company11.fake', '$2b$12$Olv.bEpdCcTxcCvcl7VHb.5F71syKnApGrHa3cFXrh0jp65ygfy2a', 'Amelia', 'Brown', 'f2ff1981-6625-433b-ad6f-3877d761070a', 'SELLER', 'ACTIVE'),
  ('ebaf30a0-33fa-4532-8d4e-d9459c5b1715', '2024-01-15 10:00:00+00', NULL, 'issuer1@company11.fake', '$2b$12$Olv.bEpdCcTxcCvcl7VHb.5F71syKnApGrHa3cFXrh0jp65ygfy2a', 'George', 'Miller', 'f2ff1981-6625-433b-ad6f-3877d761070a', 'ISSUER', 'ACTIVE'),
  ('7bf06a91-c67a-4811-99bd-cf24d681a964', '2024-01-15 10:00:00+00', NULL, 'issuer2@company11.fake', '$2b$12$Olv.bEpdCcTxcCvcl7VHb.5F71syKnApGrHa3cFXrh0jp65ygfy2a', 'Charlotte', 'Taylor', 'f2ff1981-6625-433b-ad6f-3877d761070a', 'ISSUER', 'ACTIVE'),
  ('4790324c-3742-4b7a-aaf5-3b9391747f89', '2024-01-15 10:00:00+00', NULL, 'admin1@company12.fake', '$2b$12$Olv.bEpdCcTxcCvcl7VHb.5F71syKnApGrHa3cFXrh0jp65ygfy2a', 'Thomas', 'Jackson', 'b0e6362f-ab7a-4388-b2c4-2f19cccac08d', 'ADMIN', 'ACTIVE'),
  ('286a0936-d7f2-4c9f-bae6-46e92af63fd2', '2024-01-15 10:00:00+00', NULL, 'admin2@company12.fake', '$2b$12$Olv.bEpdCcTxcCvcl7VHb.5F71syKnApGrHa3cFXrh0jp65ygfy2a', 'Lily', 'Martin', 'b0e6362f-ab7a-4388-b2c4-2f19cccac08d', 'ADMIN', 'ACTIVE'),
  ('34817ca6-ed69-4abd-95dd-b7f71b415a89', '2024-01-15 10:00:00+00', NULL, 'admin3@company12.fake', '$2b$12$Olv.bEpdCcTxcCvcl7VHb.5F71syKnApGrHa3cFXrh0jp65ygfy2a', 'Edward', 'Martinez', 'b0e6362f-ab7a-4388-b2c4-2f19cccac08d', 'ADMIN', 'ACTIVE'),
  ('606dadee-8196-4112-845a-2b42c431bf12', '2024-01-15 10:00:00+00', NULL, 'buyer1@company12.fake', '$2b$12$Olv.bEpdCcTxcCvcl7VHb.5F71syKnApGrHa3cFXrh0jp65ygfy2a', 'Grace', 'Rodriguez', 'b0e6362f-ab7a-4388-b2c4-2f19cccac08d', 'BUYER', 'ACTIVE'),
  ('8e5caff7-5a40-443d-9f17-2518429bc70a', '2024-01-15 10:00:00+00', NULL, 'buyer2@company12.fake', '$2b$12$Olv.bEpdCcTxcCvcl7VHb.5F71syKnApGrHa3cFXrh0jp65ygfy2a', 'Charles', 'Walker', 'b0e6362f-ab7a-4388-b2c4-2f19cccac08d', 'BUYER', 'ACTIVE'),
  ('e046e1c4-bf92-4f6d-ba7d-ea4bf9ddfeef', '2024-01-15 10:00:00+00', NULL, 'buyer3@company12.fake', '$2b$12$Olv.bEpdCcTxcCvcl7VHb.5F71syKnApGrHa3cFXrh0jp65ygfy2a', 'Hannah', 'Williams', 'b0e6362f-ab7a-4388-b2c4-2f19cccac08d', 'BUYER', 'ACTIVE'),
  ('ce1e0f55-c96c-4563-8cb9-50bcd3d1ef42', '2024-01-15 10:00:00+00', NULL, 'seller1@company12.fake', '$2b$12$Olv.bEpdCcTxcCvcl7VHb.5F71syKnApGrHa3cFXrh0jp65ygfy2a', 'Alexander', 'Davis', 'b0e6362f-ab7a-4388-b2c4-2f19cccac08d', 'SELLER', 'ACTIVE'),
  ('1d2c9f61-6a3b-4c7e-9788-48578c851b52', '2024-01-15 10:00:00+00', NULL, 'seller2@company12.fake', '$2b$12$Olv.bEpdCcTxcCvcl7VHb.5F71syKnApGrHa3cFXrh0jp65ygfy2a', 'Alice', 'Moore', 'b0e6362f-ab7a-4388-b2c4-2f19cccac08d', 'SELLER', 'ACTIVE'),
  ('6b4c5a9e-e73a-4a4f-a44c-d627e2d8ae45', '2024-01-15 10:00:00+00', NULL, 'issuer1@company12.fake', '$2b$12$Olv.bEpdCcTxcCvcl7VHb.5F71syKnApGrHa3cFXrh0jp65ygfy2a', 'Frederick', 'Thomas', 'b0e6362f-ab7a-4388-b2c4-2f19cccac08d', 'ISSUER', 'ACTIVE'),
  ('dd94870b-9471-4c51-a199-9229a253e934', '2024-01-15 10:00:00+00', NULL, 'issuer2@company12.fake', '$2b$12$Olv.bEpdCcTxcCvcl7VHb.5F71syKnApGrHa3cFXrh0jp65ygfy2a', 'Eleanor', 'Harris', 'b0e6362f-ab7a-4388-b2c4-2f19cccac08d', 'ISSUER', 'ACTIVE'),
  ('f40c69e8-e0ed-497c-b331-4831ba1651ab', '2024-01-15 10:00:00+00', NULL, 'admin1@company13.fake', '$2b$12$Olv.bEpdCcTxcCvcl7VHb.5F71syKnApGrHa3cFXrh0jp65ygfy2a', 'Arthur', 'Garcia', 'd2479b5c-cf9b-4d7b-a787-8de472ad7254', 'ADMIN', 'ACTIVE'),
  ('0b6ffb5c-d309-4368-93bb-7fd81129f4c5', '2024-01-15 10:00:00+00', NULL, 'admin2@company13.fake', '$2b$12$Olv.bEpdCcTxcCvcl7VHb.5F71syKnApGrHa3cFXrh0jp65ygfy2a', 'Victoria', 'Clark', 'd2479b5c-cf9b-4d7b-a787-8de472ad7254', 'ADMIN', 'ACTIVE'),
  ('d0458838-d337-46f4-b1e1-4848da48bb52', '2024-01-15 10:00:00+00', NULL, 'admin3@company13.fake', '$2b$12$Olv.bEpdCcTxcCvcl7VHb.5F71syKnApGrHa3cFXrh0jp65ygfy2a', 'Harry', 'Lee', 'd2479b5c-cf9b-4d7b-a787-8de472ad7254', 'ADMIN', 'ACTIVE'),
  ('ba3dc1ce-3e0f-4155-81a8-428707fe6a3f', '2024-01-15 10:00:00+00', NULL, 'buyer1@company13.fake', '$2b$12$Olv.bEpdCcTxcCvcl7VHb.5F71syKnApGrHa3cFXrh0jp65ygfy2a', 'Elizabeth', 'Johnson', 'd2479b5c-cf9b-4d7b-a787-8de472ad7254', 'BUYER', 'ACTIVE'),
  ('1e2e2fa5-8a85-4133-9f70-db916f1507d8', '2024-01-15 10:00:00+00', NULL, 'buyer2@company13.fake', '$2b$12$Olv.bEpdCcTxcCvcl7VHb.5F71syKnApGrHa3cFXrh0jp65ygfy2a', 'Oscar', 'Jones', 'd2479b5c-cf9b-4d7b-a787-8de472ad7254', 'BUYER', 'ACTIVE'),
  ('99b55681-ddbb-4a0a-827a-a430d2087e01', '2024-01-15 10:00:00+00', NULL, 'buyer3@company13.fake', '$2b$12$Olv.bEpdCcTxcCvcl7VHb.5F71syKnApGrHa3cFXrh0jp65ygfy2a', 'James', 'Wilson', 'd2479b5c-cf9b-4d7b-a787-8de472ad7254', 'BUYER', 'ACTIVE'),
  ('58208b53-b8fe-4679-a53e-cf744b41634d', '2024-01-15 10:00:00+00', NULL, 'seller1@company13.fake', '$2b$12$Olv.bEpdCcTxcCvcl7VHb.5F71syKnApGrHa3cFXrh0jp65ygfy2a', 'Emma', 'Anderson', 'd2479b5c-cf9b-4d7b-a787-8de472ad7254', 'SELLER', 'ACTIVE'),
  ('1e1e8504-4e40-4608-9fb3-184959e1884b', '2024-01-15 10:00:00+00', NULL, 'seller2@company13.fake', '$2b$12$Olv.bEpdCcTxcCvcl7VHb.5F71syKnApGrHa3cFXrh0jp65ygfy2a', 'Oliver', 'White', 'd2479b5c-cf9b-4d7b-a787-8de472ad7254', 'SELLER', 'ACTIVE'),
  ('cd535e72-3be2-47e3-9ca7-55548b0f0ded', '2024-01-15 10:00:00+00', NULL, 'issuer1@company13.fake', '$2b$12$Olv.bEpdCcTxcCvcl7VHb.5F71syKnApGrHa3cFXrh0jp65ygfy2a', 'Sophia', 'Thompson', 'd2479b5c-cf9b-4d7b-a787-8de472ad7254', 'ISSUER', 'ACTIVE'),
  ('2ef570a9-6014-43a2-88a1-25608b1fc539', '2024-01-15 10:00:00+00', NULL, 'issuer2@company13.fake', '$2b$12$Olv.bEpdCcTxcCvcl7VHb.5F71syKnApGrHa3cFXrh0jp65ygfy2a', 'William', 'Robinson', 'd2479b5c-cf9b-4d7b-a787-8de472ad7254', 'ISSUER', 'ACTIVE'),
  ('29591790-c9d4-4102-8890-50a3998939b9', '2024-01-15 10:00:00+00', NULL, 'admin1@company14.fake', '$2b$12$Olv.bEpdCcTxcCvcl7VHb.5F71syKnApGrHa3cFXrh0jp65ygfy2a', 'Isabella', 'Lewis', 'f45cbc89-5dea-4b7c-85ce-30671ac0f61b', 'ADMIN', 'ACTIVE'),
  ('2573a0b7-f2f2-446d-a6b8-713cad0fbfdc', '2024-01-15 10:00:00+00', NULL, 'admin2@company14.fake', '$2b$12$Olv.bEpdCcTxcCvcl7VHb.5F71syKnApGrHa3cFXrh0jp65ygfy2a', 'Henry', 'Smith', 'f45cbc89-5dea-4b7c-85ce-30671ac0f61b', 'ADMIN', 'ACTIVE'),
  ('ab596ef8-0fc2-4b58-a9f9-a7fb7cd1b00f', '2024-01-15 10:00:00+00', NULL, 'admin3@company14.fake', '$2b$12$Olv.bEpdCcTxcCvcl7VHb.5F71syKnApGrHa3cFXrh0jp65ygfy2a', 'Amelia', 'Brown', 'f45cbc89-5dea-4b7c-85ce-30671ac0f61b', 'ADMIN', 'ACTIVE'),
  ('601d8b14-f8e6-4103-8b84-ff04890d0ce0', '2024-01-15 10:00:00+00', NULL, 'buyer1@company14.fake', '$2b$12$Olv.bEpdCcTxcCvcl7VHb.5F71syKnApGrHa3cFXrh0jp65ygfy2a', 'George', 'Miller', 'f45cbc89-5dea-4b7c-85ce-30671ac0f61b', 'BUYER', 'ACTIVE'),
  ('9d8b2411-0020-450b-a425-bb7acc9817aa', '2024-01-15 10:00:00+00', NULL, 'buyer2@company14.fake', '$2b$12$Olv.bEpdCcTxcCvcl7VHb.5F71syKnApGrHa3cFXrh0jp65ygfy2a', 'Charlotte', 'Taylor', 'f45cbc89-5dea-4b7c-85ce-30671ac0f61b', 'BUYER', 'ACTIVE'),
  ('78fee639-4752-48ed-9f74-eaa26b901f96', '2024-01-15 10:00:00+00', NULL, 'buyer3@company14.fake', '$2b$12$Olv.bEpdCcTxcCvcl7VHb.5F71syKnApGrHa3cFXrh0jp65ygfy2a', 'Thomas', 'Jackson', 'f45cbc89-5dea-4b7c-85ce-30671ac0f61b', 'BUYER', 'ACTIVE'),
  ('1865b8d7-0d5a-4ec9-8803-e07cbef5a978', '2024-01-15 10:00:00+00', NULL, 'seller1@company14.fake', '$2b$12$Olv.bEpdCcTxcCvcl7VHb.5F71syKnApGrHa3cFXrh0jp65ygfy2a', 'Lily', 'Martin', 'f45cbc89-5dea-4b7c-85ce-30671ac0f61b', 'SELLER', 'ACTIVE'),
  ('7adb9cdc-016d-499e-9d70-e90fa876c8e4', '2024-01-15 10:00:00+00', NULL, 'seller2@company14.fake', '$2b$12$Olv.bEpdCcTxcCvcl7VHb.5F71syKnApGrHa3cFXrh0jp65ygfy2a', 'Edward', 'Martinez', 'f45cbc89-5dea-4b7c-85ce-30671ac0f61b', 'SELLER', 'ACTIVE'),
  ('b68ea5f4-8a5a-4af3-869a-d28950111ed2', '2024-01-15 10:00:00+00', NULL, 'issuer1@company14.fake', '$2b$12$Olv.bEpdCcTxcCvcl7VHb.5F71syKnApGrHa3cFXrh0jp65ygfy2a', 'Grace', 'Rodriguez', 'f45cbc89-5dea-4b7c-85ce-30671ac0f61b', 'ISSUER', 'ACTIVE'),
  ('6803439b-03b5-484f-b955-01ad80132b6d', '2024-01-15 10:00:00+00', NULL, 'issuer2@company14.fake', '$2b$12$Olv.bEpdCcTxcCvcl7VHb.5F71syKnApGrHa3cFXrh0jp65ygfy2a', 'Charles', 'Walker', 'f45cbc89-5dea-4b7c-85ce-30671ac0f61b', 'ISSUER', 'ACTIVE'),
  ('1111a9cd-76c9-4baa-986e-3052152c1e1e', '2024-01-15 10:00:00+00', NULL, 'admin1@company15.fake', '$2b$12$Olv.bEpdCcTxcCvcl7VHb.5F71syKnApGrHa3cFXrh0jp65ygfy2a', 'Hannah', 'Williams', 'b230456f-fd09-44d3-820d-95b848989105', 'ADMIN', 'ACTIVE'),
  ('04a5abf2-020a-4f9d-9000-da6e708b9150', '2024-01-15 10:00:00+00', NULL, 'admin2@company15.fake', '$2b$12$Olv.bEpdCcTxcCvcl7VHb.5F71syKnApGrHa3cFXrh0jp65ygfy2a', 'Alexander', 'Davis', 'b230456f-fd09-44d3-820d-95b848989105', 'ADMIN', 'ACTIVE'),
  ('bba3250f-5a2b-442f-9cad-daa4f8e5e7c4', '2024-01-15 10:00:00+00', NULL, 'admin3@company15.fake', '$2b$12$Olv.bEpdCcTxcCvcl7VHb.5F71syKnApGrHa3cFXrh0jp65ygfy2a', 'Alice', 'Moore', 'b230456f-fd09-44d3-820d-95b848989105', 'ADMIN', 'ACTIVE'),
  ('c48ce3df-622b-452e-a2d5-9fef7e078c95', '2024-01-15 10:00:00+00', NULL, 'buyer1@company15.fake', '$2b$12$Olv.bEpdCcTxcCvcl7VHb.5F71syKnApGrHa3cFXrh0jp65ygfy2a', 'Frederick', 'Thomas', 'b230456f-fd09-44d3-820d-95b848989105', 'BUYER', 'ACTIVE'),
  ('8907ba8d-3ff7-4d68-89aa-79ed874dbb88', '2024-01-15 10:00:00+00', NULL, 'buyer2@company15.fake', '$2b$12$Olv.bEpdCcTxcCvcl7VHb.5F71syKnApGrHa3cFXrh0jp65ygfy2a', 'Eleanor', 'Harris', 'b230456f-fd09-44d3-820d-95b848989105', 'BUYER', 'ACTIVE'),
  ('a3bb7da7-a425-43d8-98e3-20a1dd6318da', '2024-01-15 10:00:00+00', NULL, 'buyer3@company15.fake', '$2b$12$Olv.bEpdCcTxcCvcl7VHb.5F71syKnApGrHa3cFXrh0jp65ygfy2a', 'Arthur', 'Garcia', 'b230456f-fd09-44d3-820d-95b848989105', 'BUYER', 'ACTIVE'),
  ('6eb34c15-a82c-4549-a6bb-c2603e865467', '2024-01-15 10:00:00+00', NULL, 'seller1@company15.fake', '$2b$12$Olv.bEpdCcTxcCvcl7VHb.5F71syKnApGrHa3cFXrh0jp65ygfy2a', 'Victoria', 'Clark', 'b230456f-fd09-44d3-820d-95b848989105', 'SELLER', 'ACTIVE'),
  ('547ef1b8-155a-4378-9730-739da969c646', '2024-01-15 10:00:00+00', NULL, 'seller2@company15.fake', '$2b$12$Olv.bEpdCcTxcCvcl7VHb.5F71syKnApGrHa3cFXrh0jp65ygfy2a', 'Harry', 'Lee', 'b230456f-fd09-44d3-820d-95b848989105', 'SELLER', 'ACTIVE'),
  ('79c6e88d-af3b-4f04-b6c2-5dd7d506005d', '2024-01-15 10:00:00+00', NULL, 'issuer1@company15.fake', '$2b$12$Olv.bEpdCcTxcCvcl7VHb.5F71syKnApGrHa3cFXrh0jp65ygfy2a', 'Elizabeth', 'Johnson', 'b230456f-fd09-44d3-820d-95b848989105', 'ISSUER', 'ACTIVE'),
  ('53450272-2450-4c3b-9245-432aaf8415a3', '2024-01-15 10:00:00+00', NULL, 'issuer2@company15.fake', '$2b$12$Olv.bEpdCcTxcCvcl7VHb.5F71syKnApGrHa3cFXrh0jp65ygfy2a', 'Oscar', 'Jones', 'b230456f-fd09-44d3-820d-95b848989105', 'ISSUER', 'ACTIVE'),
  ('17a88e03-f4ea-42c8-81d4-5146c0187076', '2024-01-15 10:00:00+00', NULL, 'admin1@company16.fake', '$2b$12$Olv.bEpdCcTxcCvcl7VHb.5F71syKnApGrHa3cFXrh0jp65ygfy2a', 'James', 'Wilson', 'a5d80929-663a-457b-9dc8-597d13a4b6b9', 'ADMIN', 'ACTIVE'),
  ('4aad2044-6679-4c81-9ae9-d1e28477633b', '2024-01-15 10:00:00+00', NULL, 'admin2@company16.fake', '$2b$12$Olv.bEpdCcTxcCvcl7VHb.5F71syKnApGrHa3cFXrh0jp65ygfy2a', 'Emma', 'Anderson', 'a5d80929-663a-457b-9dc8-597d13a4b6b9', 'ADMIN', 'ACTIVE'),
  ('a7e36eb3-4a3d-4aad-936a-f10efdd35245', '2024-01-15 10:00:00+00', NULL, 'admin3@company16.fake', '$2b$12$Olv.bEpdCcTxcCvcl7VHb.5F71syKnApGrHa3cFXrh0jp65ygfy2a', 'Oliver', 'White', 'a5d80929-663a-457b-9dc8-597d13a4b6b9', 'ADMIN', 'ACTIVE'),
  ('a9736dac-0163-4452-a836-e7b450eb1259', '2024-01-15 10:00:00+00', NULL, 'buyer1@company16.fake', '$2b$12$Olv.bEpdCcTxcCvcl7VHb.5F71syKnApGrHa3cFXrh0jp65ygfy2a', 'Sophia', 'Thompson', 'a5d80929-663a-457b-9dc8-597d13a4b6b9', 'BUYER', 'ACTIVE'),
  ('6513ce00-c8f4-475c-b61a-2b58ed98548c', '2024-01-15 10:00:00+00', NULL, 'buyer2@company16.fake', '$2b$12$Olv.bEpdCcTxcCvcl7VHb.5F71syKnApGrHa3cFXrh0jp65ygfy2a', 'William', 'Robinson', 'a5d80929-663a-457b-9dc8-597d13a4b6b9', 'BUYER', 'ACTIVE'),
  ('f5bf3653-a358-4c6c-992c-e23cd0d94cb7', '2024-01-15 10:00:00+00', NULL, 'buyer3@company16.fake', '$2b$12$Olv.bEpdCcTxcCvcl7VHb.5F71syKnApGrHa3cFXrh0jp65ygfy2a', 'Isabella', 'Lewis', 'a5d80929-663a-457b-9dc8-597d13a4b6b9', 'BUYER', 'ACTIVE'),
  ('5a3e0e1c-47d3-4f72-b65e-5df6b6b166a5', '2024-01-15 10:00:00+00', NULL, 'seller1@company16.fake', '$2b$12$Olv.bEpdCcTxcCvcl7VHb.5F71syKnApGrHa3cFXrh0jp65ygfy2a', 'Henry', 'Smith', 'a5d80929-663a-457b-9dc8-597d13a4b6b9', 'SELLER', 'ACTIVE'),
  ('1255f818-8906-4c66-9f80-f5b9895200b7', '2024-01-15 10:00:00+00', NULL, 'seller2@company16.fake', '$2b$12$Olv.bEpdCcTxcCvcl7VHb.5F71syKnApGrHa3cFXrh0jp65ygfy2a', 'Amelia', 'Brown', 'a5d80929-663a-457b-9dc8-597d13a4b6b9', 'SELLER', 'ACTIVE'),
  ('10f0c2d4-d4e4-4bcf-8adf-51186ed50f49', '2024-01-15 10:00:00+00', NULL, 'issuer1@company16.fake', '$2b$12$Olv.bEpdCcTxcCvcl7VHb.5F71syKnApGrHa3cFXrh0jp65ygfy2a', 'George', 'Miller', 'a5d80929-663a-457b-9dc8-597d13a4b6b9', 'ISSUER', 'ACTIVE'),
  ('ab1b87cd-e329-48bf-96c1-fd132d187ab6', '2024-01-15 10:00:00+00', NULL, 'issuer2@company16.fake', '$2b$12$Olv.bEpdCcTxcCvcl7VHb.5F71syKnApGrHa3cFXrh0jp65ygfy2a', 'Charlotte', 'Taylor', 'a5d80929-663a-457b-9dc8-597d13a4b6b9', 'ISSUER', 'ACTIVE'),
  ('2878fb5d-224d-47e9-a001-e38fc64b5fee', '2024-01-15 10:00:00+00', NULL, 'admin1@company17.fake', '$2b$12$Olv.bEpdCcTxcCvcl7VHb.5F71syKnApGrHa3cFXrh0jp65ygfy2a', 'Thomas', 'Jackson', 'd40c8145-4e71-4ffc-bd67-19fd12381f14', 'ADMIN', 'ACTIVE'),
  ('eb31a1fb-9d3c-4051-8efb-3f551d07b92a', '2024-01-15 10:00:00+00', NULL, 'admin2@company17.fake', '$2b$12$Olv.bEpdCcTxcCvcl7VHb.5F71syKnApGrHa3cFXrh0jp65ygfy2a', 'Lily', 'Martin', 'd40c8145-4e71-4ffc-bd67-19fd12381f14', 'ADMIN', 'ACTIVE'),
  ('4eb3a82d-842e-4b91-b58b-4f40a6bea8dc', '2024-01-15 10:00:00+00', NULL, 'admin3@company17.fake', '$2b$12$Olv.bEpdCcTxcCvcl7VHb.5F71syKnApGrHa3cFXrh0jp65ygfy2a', 'Edward', 'Martinez', 'd40c8145-4e71-4ffc-bd67-19fd12381f14', 'ADMIN', 'ACTIVE'),
  ('633c4b46-3eb6-44a6-a99d-a3cede9c537c', '2024-01-15 10:00:00+00', NULL, 'buyer1@company17.fake', '$2b$12$Olv.bEpdCcTxcCvcl7VHb.5F71syKnApGrHa3cFXrh0jp65ygfy2a', 'Grace', 'Rodriguez', 'd40c8145-4e71-4ffc-bd67-19fd12381f14', 'BUYER', 'ACTIVE'),
  ('0f9f8e98-cad4-4e61-a0e7-60ebcb9d1416', '2024-01-15 10:00:00+00', NULL, 'buyer2@company17.fake', '$2b$12$Olv.bEpdCcTxcCvcl7VHb.5F71syKnApGrHa3cFXrh0jp65ygfy2a', 'Charles', 'Walker', 'd40c8145-4e71-4ffc-bd67-19fd12381f14', 'BUYER', 'ACTIVE'),
  ('028d4262-2592-40dc-9640-97251804a431', '2024-01-15 10:00:00+00', NULL, 'buyer3@company17.fake', '$2b$12$Olv.bEpdCcTxcCvcl7VHb.5F71syKnApGrHa3cFXrh0jp65ygfy2a', 'Hannah', 'Williams', 'd40c8145-4e71-4ffc-bd67-19fd12381f14', 'BUYER', 'ACTIVE'),
  ('ac34d9c4-c8a5-4f6e-9464-c81ddad0324e', '2024-01-15 10:00:00+00', NULL, 'seller1@company17.fake', '$2b$12$Olv.bEpdCcTxcCvcl7VHb.5F71syKnApGrHa3cFXrh0jp65ygfy2a', 'Alexander', 'Davis', 'd40c8145-4e71-4ffc-bd67-19fd12381f14', 'SELLER', 'ACTIVE'),
  ('48430a6a-61aa-4140-82fe-93ad5380b3ed', '2024-01-15 10:00:00+00', NULL, 'seller2@company17.fake', '$2b$12$Olv.bEpdCcTxcCvcl7VHb.5F71syKnApGrHa3cFXrh0jp65ygfy2a', 'Alice', 'Moore', 'd40c8145-4e71-4ffc-bd67-19fd12381f14', 'SELLER', 'ACTIVE'),
  ('7da275aa-b709-4748-a2fb-bcc8b938e7a5', '2024-01-15 10:00:00+00', NULL, 'issuer1@company17.fake', '$2b$12$Olv.bEpdCcTxcCvcl7VHb.5F71syKnApGrHa3cFXrh0jp65ygfy2a', 'Frederick', 'Thomas', 'd40c8145-4e71-4ffc-bd67-19fd12381f14', 'ISSUER', 'ACTIVE'),
  ('5619fd2f-c051-42bb-b6c3-07e68f45564d', '2024-01-15 10:00:00+00', NULL, 'issuer2@company17.fake', '$2b$12$Olv.bEpdCcTxcCvcl7VHb.5F71syKnApGrHa3cFXrh0jp65ygfy2a', 'Eleanor', 'Harris', 'd40c8145-4e71-4ffc-bd67-19fd12381f14', 'ISSUER', 'ACTIVE'),
  ('c4fa193a-3dc7-483f-9d58-7e866b683f27', '2024-01-15 10:00:00+00', NULL, 'admin1@company18.fake', '$2b$12$Olv.bEpdCcTxcCvcl7VHb.5F71syKnApGrHa3cFXrh0jp65ygfy2a', 'Arthur', 'Garcia', '11d5a311-53e9-4c70-b80d-ec269a067974', 'ADMIN', 'ACTIVE'),
  ('0d8b76d8-e6fc-46ee-9538-4f40c75e6ce9', '2024-01-15 10:00:00+00', NULL, 'admin2@company18.fake', '$2b$12$Olv.bEpdCcTxcCvcl7VHb.5F71syKnApGrHa3cFXrh0jp65ygfy2a', 'Victoria', 'Clark', '11d5a311-53e9-4c70-b80d-ec269a067974', 'ADMIN', 'ACTIVE'),
  ('7bf64321-a2b2-4668-9f87-b8ebb3b01c1e', '2024-01-15 10:00:00+00', NULL, 'admin3@company18.fake', '$2b$12$Olv.bEpdCcTxcCvcl7VHb.5F71syKnApGrHa3cFXrh0jp65ygfy2a', 'Harry', 'Lee', '11d5a311-53e9-4c70-b80d-ec269a067974', 'ADMIN', 'ACTIVE'),
  ('41eec80f-cd50-4812-bdad-b5f0063b579f', '2024-01-15 10:00:00+00', NULL, 'buyer1@company18.fake', '$2b$12$Olv.bEpdCcTxcCvcl7VHb.5F71syKnApGrHa3cFXrh0jp65ygfy2a', 'Elizabeth', 'Johnson', '11d5a311-53e9-4c70-b80d-ec269a067974', 'BUYER', 'ACTIVE'),
  ('eb799f2e-48da-4236-bcdf-a4a21802faf0', '2024-01-15 10:00:00+00', NULL, 'buyer2@company18.fake', '$2b$12$Olv.bEpdCcTxcCvcl7VHb.5F71syKnApGrHa3cFXrh0jp65ygfy2a', 'Oscar', 'Jones', '11d5a311-53e9-4c70-b80d-ec269a067974', 'BUYER', 'ACTIVE'),
  ('f066dd22-865f-4303-a958-e5db278d3553', '2024-01-15 10:00:00+00', NULL, 'buyer3@company18.fake', '$2b$12$Olv.bEpdCcTxcCvcl7VHb.5F71syKnApGrHa3cFXrh0jp65ygfy2a', 'James', 'Wilson', '11d5a311-53e9-4c70-b80d-ec269a067974', 'BUYER', 'ACTIVE'),
  ('ac6caa7f-8233-4747-85a7-72934031d904', '2024-01-15 10:00:00+00', NULL, 'seller1@company18.fake', '$2b$12$Olv.bEpdCcTxcCvcl7VHb.5F71syKnApGrHa3cFXrh0jp65ygfy2a', 'Emma', 'Anderson', '11d5a311-53e9-4c70-b80d-ec269a067974', 'SELLER', 'ACTIVE'),
  ('51dc02f3-00b5-4b0c-92a1-ff8c61f74912', '2024-01-15 10:00:00+00', NULL, 'seller2@company18.fake', '$2b$12$Olv.bEpdCcTxcCvcl7VHb.5F71syKnApGrHa3cFXrh0jp65ygfy2a', 'Oliver', 'White', '11d5a311-53e9-4c70-b80d-ec269a067974', 'SELLER', 'ACTIVE'),
  ('dde2bd6e-6344-4475-8f98-90b82d506fb9', '2024-01-15 10:00:00+00', NULL, 'issuer1@company18.fake', '$2b$12$Olv.bEpdCcTxcCvcl7VHb.5F71syKnApGrHa3cFXrh0jp65ygfy2a', 'Sophia', 'Thompson', '11d5a311-53e9-4c70-b80d-ec269a067974', 'ISSUER', 'ACTIVE'),
  ('13946064-9e90-4e7e-88ea-6a901b614952', '2024-01-15 10:00:00+00', NULL, 'issuer2@company18.fake', '$2b$12$Olv.bEpdCcTxcCvcl7VHb.5F71syKnApGrHa3cFXrh0jp65ygfy2a', 'William', 'Robinson', '11d5a311-53e9-4c70-b80d-ec269a067974', 'ISSUER', 'ACTIVE'),
  ('ae84f102-f6b1-4e05-826d-2022559d4f46', '2024-01-15 10:00:00+00', NULL, 'admin1@company19.fake', '$2b$12$Olv.bEpdCcTxcCvcl7VHb.5F71syKnApGrHa3cFXrh0jp65ygfy2a', 'Isabella', 'Lewis', '16c7dbe6-cac0-4dac-a0b6-e85d036114c8', 'ADMIN', 'ACTIVE'),
  ('c8b9539a-7d8d-46eb-bb68-74807eb2c6b8', '2024-01-15 10:00:00+00', NULL, 'admin2@company19.fake', '$2b$12$Olv.bEpdCcTxcCvcl7VHb.5F71syKnApGrHa3cFXrh0jp65ygfy2a', 'Henry', 'Smith', '16c7dbe6-cac0-4dac-a0b6-e85d036114c8', 'ADMIN', 'ACTIVE'),
  ('22e6de6b-26bc-47e9-83b2-d0749d341ae3', '2024-01-15 10:00:00+00', NULL, 'admin3@company19.fake', '$2b$12$Olv.bEpdCcTxcCvcl7VHb.5F71syKnApGrHa3cFXrh0jp65ygfy2a', 'Amelia', 'Brown', '16c7dbe6-cac0-4dac-a0b6-e85d036114c8', 'ADMIN', 'ACTIVE'),
  ('82b9c588-5cc2-428c-a233-7c4a3fcd2e24', '2024-01-15 10:00:00+00', NULL, 'buyer1@company19.fake', '$2b$12$Olv.bEpdCcTxcCvcl7VHb.5F71syKnApGrHa3cFXrh0jp65ygfy2a', 'George', 'Miller', '16c7dbe6-cac0-4dac-a0b6-e85d036114c8', 'BUYER', 'ACTIVE'),
  ('3251e29b-b963-44b6-9b9d-e85be6eb5226', '2024-01-15 10:00:00+00', NULL, 'buyer2@company19.fake', '$2b$12$Olv.bEpdCcTxcCvcl7VHb.5F71syKnApGrHa3cFXrh0jp65ygfy2a', 'Charlotte', 'Taylor', '16c7dbe6-cac0-4dac-a0b6-e85d036114c8', 'BUYER', 'ACTIVE'),
  ('caf0574d-79e5-4f0b-a60c-c685eb886ee6', '2024-01-15 10:00:00+00', NULL, 'buyer3@company19.fake', '$2b$12$Olv.bEpdCcTxcCvcl7VHb.5F71syKnApGrHa3cFXrh0jp65ygfy2a', 'Thomas', 'Jackson', '16c7dbe6-cac0-4dac-a0b6-e85d036114c8', 'BUYER', 'ACTIVE'),
  ('308c4722-1dac-460b-b81b-17b733f3ca7e', '2024-01-15 10:00:00+00', NULL, 'seller1@company19.fake', '$2b$12$Olv.bEpdCcTxcCvcl7VHb.5F71syKnApGrHa3cFXrh0jp65ygfy2a', 'Lily', 'Martin', '16c7dbe6-cac0-4dac-a0b6-e85d036114c8', 'SELLER', 'ACTIVE'),
  ('d58d4e9a-67ca-464e-b2b7-aa2f25d5c049', '2024-01-15 10:00:00+00', NULL, 'seller2@company19.fake', '$2b$12$Olv.bEpdCcTxcCvcl7VHb.5F71syKnApGrHa3cFXrh0jp65ygfy2a', 'Edward', 'Martinez', '16c7dbe6-cac0-4dac-a0b6-e85d036114c8', 'SELLER', 'ACTIVE'),
  ('a2d0adf9-c8bb-42ee-a97a-bf9f7a6520ee', '2024-01-15 10:00:00+00', NULL, 'issuer1@company19.fake', '$2b$12$Olv.bEpdCcTxcCvcl7VHb.5F71syKnApGrHa3cFXrh0jp65ygfy2a', 'Grace', 'Rodriguez', '16c7dbe6-cac0-4dac-a0b6-e85d036114c8', 'ISSUER', 'ACTIVE'),
  ('9af76c55-6bf4-4979-8230-72432988e7e7', '2024-01-15 10:00:00+00', NULL, 'issuer2@company19.fake', '$2b$12$Olv.bEpdCcTxcCvcl7VHb.5F71syKnApGrHa3cFXrh0jp65ygfy2a', 'Charles', 'Walker', '16c7dbe6-cac0-4dac-a0b6-e85d036114c8', 'ISSUER', 'ACTIVE'),
  ('9f39d3fa-0b9c-4436-9a34-ba42a5767ae9', '2024-01-15 10:00:00+00', NULL, 'admin1@company20.fake', '$2b$12$Olv.bEpdCcTxcCvcl7VHb.5F71syKnApGrHa3cFXrh0jp65ygfy2a', 'Hannah', 'Williams', 'abd24e13-4d92-4b91-b428-bcccfd6443ca', 'ADMIN', 'ACTIVE'),
  ('30b9a35c-9eaf-44f4-a920-d51d3f87b777', '2024-01-15 10:00:00+00', NULL, 'admin2@company20.fake', '$2b$12$Olv.bEpdCcTxcCvcl7VHb.5F71syKnApGrHa3cFXrh0jp65ygfy2a', 'Alexander', 'Davis', 'abd24e13-4d92-4b91-b428-bcccfd6443ca', 'ADMIN', 'ACTIVE'),
  ('3e5a316d-023c-4959-aeb1-b75d39be4a54', '2024-01-15 10:00:00+00', NULL, 'admin3@company20.fake', '$2b$12$Olv.bEpdCcTxcCvcl7VHb.5F71syKnApGrHa3cFXrh0jp65ygfy2a', 'Alice', 'Moore', 'abd24e13-4d92-4b91-b428-bcccfd6443ca', 'ADMIN', 'ACTIVE'),
  ('e60ef711-7ffe-4dce-a4f5-39547b0f8984', '2024-01-15 10:00:00+00', NULL, 'buyer1@company20.fake', '$2b$12$Olv.bEpdCcTxcCvcl7VHb.5F71syKnApGrHa3cFXrh0jp65ygfy2a', 'Frederick', 'Thomas', 'abd24e13-4d92-4b91-b428-bcccfd6443ca', 'BUYER', 'ACTIVE'),
  ('675eaa0a-9947-456e-85ac-126822dc51c0', '2024-01-15 10:00:00+00', NULL, 'buyer2@company20.fake', '$2b$12$Olv.bEpdCcTxcCvcl7VHb.5F71syKnApGrHa3cFXrh0jp65ygfy2a', 'Eleanor', 'Harris', 'abd24e13-4d92-4b91-b428-bcccfd6443ca', 'BUYER', 'ACTIVE'),
  ('5ca02b39-497b-4077-9109-e01fe3475c75', '2024-01-15 10:00:00+00', NULL, 'buyer3@company20.fake', '$2b$12$Olv.bEpdCcTxcCvcl7VHb.5F71syKnApGrHa3cFXrh0jp65ygfy2a', 'Arthur', 'Garcia', 'abd24e13-4d92-4b91-b428-bcccfd6443ca', 'BUYER', 'ACTIVE'),
  ('cf05d5de-fcfa-4b8a-b80f-748960a28dcd', '2024-01-15 10:00:00+00', NULL, 'seller1@company20.fake', '$2b$12$Olv.bEpdCcTxcCvcl7VHb.5F71syKnApGrHa3cFXrh0jp65ygfy2a', 'Victoria', 'Clark', 'abd24e13-4d92-4b91-b428-bcccfd6443ca', 'SELLER', 'ACTIVE'),
  ('e938df54-365b-4e31-bb10-e23ece63a3b4', '2024-01-15 10:00:00+00', NULL, 'seller2@company20.fake', '$2b$12$Olv.bEpdCcTxcCvcl7VHb.5F71syKnApGrHa3cFXrh0jp65ygfy2a', 'Harry', 'Lee', 'abd24e13-4d92-4b91-b428-bcccfd6443ca', 'SELLER', 'ACTIVE'),
  ('0e0e3713-09a9-46e5-aebf-3fea4d7e0cb1', '2024-01-15 10:00:00+00', NULL, 'issuer1@company20.fake', '$2b$12$Olv.bEpdCcTxcCvcl7VHb.5F71syKnApGrHa3cFXrh0jp65ygfy2a', 'Elizabeth', 'Johnson', 'abd24e13-4d92-4b91-b428-bcccfd6443ca', 'ISSUER', 'ACTIVE'),
  ('7d732cb7-9f58-44aa-8333-cc0429bafc90', '2024-01-15 10:00:00+00', NULL, 'issuer2@company20.fake', '$2b$12$Olv.bEpdCcTxcCvcl7VHb.5F71syKnApGrHa3cFXrh0jp65ygfy2a', 'Oscar', 'Jones', 'abd24e13-4d92-4b91-b428-bcccfd6443ca', 'ISSUER', 'ACTIVE'),
  ('0f84bc4d-a1ed-42a4-b886-5e57d831d129', '2024-01-15 10:00:00+00', NULL, 'admin1@company21.fake', '$2b$12$Olv.bEpdCcTxcCvcl7VHb.5F71syKnApGrHa3cFXrh0jp65ygfy2a', 'James', 'Wilson', '7472e5e1-020d-47d8-a3f0-b91b02f1a9fb', 'ADMIN', 'ACTIVE'),
  ('fdbff427-6e01-4fc4-996b-8f20adc8cb27', '2024-01-15 10:00:00+00', NULL, 'admin2@company21.fake', '$2b$12$Olv.bEpdCcTxcCvcl7VHb.5F71syKnApGrHa3cFXrh0jp65ygfy2a', 'Emma', 'Anderson', '7472e5e1-020d-47d8-a3f0-b91b02f1a9fb', 'ADMIN', 'ACTIVE'),
  ('067962ca-272a-4ef3-a08c-84721100475e', '2024-01-15 10:00:00+00', NULL, 'admin3@company21.fake', '$2b$12$Olv.bEpdCcTxcCvcl7VHb.5F71syKnApGrHa3cFXrh0jp65ygfy2a', 'Oliver', 'White', '7472e5e1-020d-47d8-a3f0-b91b02f1a9fb', 'ADMIN', 'ACTIVE'),
  ('7c8a7ae3-1e78-4b15-8700-39bbb5970ba1', '2024-01-15 10:00:00+00', NULL, 'buyer1@company21.fake', '$2b$12$Olv.bEpdCcTxcCvcl7VHb.5F71syKnApGrHa3cFXrh0jp65ygfy2a', 'Sophia', 'Thompson', '7472e5e1-020d-47d8-a3f0-b91b02f1a9fb', 'BUYER', 'ACTIVE'),
  ('791a1601-3fe3-4700-9f9d-101cbf9bdff8', '2024-01-15 10:00:00+00', NULL, 'buyer2@company21.fake', '$2b$12$Olv.bEpdCcTxcCvcl7VHb.5F71syKnApGrHa3cFXrh0jp65ygfy2a', 'William', 'Robinson', '7472e5e1-020d-47d8-a3f0-b91b02f1a9fb', 'BUYER', 'ACTIVE'),
  ('b3c814c1-fff8-4f50-bc02-cee67a1a0d33', '2024-01-15 10:00:00+00', NULL, 'buyer3@company21.fake', '$2b$12$Olv.bEpdCcTxcCvcl7VHb.5F71syKnApGrHa3cFXrh0jp65ygfy2a', 'Isabella', 'Lewis', '7472e5e1-020d-47d8-a3f0-b91b02f1a9fb', 'BUYER', 'ACTIVE'),
  ('b4f4f7c9-71b2-4380-aa60-796890ebbb0b', '2024-01-15 10:00:00+00', NULL, 'seller1@company21.fake', '$2b$12$Olv.bEpdCcTxcCvcl7VHb.5F71syKnApGrHa3cFXrh0jp65ygfy2a', 'Henry', 'Smith', '7472e5e1-020d-47d8-a3f0-b91b02f1a9fb', 'SELLER', 'ACTIVE'),
  ('643789d7-921b-43a2-885a-a95910a811a1', '2024-01-15 10:00:00+00', NULL, 'seller2@company21.fake', '$2b$12$Olv.bEpdCcTxcCvcl7VHb.5F71syKnApGrHa3cFXrh0jp65ygfy2a', 'Amelia', 'Brown', '7472e5e1-020d-47d8-a3f0-b91b02f1a9fb', 'SELLER', 'ACTIVE'),
  ('647b00f7-bf2e-4884-ada6-4f75db8541cf', '2024-01-15 10:00:00+00', NULL, 'issuer1@company21.fake', '$2b$12$Olv.bEpdCcTxcCvcl7VHb.5F71syKnApGrHa3cFXrh0jp65ygfy2a', 'George', 'Miller', '7472e5e1-020d-47d8-a3f0-b91b02f1a9fb', 'ISSUER', 'ACTIVE'),
  ('7d5780c4-d3f7-48fe-ab01-8ea045984c7d', '2024-01-15 10:00:00+00', NULL, 'issuer2@company21.fake', '$2b$12$Olv.bEpdCcTxcCvcl7VHb.5F71syKnApGrHa3cFXrh0jp65ygfy2a', 'Charlotte', 'Taylor', '7472e5e1-020d-47d8-a3f0-b91b02f1a9fb', 'ISSUER', 'ACTIVE'),
  ('665171ad-4b58-44f0-b372-c7b06e303423', '2024-01-15 10:00:00+00', NULL, 'admin1@company22.fake', '$2b$12$Olv.bEpdCcTxcCvcl7VHb.5F71syKnApGrHa3cFXrh0jp65ygfy2a', 'Thomas', 'Jackson', 'd0ff9e13-e641-4ab5-9b0c-711872d4648b', 'ADMIN', 'ACTIVE'),
  ('5d5490a3-36ab-4d63-b1b1-b9f78621c2cd', '2024-01-15 10:00:00+00', NULL, 'admin2@company22.fake', '$2b$12$Olv.bEpdCcTxcCvcl7VHb.5F71syKnApGrHa3cFXrh0jp65ygfy2a', 'Lily', 'Martin', 'd0ff9e13-e641-4ab5-9b0c-711872d4648b', 'ADMIN', 'ACTIVE'),
  ('3497159c-9efb-44bf-b179-8d48dc664843', '2024-01-15 10:00:00+00', NULL, 'admin3@company22.fake', '$2b$12$Olv.bEpdCcTxcCvcl7VHb.5F71syKnApGrHa3cFXrh0jp65ygfy2a', 'Edward', 'Martinez', 'd0ff9e13-e641-4ab5-9b0c-711872d4648b', 'ADMIN', 'ACTIVE'),
  ('c0937e84-599c-46c2-84ea-b6ed9a4cac23', '2024-01-15 10:00:00+00', NULL, 'buyer1@company22.fake', '$2b$12$Olv.bEpdCcTxcCvcl7VHb.5F71syKnApGrHa3cFXrh0jp65ygfy2a', 'Grace', 'Rodriguez', 'd0ff9e13-e641-4ab5-9b0c-711872d4648b', 'BUYER', 'ACTIVE'),
  ('ca6125e5-dda3-424f-ba83-a2d24aafee71', '2024-01-15 10:00:00+00', NULL, 'buyer2@company22.fake', '$2b$12$Olv.bEpdCcTxcCvcl7VHb.5F71syKnApGrHa3cFXrh0jp65ygfy2a', 'Charles', 'Walker', 'd0ff9e13-e641-4ab5-9b0c-711872d4648b', 'BUYER', 'ACTIVE'),
  ('ec407bad-9cd9-4bd0-ae09-6d19b8537261', '2024-01-15 10:00:00+00', NULL, 'buyer3@company22.fake', '$2b$12$Olv.bEpdCcTxcCvcl7VHb.5F71syKnApGrHa3cFXrh0jp65ygfy2a', 'Hannah', 'Williams', 'd0ff9e13-e641-4ab5-9b0c-711872d4648b', 'BUYER', 'ACTIVE'),
  ('be0e9196-bae1-4a06-9ceb-0478081ee678', '2024-01-15 10:00:00+00', NULL, 'seller1@company22.fake', '$2b$12$Olv.bEpdCcTxcCvcl7VHb.5F71syKnApGrHa3cFXrh0jp65ygfy2a', 'Alexander', 'Davis', 'd0ff9e13-e641-4ab5-9b0c-711872d4648b', 'SELLER', 'ACTIVE'),
  ('9ef16013-a186-4b73-a381-69f6eb1837be', '2024-01-15 10:00:00+00', NULL, 'seller2@company22.fake', '$2b$12$Olv.bEpdCcTxcCvcl7VHb.5F71syKnApGrHa3cFXrh0jp65ygfy2a', 'Alice', 'Moore', 'd0ff9e13-e641-4ab5-9b0c-711872d4648b', 'SELLER', 'ACTIVE'),
  ('d7c83112-3630-4654-b1ae-ccc5490a1e3f', '2024-01-15 10:00:00+00', NULL, 'issuer1@company22.fake', '$2b$12$Olv.bEpdCcTxcCvcl7VHb.5F71syKnApGrHa3cFXrh0jp65ygfy2a', 'Frederick', 'Thomas', 'd0ff9e13-e641-4ab5-9b0c-711872d4648b', 'ISSUER', 'ACTIVE'),
  ('760dfbaf-6556-401c-9f13-e8960a030378', '2024-01-15 10:00:00+00', NULL, 'issuer2@company22.fake', '$2b$12$Olv.bEpdCcTxcCvcl7VHb.5F71syKnApGrHa3cFXrh0jp65ygfy2a', 'Eleanor', 'Harris', 'd0ff9e13-e641-4ab5-9b0c-711872d4648b', 'ISSUER', 'ACTIVE'),
  ('09a458af-9d75-449a-8d73-8b52445d3f67', '2024-01-15 10:00:00+00', NULL, 'admin1@company23.fake', '$2b$12$Olv.bEpdCcTxcCvcl7VHb.5F71syKnApGrHa3cFXrh0jp65ygfy2a', 'Arthur', 'Garcia', '10df12f8-e545-4935-bb53-bc16b220df2a', 'ADMIN', 'ACTIVE'),
  ('59502152-a551-4417-ac66-68aa166898d3', '2024-01-15 10:00:00+00', NULL, 'admin2@company23.fake', '$2b$12$Olv.bEpdCcTxcCvcl7VHb.5F71syKnApGrHa3cFXrh0jp65ygfy2a', 'Victoria', 'Clark', '10df12f8-e545-4935-bb53-bc16b220df2a', 'ADMIN', 'ACTIVE'),
  ('a13d607a-392b-4bc1-9d02-011a1a122736', '2024-01-15 10:00:00+00', NULL, 'admin3@company23.fake', '$2b$12$Olv.bEpdCcTxcCvcl7VHb.5F71syKnApGrHa3cFXrh0jp65ygfy2a', 'Harry', 'Lee', '10df12f8-e545-4935-bb53-bc16b220df2a', 'ADMIN', 'ACTIVE'),
  ('dd62d99d-32ff-4dc6-b8ac-ffe485e90ebe', '2024-01-15 10:00:00+00', NULL, 'buyer1@company23.fake', '$2b$12$Olv.bEpdCcTxcCvcl7VHb.5F71syKnApGrHa3cFXrh0jp65ygfy2a', 'Elizabeth', 'Johnson', '10df12f8-e545-4935-bb53-bc16b220df2a', 'BUYER', 'ACTIVE'),
  ('d7138cf3-94c3-4a30-81aa-27af6ec3858a', '2024-01-15 10:00:00+00', NULL, 'buyer2@company23.fake', '$2b$12$Olv.bEpdCcTxcCvcl7VHb.5F71syKnApGrHa3cFXrh0jp65ygfy2a', 'Oscar', 'Jones', '10df12f8-e545-4935-bb53-bc16b220df2a', 'BUYER', 'ACTIVE'),
  ('7b751c87-9ef7-4abf-a455-14a94457edbd', '2024-01-15 10:00:00+00', NULL, 'buyer3@company23.fake', '$2b$12$Olv.bEpdCcTxcCvcl7VHb.5F71syKnApGrHa3cFXrh0jp65ygfy2a', 'James', 'Wilson', '10df12f8-e545-4935-bb53-bc16b220df2a', 'BUYER', 'ACTIVE'),
  ('60c1175a-f470-4157-b405-5cff35ae56d1', '2024-01-15 10:00:00+00', NULL, 'seller1@company23.fake', '$2b$12$Olv.bEpdCcTxcCvcl7VHb.5F71syKnApGrHa3cFXrh0jp65ygfy2a', 'Emma', 'Anderson', '10df12f8-e545-4935-bb53-bc16b220df2a', 'SELLER', 'ACTIVE'),
  ('7ed59d85-fc32-40a8-84e2-cff85bfbf23b', '2024-01-15 10:00:00+00', NULL, 'seller2@company23.fake', '$2b$12$Olv.bEpdCcTxcCvcl7VHb.5F71syKnApGrHa3cFXrh0jp65ygfy2a', 'Oliver', 'White', '10df12f8-e545-4935-bb53-bc16b220df2a', 'SELLER', 'ACTIVE'),
  ('4773d36a-ba77-4316-ae8a-8ff1d9107268', '2024-01-15 10:00:00+00', NULL, 'issuer1@company23.fake', '$2b$12$Olv.bEpdCcTxcCvcl7VHb.5F71syKnApGrHa3cFXrh0jp65ygfy2a', 'Sophia', 'Thompson', '10df12f8-e545-4935-bb53-bc16b220df2a', 'ISSUER', 'ACTIVE'),
  ('cf46c78b-62e9-44c0-987f-cd2c70149424', '2024-01-15 10:00:00+00', NULL, 'issuer2@company23.fake', '$2b$12$Olv.bEpdCcTxcCvcl7VHb.5F71syKnApGrHa3cFXrh0jp65ygfy2a', 'William', 'Robinson', '10df12f8-e545-4935-bb53-bc16b220df2a', 'ISSUER', 'ACTIVE'),
  ('7853561c-0f77-4ae9-932f-c1ff4d353da9', '2024-01-15 10:00:00+00', NULL, 'admin1@company24.fake', '$2b$12$Olv.bEpdCcTxcCvcl7VHb.5F71syKnApGrHa3cFXrh0jp65ygfy2a', 'Isabella', 'Lewis', '57be48c1-5522-44e7-bcf8-1e631e79a229', 'ADMIN', 'ACTIVE'),
  ('f3f66411-95b8-44f9-aa09-2a4209eacc2d', '2024-01-15 10:00:00+00', NULL, 'admin2@company24.fake', '$2b$12$Olv.bEpdCcTxcCvcl7VHb.5F71syKnApGrHa3cFXrh0jp65ygfy2a', 'Henry', 'Smith', '57be48c1-5522-44e7-bcf8-1e631e79a229', 'ADMIN', 'ACTIVE'),
  ('a19ec0ad-098e-4ad8-a191-f8b5d2051521', '2024-01-15 10:00:00+00', NULL, 'admin3@company24.fake', '$2b$12$Olv.bEpdCcTxcCvcl7VHb.5F71syKnApGrHa3cFXrh0jp65ygfy2a', 'Amelia', 'Brown', '57be48c1-5522-44e7-bcf8-1e631e79a229', 'ADMIN', 'ACTIVE'),
  ('10ca2ad9-39de-472d-8506-6eacd52817c2', '2024-01-15 10:00:00+00', NULL, 'buyer1@company24.fake', '$2b$12$Olv.bEpdCcTxcCvcl7VHb.5F71syKnApGrHa3cFXrh0jp65ygfy2a', 'George', 'Miller', '57be48c1-5522-44e7-bcf8-1e631e79a229', 'BUYER', 'ACTIVE'),
  ('97bdbb59-cc41-4437-82b5-156ca2633c44', '2024-01-15 10:00:00+00', NULL, 'buyer2@company24.fake', '$2b$12$Olv.bEpdCcTxcCvcl7VHb.5F71syKnApGrHa3cFXrh0jp65ygfy2a', 'Charlotte', 'Taylor', '57be48c1-5522-44e7-bcf8-1e631e79a229', 'BUYER', 'ACTIVE'),
  ('9ab505ba-52e5-4ee1-a575-0079ed61585f', '2024-01-15 10:00:00+00', NULL, 'buyer3@company24.fake', '$2b$12$Olv.bEpdCcTxcCvcl7VHb.5F71syKnApGrHa3cFXrh0jp65ygfy2a', 'Thomas', 'Jackson', '57be48c1-5522-44e7-bcf8-1e631e79a229', 'BUYER', 'ACTIVE'),
  ('2894a9d1-4bd5-490f-bccf-7c60619e91ae', '2024-01-15 10:00:00+00', NULL, 'seller1@company24.fake', '$2b$12$Olv.bEpdCcTxcCvcl7VHb.5F71syKnApGrHa3cFXrh0jp65ygfy2a', 'Lily', 'Martin', '57be48c1-5522-44e7-bcf8-1e631e79a229', 'SELLER', 'ACTIVE'),
  ('7a4d0e07-b896-480e-a16d-cf014747e66e', '2024-01-15 10:00:00+00', NULL, 'seller2@company24.fake', '$2b$12$Olv.bEpdCcTxcCvcl7VHb.5F71syKnApGrHa3cFXrh0jp65ygfy2a', 'Edward', 'Martinez', '57be48c1-5522-44e7-bcf8-1e631e79a229', 'SELLER', 'ACTIVE'),
  ('4b80d6b7-26fb-4486-bd43-8660e4b2fe3d', '2024-01-15 10:00:00+00', NULL, 'issuer1@company24.fake', '$2b$12$Olv.bEpdCcTxcCvcl7VHb.5F71syKnApGrHa3cFXrh0jp65ygfy2a', 'Grace', 'Rodriguez', '57be48c1-5522-44e7-bcf8-1e631e79a229', 'ISSUER', 'ACTIVE'),
  ('e4aee88e-258d-460c-8b6c-d8d413598cdb', '2024-01-15 10:00:00+00', NULL, 'issuer2@company24.fake', '$2b$12$Olv.bEpdCcTxcCvcl7VHb.5F71syKnApGrHa3cFXrh0jp65ygfy2a', 'Charles', 'Walker', '57be48c1-5522-44e7-bcf8-1e631e79a229', 'ISSUER', 'ACTIVE'),
  ('45d1e52f-8f4b-4f1f-bac5-09371d19327f', '2024-01-15 10:00:00+00', NULL, 'admin1@company25.fake', '$2b$12$Olv.bEpdCcTxcCvcl7VHb.5F71syKnApGrHa3cFXrh0jp65ygfy2a', 'Hannah', 'Williams', 'dd3bfd77-7bce-4e83-91a1-9d5b9ba6fb7a', 'ADMIN', 'ACTIVE'),
  ('5b4ae496-5c0f-4ddc-912b-3baec90f3ace', '2024-01-15 10:00:00+00', NULL, 'admin2@company25.fake', '$2b$12$Olv.bEpdCcTxcCvcl7VHb.5F71syKnApGrHa3cFXrh0jp65ygfy2a', 'Alexander', 'Davis', 'dd3bfd77-7bce-4e83-91a1-9d5b9ba6fb7a', 'ADMIN', 'ACTIVE'),
  ('3bbf0cf9-c783-4430-aa53-78294246b6f9', '2024-01-15 10:00:00+00', NULL, 'admin3@company25.fake', '$2b$12$Olv.bEpdCcTxcCvcl7VHb.5F71syKnApGrHa3cFXrh0jp65ygfy2a', 'Alice', 'Moore', 'dd3bfd77-7bce-4e83-91a1-9d5b9ba6fb7a', 'ADMIN', 'ACTIVE'),
  ('25002af0-7e21-4b49-b8fb-522dfcdc9b73', '2024-01-15 10:00:00+00', NULL, 'buyer1@company25.fake', '$2b$12$Olv.bEpdCcTxcCvcl7VHb.5F71syKnApGrHa3cFXrh0jp65ygfy2a', 'Frederick', 'Thomas', 'dd3bfd77-7bce-4e83-91a1-9d5b9ba6fb7a', 'BUYER', 'ACTIVE'),
  ('f08f2fa9-cb8f-48aa-953d-e85c8c85dbbf', '2024-01-15 10:00:00+00', NULL, 'buyer2@company25.fake', '$2b$12$Olv.bEpdCcTxcCvcl7VHb.5F71syKnApGrHa3cFXrh0jp65ygfy2a', 'Eleanor', 'Harris', 'dd3bfd77-7bce-4e83-91a1-9d5b9ba6fb7a', 'BUYER', 'ACTIVE'),
  ('b680c09c-22f7-422f-bde3-63ba16bdca48', '2024-01-15 10:00:00+00', NULL, 'buyer3@company25.fake', '$2b$12$Olv.bEpdCcTxcCvcl7VHb.5F71syKnApGrHa3cFXrh0jp65ygfy2a', 'Arthur', 'Garcia', 'dd3bfd77-7bce-4e83-91a1-9d5b9ba6fb7a', 'BUYER', 'ACTIVE'),
  ('0e84b7d2-2c76-4d94-9e14-a68045cd31c9', '2024-01-15 10:00:00+00', NULL, 'seller1@company25.fake', '$2b$12$Olv.bEpdCcTxcCvcl7VHb.5F71syKnApGrHa3cFXrh0jp65ygfy2a', 'Victoria', 'Clark', 'dd3bfd77-7bce-4e83-91a1-9d5b9ba6fb7a', 'SELLER', 'ACTIVE'),
  ('c3f6ccc1-6c7d-4531-a306-3e558ffc3341', '2024-01-15 10:00:00+00', NULL, 'seller2@company25.fake', '$2b$12$Olv.bEpdCcTxcCvcl7VHb.5F71syKnApGrHa3cFXrh0jp65ygfy2a', 'Harry', 'Lee', 'dd3bfd77-7bce-4e83-91a1-9d5b9ba6fb7a', 'SELLER', 'ACTIVE'),
  ('e95bb3e3-f3dc-4ca5-8d0a-196007b12597', '2024-01-15 10:00:00+00', NULL, 'issuer1@company25.fake', '$2b$12$Olv.bEpdCcTxcCvcl7VHb.5F71syKnApGrHa3cFXrh0jp65ygfy2a', 'Elizabeth', 'Johnson', 'dd3bfd77-7bce-4e83-91a1-9d5b9ba6fb7a', 'ISSUER', 'ACTIVE'),
  ('cb5b11ce-d52f-4e6b-a64d-78842cea7dd8', '2024-01-15 10:00:00+00', NULL, 'issuer2@company25.fake', '$2b$12$Olv.bEpdCcTxcCvcl7VHb.5F71syKnApGrHa3cFXrh0jp65ygfy2a', 'Oscar', 'Jones', 'dd3bfd77-7bce-4e83-91a1-9d5b9ba6fb7a', 'ISSUER', 'ACTIVE'),
  ('ea4d4398-5cad-4071-8b8b-5b830a1845f5', '2024-01-15 10:00:00+00', NULL, 'admin1@company26.fake', '$2b$12$Olv.bEpdCcTxcCvcl7VHb.5F71syKnApGrHa3cFXrh0jp65ygfy2a', 'James', 'Wilson', '4917a676-9ecf-4158-8085-b15ec69cd79e', 'ADMIN', 'ACTIVE'),
  ('cd42f230-89d2-4881-b17c-f19be8d7e940', '2024-01-15 10:00:00+00', NULL, 'admin2@company26.fake', '$2b$12$Olv.bEpdCcTxcCvcl7VHb.5F71syKnApGrHa3cFXrh0jp65ygfy2a', 'Emma', 'Anderson', '4917a676-9ecf-4158-8085-b15ec69cd79e', 'ADMIN', 'ACTIVE'),
  ('ef787391-08e4-4848-91ca-c38a42396f7b', '2024-01-15 10:00:00+00', NULL, 'admin3@company26.fake', '$2b$12$Olv.bEpdCcTxcCvcl7VHb.5F71syKnApGrHa3cFXrh0jp65ygfy2a', 'Oliver', 'White', '4917a676-9ecf-4158-8085-b15ec69cd79e', 'ADMIN', 'ACTIVE'),
  ('2d48aef7-72c8-482e-ad06-1e15095d77d2', '2024-01-15 10:00:00+00', NULL, 'buyer1@company26.fake', '$2b$12$Olv.bEpdCcTxcCvcl7VHb.5F71syKnApGrHa3cFXrh0jp65ygfy2a', 'Sophia', 'Thompson', '4917a676-9ecf-4158-8085-b15ec69cd79e', 'BUYER', 'ACTIVE'),
  ('9d470e97-5f3b-48ba-9d29-5a4daa186b98', '2024-01-15 10:00:00+00', NULL, 'buyer2@company26.fake', '$2b$12$Olv.bEpdCcTxcCvcl7VHb.5F71syKnApGrHa3cFXrh0jp65ygfy2a', 'William', 'Robinson', '4917a676-9ecf-4158-8085-b15ec69cd79e', 'BUYER', 'ACTIVE'),
  ('23c22518-d97d-4900-ac47-d52565ede17d', '2024-01-15 10:00:00+00', NULL, 'buyer3@company26.fake', '$2b$12$Olv.bEpdCcTxcCvcl7VHb.5F71syKnApGrHa3cFXrh0jp65ygfy2a', 'Isabella', 'Lewis', '4917a676-9ecf-4158-8085-b15ec69cd79e', 'BUYER', 'ACTIVE'),
  ('f60dadd8-d42f-4e7e-8d04-a6a464d01697', '2024-01-15 10:00:00+00', NULL, 'seller1@company26.fake', '$2b$12$Olv.bEpdCcTxcCvcl7VHb.5F71syKnApGrHa3cFXrh0jp65ygfy2a', 'Henry', 'Smith', '4917a676-9ecf-4158-8085-b15ec69cd79e', 'SELLER', 'ACTIVE'),
  ('e8835d68-85ee-475b-8e2f-77966cbd14d5', '2024-01-15 10:00:00+00', NULL, 'seller2@company26.fake', '$2b$12$Olv.bEpdCcTxcCvcl7VHb.5F71syKnApGrHa3cFXrh0jp65ygfy2a', 'Amelia', 'Brown', '4917a676-9ecf-4158-8085-b15ec69cd79e', 'SELLER', 'ACTIVE'),
  ('e2a6fde5-ad92-4a84-b3b8-246785fc79f7', '2024-01-15 10:00:00+00', NULL, 'issuer1@company26.fake', '$2b$12$Olv.bEpdCcTxcCvcl7VHb.5F71syKnApGrHa3cFXrh0jp65ygfy2a', 'George', 'Miller', '4917a676-9ecf-4158-8085-b15ec69cd79e', 'ISSUER', 'ACTIVE'),
  ('99d5d120-a7ab-47ab-8607-f03770726c8b', '2024-01-15 10:00:00+00', NULL, 'issuer2@company26.fake', '$2b$12$Olv.bEpdCcTxcCvcl7VHb.5F71syKnApGrHa3cFXrh0jp65ygfy2a', 'Charlotte', 'Taylor', '4917a676-9ecf-4158-8085-b15ec69cd79e', 'ISSUER', 'ACTIVE'),
  ('b452c727-5e1d-40e5-9c96-22ce169b6810', '2024-01-15 10:00:00+00', NULL, 'admin1@company27.fake', '$2b$12$Olv.bEpdCcTxcCvcl7VHb.5F71syKnApGrHa3cFXrh0jp65ygfy2a', 'Thomas', 'Jackson', 'a86d619e-c708-44db-9398-11590accdd13', 'ADMIN', 'ACTIVE'),
  ('115327a1-ed97-4b72-9667-6ade83d61412', '2024-01-15 10:00:00+00', NULL, 'admin2@company27.fake', '$2b$12$Olv.bEpdCcTxcCvcl7VHb.5F71syKnApGrHa3cFXrh0jp65ygfy2a', 'Lily', 'Martin', 'a86d619e-c708-44db-9398-11590accdd13', 'ADMIN', 'ACTIVE'),
  ('74dbea67-4a91-4001-82d9-9ccfb0767bb8', '2024-01-15 10:00:00+00', NULL, 'admin3@company27.fake', '$2b$12$Olv.bEpdCcTxcCvcl7VHb.5F71syKnApGrHa3cFXrh0jp65ygfy2a', 'Edward', 'Martinez', 'a86d619e-c708-44db-9398-11590accdd13', 'ADMIN', 'ACTIVE'),
  ('b295eb60-2d02-428a-90f3-d384a9684169', '2024-01-15 10:00:00+00', NULL, 'buyer1@company27.fake', '$2b$12$Olv.bEpdCcTxcCvcl7VHb.5F71syKnApGrHa3cFXrh0jp65ygfy2a', 'Grace', 'Rodriguez', 'a86d619e-c708-44db-9398-11590accdd13', 'BUYER', 'ACTIVE'),
  ('2e9ec46c-d4f6-4362-9e1b-7a5d3f09fba6', '2024-01-15 10:00:00+00', NULL, 'buyer2@company27.fake', '$2b$12$Olv.bEpdCcTxcCvcl7VHb.5F71syKnApGrHa3cFXrh0jp65ygfy2a', 'Charles', 'Walker', 'a86d619e-c708-44db-9398-11590accdd13', 'BUYER', 'ACTIVE'),
  ('44dcb6db-7f3a-4b5b-9060-19c960dbe32f', '2024-01-15 10:00:00+00', NULL, 'buyer3@company27.fake', '$2b$12$Olv.bEpdCcTxcCvcl7VHb.5F71syKnApGrHa3cFXrh0jp65ygfy2a', 'Hannah', 'Williams', 'a86d619e-c708-44db-9398-11590accdd13', 'BUYER', 'ACTIVE'),
  ('5377c5ef-dc6a-454c-9d14-aab3a5e34969', '2024-01-15 10:00:00+00', NULL, 'seller1@company27.fake', '$2b$12$Olv.bEpdCcTxcCvcl7VHb.5F71syKnApGrHa3cFXrh0jp65ygfy2a', 'Alexander', 'Davis', 'a86d619e-c708-44db-9398-11590accdd13', 'SELLER', 'ACTIVE'),
  ('0aa269c8-c116-4f7e-a837-f414b1ab1e49', '2024-01-15 10:00:00+00', NULL, 'seller2@company27.fake', '$2b$12$Olv.bEpdCcTxcCvcl7VHb.5F71syKnApGrHa3cFXrh0jp65ygfy2a', 'Alice', 'Moore', 'a86d619e-c708-44db-9398-11590accdd13', 'SELLER', 'ACTIVE'),
  ('fe5e4012-c9a5-47d6-b851-5c3b6633346a', '2024-01-15 10:00:00+00', NULL, 'issuer1@company27.fake', '$2b$12$Olv.bEpdCcTxcCvcl7VHb.5F71syKnApGrHa3cFXrh0jp65ygfy2a', 'Frederick', 'Thomas', 'a86d619e-c708-44db-9398-11590accdd13', 'ISSUER', 'ACTIVE'),
  ('fee82fa6-ae82-44ee-92eb-d355a6402b91', '2024-01-15 10:00:00+00', NULL, 'issuer2@company27.fake', '$2b$12$Olv.bEpdCcTxcCvcl7VHb.5F71syKnApGrHa3cFXrh0jp65ygfy2a', 'Eleanor', 'Harris', 'a86d619e-c708-44db-9398-11590accdd13', 'ISSUER', 'ACTIVE'),
  ('8620edda-7d8b-457e-985a-1a22d45b6ea0', '2024-01-15 10:00:00+00', NULL, 'admin1@company28.fake', '$2b$12$Olv.bEpdCcTxcCvcl7VHb.5F71syKnApGrHa3cFXrh0jp65ygfy2a', 'Arthur', 'Garcia', 'ddcf50f1-7ed5-4b8f-9e42-29f745ded79e', 'ADMIN', 'ACTIVE'),
  ('5682fb1d-7dc1-4f8c-9dce-24153de7e741', '2024-01-15 10:00:00+00', NULL, 'admin2@company28.fake', '$2b$12$Olv.bEpdCcTxcCvcl7VHb.5F71syKnApGrHa3cFXrh0jp65ygfy2a', 'Victoria', 'Clark', 'ddcf50f1-7ed5-4b8f-9e42-29f745ded79e', 'ADMIN', 'ACTIVE'),
  ('decf02cb-0fda-4a53-a79d-7b1022f19bd0', '2024-01-15 10:00:00+00', NULL, 'admin3@company28.fake', '$2b$12$Olv.bEpdCcTxcCvcl7VHb.5F71syKnApGrHa3cFXrh0jp65ygfy2a', 'Harry', 'Lee', 'ddcf50f1-7ed5-4b8f-9e42-29f745ded79e', 'ADMIN', 'ACTIVE'),
  ('b3374dbb-f70d-4339-bac4-11be7bf051d8', '2024-01-15 10:00:00+00', NULL, 'buyer1@company28.fake', '$2b$12$Olv.bEpdCcTxcCvcl7VHb.5F71syKnApGrHa3cFXrh0jp65ygfy2a', 'Elizabeth', 'Johnson', 'ddcf50f1-7ed5-4b8f-9e42-29f745ded79e', 'BUYER', 'ACTIVE'),
  ('a0e3c70e-99e1-4f6d-aa59-b7191aa4c1ef', '2024-01-15 10:00:00+00', NULL, 'buyer2@company28.fake', '$2b$12$Olv.bEpdCcTxcCvcl7VHb.5F71syKnApGrHa3cFXrh0jp65ygfy2a', 'Oscar', 'Jones', 'ddcf50f1-7ed5-4b8f-9e42-29f745ded79e', 'BUYER', 'ACTIVE'),
  ('50047f2c-5fcb-4a5a-b7fd-0db7cb2f8818', '2024-01-15 10:00:00+00', NULL, 'buyer3@company28.fake', '$2b$12$Olv.bEpdCcTxcCvcl7VHb.5F71syKnApGrHa3cFXrh0jp65ygfy2a', 'James', 'Wilson', 'ddcf50f1-7ed5-4b8f-9e42-29f745ded79e', 'BUYER', 'ACTIVE'),
  ('2fa3442b-ffb3-4be2-8d8b-034465193e40', '2024-01-15 10:00:00+00', NULL, 'seller1@company28.fake', '$2b$12$Olv.bEpdCcTxcCvcl7VHb.5F71syKnApGrHa3cFXrh0jp65ygfy2a', 'Emma', 'Anderson', 'ddcf50f1-7ed5-4b8f-9e42-29f745ded79e', 'SELLER', 'ACTIVE'),
  ('87392c18-869f-4a95-aa40-c1de388e6c43', '2024-01-15 10:00:00+00', NULL, 'seller2@company28.fake', '$2b$12$Olv.bEpdCcTxcCvcl7VHb.5F71syKnApGrHa3cFXrh0jp65ygfy2a', 'Oliver', 'White', 'ddcf50f1-7ed5-4b8f-9e42-29f745ded79e', 'SELLER', 'ACTIVE'),
  ('603f2e64-2043-451a-a4e8-536821ab9f8d', '2024-01-15 10:00:00+00', NULL, 'issuer1@company28.fake', '$2b$12$Olv.bEpdCcTxcCvcl7VHb.5F71syKnApGrHa3cFXrh0jp65ygfy2a', 'Sophia', 'Thompson', 'ddcf50f1-7ed5-4b8f-9e42-29f745ded79e', 'ISSUER', 'ACTIVE'),
  ('0837aa98-d224-4953-a483-f4a6dde37c23', '2024-01-15 10:00:00+00', NULL, 'issuer2@company28.fake', '$2b$12$Olv.bEpdCcTxcCvcl7VHb.5F71syKnApGrHa3cFXrh0jp65ygfy2a', 'William', 'Robinson', 'ddcf50f1-7ed5-4b8f-9e42-29f745ded79e', 'ISSUER', 'ACTIVE'),
  ('f834410f-eaee-4b81-af59-1363fe4222a5', '2024-01-15 10:00:00+00', NULL, 'admin1@company29.fake', '$2b$12$Olv.bEpdCcTxcCvcl7VHb.5F71syKnApGrHa3cFXrh0jp65ygfy2a', 'Isabella', 'Lewis', 'fe639291-1ee1-40a9-b303-d72ce367f4af', 'ADMIN', 'ACTIVE'),
  ('871df81b-22b6-4825-bf3c-3cc9d458d862', '2024-01-15 10:00:00+00', NULL, 'admin2@company29.fake', '$2b$12$Olv.bEpdCcTxcCvcl7VHb.5F71syKnApGrHa3cFXrh0jp65ygfy2a', 'Henry', 'Smith', 'fe639291-1ee1-40a9-b303-d72ce367f4af', 'ADMIN', 'ACTIVE'),
  ('1e53e8c9-7bf9-4f2b-a7ee-df4f956fb396', '2024-01-15 10:00:00+00', NULL, 'admin3@company29.fake', '$2b$12$Olv.bEpdCcTxcCvcl7VHb.5F71syKnApGrHa3cFXrh0jp65ygfy2a', 'Amelia', 'Brown', 'fe639291-1ee1-40a9-b303-d72ce367f4af', 'ADMIN', 'ACTIVE'),
  ('5245a6c8-80db-4f17-9429-4518fdc52f45', '2024-01-15 10:00:00+00', NULL, 'buyer1@company29.fake', '$2b$12$Olv.bEpdCcTxcCvcl7VHb.5F71syKnApGrHa3cFXrh0jp65ygfy2a', 'George', 'Miller', 'fe639291-1ee1-40a9-b303-d72ce367f4af', 'BUYER', 'ACTIVE'),
  ('fd716d88-54d6-4754-b282-562364f3afc3', '2024-01-15 10:00:00+00', NULL, 'buyer2@company29.fake', '$2b$12$Olv.bEpdCcTxcCvcl7VHb.5F71syKnApGrHa3cFXrh0jp65ygfy2a', 'Charlotte', 'Taylor', 'fe639291-1ee1-40a9-b303-d72ce367f4af', 'BUYER', 'ACTIVE'),
  ('232dc9df-9df1-449b-93b2-b749cd1e80c7', '2024-01-15 10:00:00+00', NULL, 'buyer3@company29.fake', '$2b$12$Olv.bEpdCcTxcCvcl7VHb.5F71syKnApGrHa3cFXrh0jp65ygfy2a', 'Thomas', 'Jackson', 'fe639291-1ee1-40a9-b303-d72ce367f4af', 'BUYER', 'ACTIVE'),
  ('4e0448f9-72ff-46e2-9764-c3137db9931f', '2024-01-15 10:00:00+00', NULL, 'seller1@company29.fake', '$2b$12$Olv.bEpdCcTxcCvcl7VHb.5F71syKnApGrHa3cFXrh0jp65ygfy2a', 'Lily', 'Martin', 'fe639291-1ee1-40a9-b303-d72ce367f4af', 'SELLER', 'ACTIVE'),
  ('e11f1c7a-7841-4efb-ad17-8480a78fb454', '2024-01-15 10:00:00+00', NULL, 'seller2@company29.fake', '$2b$12$Olv.bEpdCcTxcCvcl7VHb.5F71syKnApGrHa3cFXrh0jp65ygfy2a', 'Edward', 'Martinez', 'fe639291-1ee1-40a9-b303-d72ce367f4af', 'SELLER', 'ACTIVE'),
  ('b531811c-d298-41ab-9939-f8ef0fd23f66', '2024-01-15 10:00:00+00', NULL, 'issuer1@company29.fake', '$2b$12$Olv.bEpdCcTxcCvcl7VHb.5F71syKnApGrHa3cFXrh0jp65ygfy2a', 'Grace', 'Rodriguez', 'fe639291-1ee1-40a9-b303-d72ce367f4af', 'ISSUER', 'ACTIVE'),
  ('d32476df-7338-4663-8f81-7e4b53c137b2', '2024-01-15 10:00:00+00', NULL, 'issuer2@company29.fake', '$2b$12$Olv.bEpdCcTxcCvcl7VHb.5F71syKnApGrHa3cFXrh0jp65ygfy2a', 'Charles', 'Walker', 'fe639291-1ee1-40a9-b303-d72ce367f4af', 'ISSUER', 'ACTIVE'),
  ('56d5b98a-f7e9-4ef2-a45e-a08fb6c32bed', '2024-01-15 10:00:00+00', NULL, 'admin1@company30.fake', '$2b$12$Olv.bEpdCcTxcCvcl7VHb.5F71syKnApGrHa3cFXrh0jp65ygfy2a', 'Hannah', 'Williams', '78d935fd-b8af-4fc1-90dd-0ba5753b6040', 'ADMIN', 'ACTIVE'),
  ('4389c665-2a67-4ee1-af1f-bb95e991839e', '2024-01-15 10:00:00+00', NULL, 'admin2@company30.fake', '$2b$12$Olv.bEpdCcTxcCvcl7VHb.5F71syKnApGrHa3cFXrh0jp65ygfy2a', 'Alexander', 'Davis', '78d935fd-b8af-4fc1-90dd-0ba5753b6040', 'ADMIN', 'ACTIVE'),
  ('eebbae45-5c3a-42a6-962f-07d19d438188', '2024-01-15 10:00:00+00', NULL, 'admin3@company30.fake', '$2b$12$Olv.bEpdCcTxcCvcl7VHb.5F71syKnApGrHa3cFXrh0jp65ygfy2a', 'Alice', 'Moore', '78d935fd-b8af-4fc1-90dd-0ba5753b6040', 'ADMIN', 'ACTIVE'),
  ('28032bdd-f93d-4921-ac1b-9fba0f4a7bbf', '2024-01-15 10:00:00+00', NULL, 'buyer1@company30.fake', '$2b$12$Olv.bEpdCcTxcCvcl7VHb.5F71syKnApGrHa3cFXrh0jp65ygfy2a', 'Frederick', 'Thomas', '78d935fd-b8af-4fc1-90dd-0ba5753b6040', 'BUYER', 'ACTIVE'),
  ('125db93e-3bf2-46a8-858f-faee056d4118', '2024-01-15 10:00:00+00', NULL, 'buyer2@company30.fake', '$2b$12$Olv.bEpdCcTxcCvcl7VHb.5F71syKnApGrHa3cFXrh0jp65ygfy2a', 'Eleanor', 'Harris', '78d935fd-b8af-4fc1-90dd-0ba5753b6040', 'BUYER', 'ACTIVE'),
  ('d5f05f34-ee4c-43c5-810b-deb610a5cb51', '2024-01-15 10:00:00+00', NULL, 'buyer3@company30.fake', '$2b$12$Olv.bEpdCcTxcCvcl7VHb.5F71syKnApGrHa3cFXrh0jp65ygfy2a', 'Arthur', 'Garcia', '78d935fd-b8af-4fc1-90dd-0ba5753b6040', 'BUYER', 'ACTIVE'),
  ('5dd5fd56-0a08-4958-9887-ca12c3589b5c', '2024-01-15 10:00:00+00', NULL, 'seller1@company30.fake', '$2b$12$Olv.bEpdCcTxcCvcl7VHb.5F71syKnApGrHa3cFXrh0jp65ygfy2a', 'Victoria', 'Clark', '78d935fd-b8af-4fc1-90dd-0ba5753b6040', 'SELLER', 'ACTIVE'),
  ('c2fe922c-3eee-4309-98bb-9228c39398a8', '2024-01-15 10:00:00+00', NULL, 'seller2@company30.fake', '$2b$12$Olv.bEpdCcTxcCvcl7VHb.5F71syKnApGrHa3cFXrh0jp65ygfy2a', 'Harry', 'Lee', '78d935fd-b8af-4fc1-90dd-0ba5753b6040', 'SELLER', 'ACTIVE'),
  ('daeac835-2120-452c-9b07-7f18b828adf7', '2024-01-15 10:00:00+00', NULL, 'issuer1@company30.fake', '$2b$12$Olv.bEpdCcTxcCvcl7VHb.5F71syKnApGrHa3cFXrh0jp65ygfy2a', 'Elizabeth', 'Johnson', '78d935fd-b8af-4fc1-90dd-0ba5753b6040', 'ISSUER', 'ACTIVE'),
  ('628a4c01-0591-453a-ad2e-98e9385b08d6', '2024-01-15 10:00:00+00', NULL, 'issuer2@company30.fake', '$2b$12$Olv.bEpdCcTxcCvcl7VHb.5F71syKnApGrHa3cFXrh0jp65ygfy2a', 'Oscar', 'Jones', '78d935fd-b8af-4fc1-90dd-0ba5753b6040', 'ISSUER', 'ACTIVE'),
  ('18d99904-5340-4f91-89ef-b3a818132db4', '2024-01-15 10:00:00+00', NULL, 'admin1@company31.fake', '$2b$12$Olv.bEpdCcTxcCvcl7VHb.5F71syKnApGrHa3cFXrh0jp65ygfy2a', 'James', 'Wilson', '58da756b-c210-4be4-8d20-57a11f74967c', 'ADMIN', 'ACTIVE'),
  ('321bb7fc-6263-45f6-8038-d9bb121e8fd3', '2024-01-15 10:00:00+00', NULL, 'admin2@company31.fake', '$2b$12$Olv.bEpdCcTxcCvcl7VHb.5F71syKnApGrHa3cFXrh0jp65ygfy2a', 'Emma', 'Anderson', '58da756b-c210-4be4-8d20-57a11f74967c', 'ADMIN', 'ACTIVE'),
  ('e25d56d2-b192-45f6-9db2-a5c770202cff', '2024-01-15 10:00:00+00', NULL, 'admin3@company31.fake', '$2b$12$Olv.bEpdCcTxcCvcl7VHb.5F71syKnApGrHa3cFXrh0jp65ygfy2a', 'Oliver', 'White', '58da756b-c210-4be4-8d20-57a11f74967c', 'ADMIN', 'ACTIVE'),
  ('612ffeb2-afa0-40a6-b4c7-626423dbface', '2024-01-15 10:00:00+00', NULL, 'buyer1@company31.fake', '$2b$12$Olv.bEpdCcTxcCvcl7VHb.5F71syKnApGrHa3cFXrh0jp65ygfy2a', 'Sophia', 'Thompson', '58da756b-c210-4be4-8d20-57a11f74967c', 'BUYER', 'ACTIVE'),
  ('1802c771-511f-4216-864d-9443abb35998', '2024-01-15 10:00:00+00', NULL, 'buyer2@company31.fake', '$2b$12$Olv.bEpdCcTxcCvcl7VHb.5F71syKnApGrHa3cFXrh0jp65ygfy2a', 'William', 'Robinson', '58da756b-c210-4be4-8d20-57a11f74967c', 'BUYER', 'ACTIVE'),
  ('ee8a0c9c-354d-45bd-93e7-3a5f7f15b7a0', '2024-01-15 10:00:00+00', NULL, 'buyer3@company31.fake', '$2b$12$Olv.bEpdCcTxcCvcl7VHb.5F71syKnApGrHa3cFXrh0jp65ygfy2a', 'Isabella', 'Lewis', '58da756b-c210-4be4-8d20-57a11f74967c', 'BUYER', 'ACTIVE'),
  ('be68b0f8-99d3-4b42-9b4d-644949b2af28', '2024-01-15 10:00:00+00', NULL, 'seller1@company31.fake', '$2b$12$Olv.bEpdCcTxcCvcl7VHb.5F71syKnApGrHa3cFXrh0jp65ygfy2a', 'Henry', 'Smith', '58da756b-c210-4be4-8d20-57a11f74967c', 'SELLER', 'ACTIVE'),
  ('aa3f3ce6-e99b-4b8e-b191-4bd30f5b446e', '2024-01-15 10:00:00+00', NULL, 'seller2@company31.fake', '$2b$12$Olv.bEpdCcTxcCvcl7VHb.5F71syKnApGrHa3cFXrh0jp65ygfy2a', 'Amelia', 'Brown', '58da756b-c210-4be4-8d20-57a11f74967c', 'SELLER', 'ACTIVE'),
  ('f3012fcd-03f9-4899-a6e5-144335b892d4', '2024-01-15 10:00:00+00', NULL, 'issuer1@company31.fake', '$2b$12$Olv.bEpdCcTxcCvcl7VHb.5F71syKnApGrHa3cFXrh0jp65ygfy2a', 'George', 'Miller', '58da756b-c210-4be4-8d20-57a11f74967c', 'ISSUER', 'ACTIVE'),
  ('71d2b62a-3dfd-4866-8a15-05167dfd8b56', '2024-01-15 10:00:00+00', NULL, 'issuer2@company31.fake', '$2b$12$Olv.bEpdCcTxcCvcl7VHb.5F71syKnApGrHa3cFXrh0jp65ygfy2a', 'Charlotte', 'Taylor', '58da756b-c210-4be4-8d20-57a11f74967c', 'ISSUER', 'ACTIVE'),
  ('f5424f9b-4111-4d55-9849-eb942892698b', '2024-01-15 10:00:00+00', NULL, 'admin1@company32.fake', '$2b$12$Olv.bEpdCcTxcCvcl7VHb.5F71syKnApGrHa3cFXrh0jp65ygfy2a', 'Thomas', 'Jackson', 'c3be43fb-c180-4b84-9596-deb68926688b', 'ADMIN', 'ACTIVE'),
  ('13283b63-876d-40a7-a650-36320c642b27', '2024-01-15 10:00:00+00', NULL, 'admin2@company32.fake', '$2b$12$Olv.bEpdCcTxcCvcl7VHb.5F71syKnApGrHa3cFXrh0jp65ygfy2a', 'Lily', 'Martin', 'c3be43fb-c180-4b84-9596-deb68926688b', 'ADMIN', 'ACTIVE'),
  ('830adb6c-18d6-4d03-b785-941c8646149b', '2024-01-15 10:00:00+00', NULL, 'admin3@company32.fake', '$2b$12$Olv.bEpdCcTxcCvcl7VHb.5F71syKnApGrHa3cFXrh0jp65ygfy2a', 'Edward', 'Martinez', 'c3be43fb-c180-4b84-9596-deb68926688b', 'ADMIN', 'ACTIVE'),
  ('16b17d20-ae97-40ef-952b-170b3faeeea5', '2024-01-15 10:00:00+00', NULL, 'buyer1@company32.fake', '$2b$12$Olv.bEpdCcTxcCvcl7VHb.5F71syKnApGrHa3cFXrh0jp65ygfy2a', 'Grace', 'Rodriguez', 'c3be43fb-c180-4b84-9596-deb68926688b', 'BUYER', 'ACTIVE'),
  ('9e5a46fd-29a4-43e7-97a0-d83678f1a5e3', '2024-01-15 10:00:00+00', NULL, 'buyer2@company32.fake', '$2b$12$Olv.bEpdCcTxcCvcl7VHb.5F71syKnApGrHa3cFXrh0jp65ygfy2a', 'Charles', 'Walker', 'c3be43fb-c180-4b84-9596-deb68926688b', 'BUYER', 'ACTIVE'),
  ('120e7648-bd82-4aa8-8748-b641fd7b2f9d', '2024-01-15 10:00:00+00', NULL, 'buyer3@company32.fake', '$2b$12$Olv.bEpdCcTxcCvcl7VHb.5F71syKnApGrHa3cFXrh0jp65ygfy2a', 'Hannah', 'Williams', 'c3be43fb-c180-4b84-9596-deb68926688b', 'BUYER', 'ACTIVE'),
  ('d2fcef62-6d4a-4020-bb70-2f25798d3044', '2024-01-15 10:00:00+00', NULL, 'seller1@company32.fake', '$2b$12$Olv.bEpdCcTxcCvcl7VHb.5F71syKnApGrHa3cFXrh0jp65ygfy2a', 'Alexander', 'Davis', 'c3be43fb-c180-4b84-9596-deb68926688b', 'SELLER', 'ACTIVE'),
  ('05b2ffe9-c5be-498e-961c-9eb9e4ea21a2', '2024-01-15 10:00:00+00', NULL, 'seller2@company32.fake', '$2b$12$Olv.bEpdCcTxcCvcl7VHb.5F71syKnApGrHa3cFXrh0jp65ygfy2a', 'Alice', 'Moore', 'c3be43fb-c180-4b84-9596-deb68926688b', 'SELLER', 'ACTIVE'),
  ('a5d599b1-89ca-4c2d-b315-01ee3b74ba1e', '2024-01-15 10:00:00+00', NULL, 'issuer1@company32.fake', '$2b$12$Olv.bEpdCcTxcCvcl7VHb.5F71syKnApGrHa3cFXrh0jp65ygfy2a', 'Frederick', 'Thomas', 'c3be43fb-c180-4b84-9596-deb68926688b', 'ISSUER', 'ACTIVE'),
  ('acc5a8f8-ffde-4081-a1d9-967d0a8a1cb0', '2024-01-15 10:00:00+00', NULL, 'issuer2@company32.fake', '$2b$12$Olv.bEpdCcTxcCvcl7VHb.5F71syKnApGrHa3cFXrh0jp65ygfy2a', 'Eleanor', 'Harris', 'c3be43fb-c180-4b84-9596-deb68926688b', 'ISSUER', 'ACTIVE'),
  ('a1270cca-d38f-47f7-b63a-4b94248e4642', '2024-01-15 10:00:00+00', NULL, 'admin1@company33.fake', '$2b$12$Olv.bEpdCcTxcCvcl7VHb.5F71syKnApGrHa3cFXrh0jp65ygfy2a', 'Arthur', 'Garcia', '19c3da0c-f9f2-489d-b7c0-f11c8c948057', 'ADMIN', 'ACTIVE'),
  ('61d9b528-3fcb-4d57-8ee9-493630573722', '2024-01-15 10:00:00+00', NULL, 'admin2@company33.fake', '$2b$12$Olv.bEpdCcTxcCvcl7VHb.5F71syKnApGrHa3cFXrh0jp65ygfy2a', 'Victoria', 'Clark', '19c3da0c-f9f2-489d-b7c0-f11c8c948057', 'ADMIN', 'ACTIVE'),
  ('53875b8b-496d-410e-832b-f3b615bf9b9f', '2024-01-15 10:00:00+00', NULL, 'admin3@company33.fake', '$2b$12$Olv.bEpdCcTxcCvcl7VHb.5F71syKnApGrHa3cFXrh0jp65ygfy2a', 'Harry', 'Lee', '19c3da0c-f9f2-489d-b7c0-f11c8c948057', 'ADMIN', 'ACTIVE'),
  ('d7813cbf-f31d-4a60-b1f6-b8b5e34d8c3b', '2024-01-15 10:00:00+00', NULL, 'buyer1@company33.fake', '$2b$12$Olv.bEpdCcTxcCvcl7VHb.5F71syKnApGrHa3cFXrh0jp65ygfy2a', 'Elizabeth', 'Johnson', '19c3da0c-f9f2-489d-b7c0-f11c8c948057', 'BUYER', 'ACTIVE'),
  ('7f507b28-48cb-4b40-9445-8646ebf31268', '2024-01-15 10:00:00+00', NULL, 'buyer2@company33.fake', '$2b$12$Olv.bEpdCcTxcCvcl7VHb.5F71syKnApGrHa3cFXrh0jp65ygfy2a', 'Oscar', 'Jones', '19c3da0c-f9f2-489d-b7c0-f11c8c948057', 'BUYER', 'ACTIVE'),
  ('51ea3e2c-1f97-4f1a-b3f3-0de876586c11', '2024-01-15 10:00:00+00', NULL, 'buyer3@company33.fake', '$2b$12$Olv.bEpdCcTxcCvcl7VHb.5F71syKnApGrHa3cFXrh0jp65ygfy2a', 'James', 'Wilson', '19c3da0c-f9f2-489d-b7c0-f11c8c948057', 'BUYER', 'ACTIVE'),
  ('1f78895a-88fd-4555-88ad-84b1f30721af', '2024-01-15 10:00:00+00', NULL, 'seller1@company33.fake', '$2b$12$Olv.bEpdCcTxcCvcl7VHb.5F71syKnApGrHa3cFXrh0jp65ygfy2a', 'Emma', 'Anderson', '19c3da0c-f9f2-489d-b7c0-f11c8c948057', 'SELLER', 'ACTIVE'),
  ('f0ca6d0a-3750-4f4b-a53d-03eb5b1eea45', '2024-01-15 10:00:00+00', NULL, 'seller2@company33.fake', '$2b$12$Olv.bEpdCcTxcCvcl7VHb.5F71syKnApGrHa3cFXrh0jp65ygfy2a', 'Oliver', 'White', '19c3da0c-f9f2-489d-b7c0-f11c8c948057', 'SELLER', 'ACTIVE'),
  ('84b49202-c989-4ea3-a05c-509288f7d749', '2024-01-15 10:00:00+00', NULL, 'issuer1@company33.fake', '$2b$12$Olv.bEpdCcTxcCvcl7VHb.5F71syKnApGrHa3cFXrh0jp65ygfy2a', 'Sophia', 'Thompson', '19c3da0c-f9f2-489d-b7c0-f11c8c948057', 'ISSUER', 'ACTIVE'),
  ('2396538e-9223-4c86-b83b-c14ee5272ff9', '2024-01-15 10:00:00+00', NULL, 'issuer2@company33.fake', '$2b$12$Olv.bEpdCcTxcCvcl7VHb.5F71syKnApGrHa3cFXrh0jp65ygfy2a', 'William', 'Robinson', '19c3da0c-f9f2-489d-b7c0-f11c8c948057', 'ISSUER', 'ACTIVE'),
  ('733f2538-045c-4c04-b68f-8995d6a387a5', '2024-01-15 10:00:00+00', NULL, 'admin1@company34.fake', '$2b$12$Olv.bEpdCcTxcCvcl7VHb.5F71syKnApGrHa3cFXrh0jp65ygfy2a', 'Isabella', 'Lewis', '6c4142b1-7c78-40dd-aeaa-7e3fbc4c1d83', 'ADMIN', 'ACTIVE'),
  ('cb71dbfb-2fda-4434-a174-de598ca8f75e', '2024-01-15 10:00:00+00', NULL, 'admin2@company34.fake', '$2b$12$Olv.bEpdCcTxcCvcl7VHb.5F71syKnApGrHa3cFXrh0jp65ygfy2a', 'Henry', 'Smith', '6c4142b1-7c78-40dd-aeaa-7e3fbc4c1d83', 'ADMIN', 'ACTIVE'),
  ('bdf93ab1-9e64-4ee1-ac81-bdecb41de86b', '2024-01-15 10:00:00+00', NULL, 'admin3@company34.fake', '$2b$12$Olv.bEpdCcTxcCvcl7VHb.5F71syKnApGrHa3cFXrh0jp65ygfy2a', 'Amelia', 'Brown', '6c4142b1-7c78-40dd-aeaa-7e3fbc4c1d83', 'ADMIN', 'ACTIVE'),
  ('02a22750-98a5-4964-812b-3d7c0291c7ba', '2024-01-15 10:00:00+00', NULL, 'buyer1@company34.fake', '$2b$12$Olv.bEpdCcTxcCvcl7VHb.5F71syKnApGrHa3cFXrh0jp65ygfy2a', 'George', 'Miller', '6c4142b1-7c78-40dd-aeaa-7e3fbc4c1d83', 'BUYER', 'ACTIVE'),
  ('1d49f115-6e44-4ffe-8ce2-e0eadfabccef', '2024-01-15 10:00:00+00', NULL, 'buyer2@company34.fake', '$2b$12$Olv.bEpdCcTxcCvcl7VHb.5F71syKnApGrHa3cFXrh0jp65ygfy2a', 'Charlotte', 'Taylor', '6c4142b1-7c78-40dd-aeaa-7e3fbc4c1d83', 'BUYER', 'ACTIVE'),
  ('720fa1bb-171a-4d83-8550-f6f5b5255552', '2024-01-15 10:00:00+00', NULL, 'buyer3@company34.fake', '$2b$12$Olv.bEpdCcTxcCvcl7VHb.5F71syKnApGrHa3cFXrh0jp65ygfy2a', 'Thomas', 'Jackson', '6c4142b1-7c78-40dd-aeaa-7e3fbc4c1d83', 'BUYER', 'ACTIVE'),
  ('0e345d3a-a66e-4803-bc3b-4ae8d21b5b38', '2024-01-15 10:00:00+00', NULL, 'seller1@company34.fake', '$2b$12$Olv.bEpdCcTxcCvcl7VHb.5F71syKnApGrHa3cFXrh0jp65ygfy2a', 'Lily', 'Martin', '6c4142b1-7c78-40dd-aeaa-7e3fbc4c1d83', 'SELLER', 'ACTIVE'),
  ('444b6d7b-4fcb-4e3e-87d4-1264562e4f22', '2024-01-15 10:00:00+00', NULL, 'seller2@company34.fake', '$2b$12$Olv.bEpdCcTxcCvcl7VHb.5F71syKnApGrHa3cFXrh0jp65ygfy2a', 'Edward', 'Martinez', '6c4142b1-7c78-40dd-aeaa-7e3fbc4c1d83', 'SELLER', 'ACTIVE'),
  ('57ec7562-c80f-4c92-a58b-4cab4f904046', '2024-01-15 10:00:00+00', NULL, 'issuer1@company34.fake', '$2b$12$Olv.bEpdCcTxcCvcl7VHb.5F71syKnApGrHa3cFXrh0jp65ygfy2a', 'Grace', 'Rodriguez', '6c4142b1-7c78-40dd-aeaa-7e3fbc4c1d83', 'ISSUER', 'ACTIVE'),
  ('305866b7-a8e8-4f69-8cd9-43b9fecfcd59', '2024-01-15 10:00:00+00', NULL, 'issuer2@company34.fake', '$2b$12$Olv.bEpdCcTxcCvcl7VHb.5F71syKnApGrHa3cFXrh0jp65ygfy2a', 'Charles', 'Walker', '6c4142b1-7c78-40dd-aeaa-7e3fbc4c1d83', 'ISSUER', 'ACTIVE'),
  ('95784538-747a-43e8-a69f-5133396a8acd', '2024-01-15 10:00:00+00', NULL, 'admin1@company35.fake', '$2b$12$Olv.bEpdCcTxcCvcl7VHb.5F71syKnApGrHa3cFXrh0jp65ygfy2a', 'Hannah', 'Williams', '7d318183-3790-4515-8d05-d383d100fb2d', 'ADMIN', 'ACTIVE'),
  ('122ea117-72c6-4fc0-96d6-361ee6b8e4e9', '2024-01-15 10:00:00+00', NULL, 'admin2@company35.fake', '$2b$12$Olv.bEpdCcTxcCvcl7VHb.5F71syKnApGrHa3cFXrh0jp65ygfy2a', 'Alexander', 'Davis', '7d318183-3790-4515-8d05-d383d100fb2d', 'ADMIN', 'ACTIVE'),
  ('986cf05d-0603-4ba1-94a4-e1c029ff3646', '2024-01-15 10:00:00+00', NULL, 'admin3@company35.fake', '$2b$12$Olv.bEpdCcTxcCvcl7VHb.5F71syKnApGrHa3cFXrh0jp65ygfy2a', 'Alice', 'Moore', '7d318183-3790-4515-8d05-d383d100fb2d', 'ADMIN', 'ACTIVE'),
  ('1ac5e4d6-f30c-478b-9732-df8eb055ad7c', '2024-01-15 10:00:00+00', NULL, 'buyer1@company35.fake', '$2b$12$Olv.bEpdCcTxcCvcl7VHb.5F71syKnApGrHa3cFXrh0jp65ygfy2a', 'Frederick', 'Thomas', '7d318183-3790-4515-8d05-d383d100fb2d', 'BUYER', 'ACTIVE'),
  ('c133acb3-1836-478b-828e-60a1998107a8', '2024-01-15 10:00:00+00', NULL, 'buyer2@company35.fake', '$2b$12$Olv.bEpdCcTxcCvcl7VHb.5F71syKnApGrHa3cFXrh0jp65ygfy2a', 'Eleanor', 'Harris', '7d318183-3790-4515-8d05-d383d100fb2d', 'BUYER', 'ACTIVE'),
  ('b6557714-a7e5-4302-921d-17626b39dd35', '2024-01-15 10:00:00+00', NULL, 'buyer3@company35.fake', '$2b$12$Olv.bEpdCcTxcCvcl7VHb.5F71syKnApGrHa3cFXrh0jp65ygfy2a', 'Arthur', 'Garcia', '7d318183-3790-4515-8d05-d383d100fb2d', 'BUYER', 'ACTIVE'),
  ('d0ddf6fe-9329-42e7-b853-0fc871130e2d', '2024-01-15 10:00:00+00', NULL, 'seller1@company35.fake', '$2b$12$Olv.bEpdCcTxcCvcl7VHb.5F71syKnApGrHa3cFXrh0jp65ygfy2a', 'Victoria', 'Clark', '7d318183-3790-4515-8d05-d383d100fb2d', 'SELLER', 'ACTIVE'),
  ('b57017b7-21a4-4136-8731-d265e105eb42', '2024-01-15 10:00:00+00', NULL, 'seller2@company35.fake', '$2b$12$Olv.bEpdCcTxcCvcl7VHb.5F71syKnApGrHa3cFXrh0jp65ygfy2a', 'Harry', 'Lee', '7d318183-3790-4515-8d05-d383d100fb2d', 'SELLER', 'ACTIVE'),
  ('bf800249-ab95-447f-8c06-b4561fa738f0', '2024-01-15 10:00:00+00', NULL, 'issuer1@company35.fake', '$2b$12$Olv.bEpdCcTxcCvcl7VHb.5F71syKnApGrHa3cFXrh0jp65ygfy2a', 'Elizabeth', 'Johnson', '7d318183-3790-4515-8d05-d383d100fb2d', 'ISSUER', 'ACTIVE'),
  ('406a2c25-6f0f-4bd4-8d4f-d348172b98b8', '2024-01-15 10:00:00+00', NULL, 'issuer2@company35.fake', '$2b$12$Olv.bEpdCcTxcCvcl7VHb.5F71syKnApGrHa3cFXrh0jp65ygfy2a', 'Oscar', 'Jones', '7d318183-3790-4515-8d05-d383d100fb2d', 'ISSUER', 'ACTIVE'),
  ('727a2853-0073-46bf-afe9-ffc06709fcec', '2024-01-15 10:00:00+00', NULL, 'admin1@company36.fake', '$2b$12$Olv.bEpdCcTxcCvcl7VHb.5F71syKnApGrHa3cFXrh0jp65ygfy2a', 'James', 'Wilson', 'da0407c1-80fe-46eb-ba4a-d97f47d147b2', 'ADMIN', 'ACTIVE'),
  ('59bcf664-d4b0-4797-9d5d-e05852a1a5b9', '2024-01-15 10:00:00+00', NULL, 'admin2@company36.fake', '$2b$12$Olv.bEpdCcTxcCvcl7VHb.5F71syKnApGrHa3cFXrh0jp65ygfy2a', 'Emma', 'Anderson', 'da0407c1-80fe-46eb-ba4a-d97f47d147b2', 'ADMIN', 'ACTIVE'),
  ('bd0fc499-b319-4dcd-b52b-130d5a09067c', '2024-01-15 10:00:00+00', NULL, 'admin3@company36.fake', '$2b$12$Olv.bEpdCcTxcCvcl7VHb.5F71syKnApGrHa3cFXrh0jp65ygfy2a', 'Oliver', 'White', 'da0407c1-80fe-46eb-ba4a-d97f47d147b2', 'ADMIN', 'ACTIVE'),
  ('bc292bc2-c109-4749-8f34-a4f97990a31b', '2024-01-15 10:00:00+00', NULL, 'buyer1@company36.fake', '$2b$12$Olv.bEpdCcTxcCvcl7VHb.5F71syKnApGrHa3cFXrh0jp65ygfy2a', 'Sophia', 'Thompson', 'da0407c1-80fe-46eb-ba4a-d97f47d147b2', 'BUYER', 'ACTIVE'),
  ('359bb7b7-403f-492b-b5dd-5cfddb67d750', '2024-01-15 10:00:00+00', NULL, 'buyer2@company36.fake', '$2b$12$Olv.bEpdCcTxcCvcl7VHb.5F71syKnApGrHa3cFXrh0jp65ygfy2a', 'William', 'Robinson', 'da0407c1-80fe-46eb-ba4a-d97f47d147b2', 'BUYER', 'ACTIVE'),
  ('6b20c69c-bd6c-476d-9b68-2d706f56afef', '2024-01-15 10:00:00+00', NULL, 'buyer3@company36.fake', '$2b$12$Olv.bEpdCcTxcCvcl7VHb.5F71syKnApGrHa3cFXrh0jp65ygfy2a', 'Isabella', 'Lewis', 'da0407c1-80fe-46eb-ba4a-d97f47d147b2', 'BUYER', 'ACTIVE'),
  ('45067490-469b-459e-8d9a-e3f090543abd', '2024-01-15 10:00:00+00', NULL, 'seller1@company36.fake', '$2b$12$Olv.bEpdCcTxcCvcl7VHb.5F71syKnApGrHa3cFXrh0jp65ygfy2a', 'Henry', 'Smith', 'da0407c1-80fe-46eb-ba4a-d97f47d147b2', 'SELLER', 'ACTIVE'),
  ('507f18b6-c14c-4dea-b4b9-40df2cfd3ab5', '2024-01-15 10:00:00+00', NULL, 'seller2@company36.fake', '$2b$12$Olv.bEpdCcTxcCvcl7VHb.5F71syKnApGrHa3cFXrh0jp65ygfy2a', 'Amelia', 'Brown', 'da0407c1-80fe-46eb-ba4a-d97f47d147b2', 'SELLER', 'ACTIVE'),
  ('88826e93-13c8-416d-ad7b-3237f58d15f8', '2024-01-15 10:00:00+00', NULL, 'issuer1@company36.fake', '$2b$12$Olv.bEpdCcTxcCvcl7VHb.5F71syKnApGrHa3cFXrh0jp65ygfy2a', 'George', 'Miller', 'da0407c1-80fe-46eb-ba4a-d97f47d147b2', 'ISSUER', 'ACTIVE'),
  ('32dc4a92-5d85-462d-8acc-f2c56ec2dc18', '2024-01-15 10:00:00+00', NULL, 'issuer2@company36.fake', '$2b$12$Olv.bEpdCcTxcCvcl7VHb.5F71syKnApGrHa3cFXrh0jp65ygfy2a', 'Charlotte', 'Taylor', 'da0407c1-80fe-46eb-ba4a-d97f47d147b2', 'ISSUER', 'ACTIVE'),
  ('9449c808-3ff4-4402-b0cd-6d61c098a4d6', '2024-01-15 10:00:00+00', NULL, 'admin1@company37.fake', '$2b$12$Olv.bEpdCcTxcCvcl7VHb.5F71syKnApGrHa3cFXrh0jp65ygfy2a', 'Thomas', 'Jackson', '82d229e9-b350-4329-bdf1-81fa626ff56d', 'ADMIN', 'ACTIVE'),
  ('cbb16f94-0bd2-46f2-8b56-02e04338609d', '2024-01-15 10:00:00+00', NULL, 'admin2@company37.fake', '$2b$12$Olv.bEpdCcTxcCvcl7VHb.5F71syKnApGrHa3cFXrh0jp65ygfy2a', 'Lily', 'Martin', '82d229e9-b350-4329-bdf1-81fa626ff56d', 'ADMIN', 'ACTIVE'),
  ('16e59ab1-a065-48eb-8885-88b30f83e164', '2024-01-15 10:00:00+00', NULL, 'admin3@company37.fake', '$2b$12$Olv.bEpdCcTxcCvcl7VHb.5F71syKnApGrHa3cFXrh0jp65ygfy2a', 'Edward', 'Martinez', '82d229e9-b350-4329-bdf1-81fa626ff56d', 'ADMIN', 'ACTIVE'),
  ('06828788-aa6c-4982-a6ba-a944d7d08734', '2024-01-15 10:00:00+00', NULL, 'buyer1@company37.fake', '$2b$12$Olv.bEpdCcTxcCvcl7VHb.5F71syKnApGrHa3cFXrh0jp65ygfy2a', 'Grace', 'Rodriguez', '82d229e9-b350-4329-bdf1-81fa626ff56d', 'BUYER', 'ACTIVE'),
  ('68298927-e5a8-47cc-87a0-4a461284d483', '2024-01-15 10:00:00+00', NULL, 'buyer2@company37.fake', '$2b$12$Olv.bEpdCcTxcCvcl7VHb.5F71syKnApGrHa3cFXrh0jp65ygfy2a', 'Charles', 'Walker', '82d229e9-b350-4329-bdf1-81fa626ff56d', 'BUYER', 'ACTIVE'),
  ('2f0aa7b4-ce33-4ba0-854e-4c001880ba1b', '2024-01-15 10:00:00+00', NULL, 'buyer3@company37.fake', '$2b$12$Olv.bEpdCcTxcCvcl7VHb.5F71syKnApGrHa3cFXrh0jp65ygfy2a', 'Hannah', 'Williams', '82d229e9-b350-4329-bdf1-81fa626ff56d', 'BUYER', 'ACTIVE'),
  ('6462dcc6-fb9c-48e3-abd0-ac000ab40b90', '2024-01-15 10:00:00+00', NULL, 'seller1@company37.fake', '$2b$12$Olv.bEpdCcTxcCvcl7VHb.5F71syKnApGrHa3cFXrh0jp65ygfy2a', 'Alexander', 'Davis', '82d229e9-b350-4329-bdf1-81fa626ff56d', 'SELLER', 'ACTIVE'),
  ('e31c5dba-2cac-4b46-9f36-63119c3ce70d', '2024-01-15 10:00:00+00', NULL, 'seller2@company37.fake', '$2b$12$Olv.bEpdCcTxcCvcl7VHb.5F71syKnApGrHa3cFXrh0jp65ygfy2a', 'Alice', 'Moore', '82d229e9-b350-4329-bdf1-81fa626ff56d', 'SELLER', 'ACTIVE'),
  ('6241b7cb-7c2b-4ec6-acac-155017c4c53b', '2024-01-15 10:00:00+00', NULL, 'issuer1@company37.fake', '$2b$12$Olv.bEpdCcTxcCvcl7VHb.5F71syKnApGrHa3cFXrh0jp65ygfy2a', 'Frederick', 'Thomas', '82d229e9-b350-4329-bdf1-81fa626ff56d', 'ISSUER', 'ACTIVE'),
  ('e61b3dbf-a933-41b1-ab22-867626766d6c', '2024-01-15 10:00:00+00', NULL, 'issuer2@company37.fake', '$2b$12$Olv.bEpdCcTxcCvcl7VHb.5F71syKnApGrHa3cFXrh0jp65ygfy2a', 'Eleanor', 'Harris', '82d229e9-b350-4329-bdf1-81fa626ff56d', 'ISSUER', 'ACTIVE'),
  ('c03adf6e-867d-4e94-9953-81b600f18343', '2024-01-15 10:00:00+00', NULL, 'admin1@company38.fake', '$2b$12$Olv.bEpdCcTxcCvcl7VHb.5F71syKnApGrHa3cFXrh0jp65ygfy2a', 'Arthur', 'Garcia', '483b64cd-e65c-47bb-9fb4-d9171dc4cfa6', 'ADMIN', 'ACTIVE'),
  ('b0bba3c1-5377-4607-b412-4d3ab22aa540', '2024-01-15 10:00:00+00', NULL, 'admin2@company38.fake', '$2b$12$Olv.bEpdCcTxcCvcl7VHb.5F71syKnApGrHa3cFXrh0jp65ygfy2a', 'Victoria', 'Clark', '483b64cd-e65c-47bb-9fb4-d9171dc4cfa6', 'ADMIN', 'ACTIVE'),
  ('709a2613-b302-49ad-8ab6-5ba80c234dc7', '2024-01-15 10:00:00+00', NULL, 'admin3@company38.fake', '$2b$12$Olv.bEpdCcTxcCvcl7VHb.5F71syKnApGrHa3cFXrh0jp65ygfy2a', 'Harry', 'Lee', '483b64cd-e65c-47bb-9fb4-d9171dc4cfa6', 'ADMIN', 'ACTIVE'),
  ('f3d95815-96ee-42e9-a9bf-3bf2f032f7ff', '2024-01-15 10:00:00+00', NULL, 'buyer1@company38.fake', '$2b$12$Olv.bEpdCcTxcCvcl7VHb.5F71syKnApGrHa3cFXrh0jp65ygfy2a', 'Elizabeth', 'Johnson', '483b64cd-e65c-47bb-9fb4-d9171dc4cfa6', 'BUYER', 'ACTIVE'),
  ('e005496b-9194-42a7-b25a-054a5e65c17b', '2024-01-15 10:00:00+00', NULL, 'buyer2@company38.fake', '$2b$12$Olv.bEpdCcTxcCvcl7VHb.5F71syKnApGrHa3cFXrh0jp65ygfy2a', 'Oscar', 'Jones', '483b64cd-e65c-47bb-9fb4-d9171dc4cfa6', 'BUYER', 'ACTIVE'),
  ('e2d1c3c7-b2e8-4e8d-a9ea-2b7238e59198', '2024-01-15 10:00:00+00', NULL, 'buyer3@company38.fake', '$2b$12$Olv.bEpdCcTxcCvcl7VHb.5F71syKnApGrHa3cFXrh0jp65ygfy2a', 'James', 'Wilson', '483b64cd-e65c-47bb-9fb4-d9171dc4cfa6', 'BUYER', 'ACTIVE'),
  ('c0459ccb-21c7-4d2b-9a5f-38882a1ab4df', '2024-01-15 10:00:00+00', NULL, 'seller1@company38.fake', '$2b$12$Olv.bEpdCcTxcCvcl7VHb.5F71syKnApGrHa3cFXrh0jp65ygfy2a', 'Emma', 'Anderson', '483b64cd-e65c-47bb-9fb4-d9171dc4cfa6', 'SELLER', 'ACTIVE'),
  ('c21b8fb5-7f8f-49fa-946c-ab2a22b0dfa0', '2024-01-15 10:00:00+00', NULL, 'seller2@company38.fake', '$2b$12$Olv.bEpdCcTxcCvcl7VHb.5F71syKnApGrHa3cFXrh0jp65ygfy2a', 'Oliver', 'White', '483b64cd-e65c-47bb-9fb4-d9171dc4cfa6', 'SELLER', 'ACTIVE'),
  ('27f18f32-a0e8-40de-91db-609a371ba843', '2024-01-15 10:00:00+00', NULL, 'issuer1@company38.fake', '$2b$12$Olv.bEpdCcTxcCvcl7VHb.5F71syKnApGrHa3cFXrh0jp65ygfy2a', 'Sophia', 'Thompson', '483b64cd-e65c-47bb-9fb4-d9171dc4cfa6', 'ISSUER', 'ACTIVE'),
  ('7848bcb7-8f85-4082-8fed-d0906b501ba6', '2024-01-15 10:00:00+00', NULL, 'issuer2@company38.fake', '$2b$12$Olv.bEpdCcTxcCvcl7VHb.5F71syKnApGrHa3cFXrh0jp65ygfy2a', 'William', 'Robinson', '483b64cd-e65c-47bb-9fb4-d9171dc4cfa6', 'ISSUER', 'ACTIVE'),
  ('e9eba7a8-7d8d-479e-aef9-50ee7b4eac39', '2024-01-15 10:00:00+00', NULL, 'admin1@company39.fake', '$2b$12$Olv.bEpdCcTxcCvcl7VHb.5F71syKnApGrHa3cFXrh0jp65ygfy2a', 'Isabella', 'Lewis', '76a7b197-eaf7-4eb6-b991-c9eaeef91209', 'ADMIN', 'ACTIVE'),
  ('cdadb255-d63b-4a08-ae77-b3ebfe75eec3', '2024-01-15 10:00:00+00', NULL, 'admin2@company39.fake', '$2b$12$Olv.bEpdCcTxcCvcl7VHb.5F71syKnApGrHa3cFXrh0jp65ygfy2a', 'Henry', 'Smith', '76a7b197-eaf7-4eb6-b991-c9eaeef91209', 'ADMIN', 'ACTIVE'),
  ('0d85f3bd-958d-4b84-9601-336e91709eeb', '2024-01-15 10:00:00+00', NULL, 'admin3@company39.fake', '$2b$12$Olv.bEpdCcTxcCvcl7VHb.5F71syKnApGrHa3cFXrh0jp65ygfy2a', 'Amelia', 'Brown', '76a7b197-eaf7-4eb6-b991-c9eaeef91209', 'ADMIN', 'ACTIVE'),
  ('dd275136-e2c4-4b01-a12c-77aee9ab18cc', '2024-01-15 10:00:00+00', NULL, 'buyer1@company39.fake', '$2b$12$Olv.bEpdCcTxcCvcl7VHb.5F71syKnApGrHa3cFXrh0jp65ygfy2a', 'George', 'Miller', '76a7b197-eaf7-4eb6-b991-c9eaeef91209', 'BUYER', 'ACTIVE'),
  ('4b58216e-c5d0-4090-b7fc-b6a18ba1cb47', '2024-01-15 10:00:00+00', NULL, 'buyer2@company39.fake', '$2b$12$Olv.bEpdCcTxcCvcl7VHb.5F71syKnApGrHa3cFXrh0jp65ygfy2a', 'Charlotte', 'Taylor', '76a7b197-eaf7-4eb6-b991-c9eaeef91209', 'BUYER', 'ACTIVE'),
  ('efe69540-5e49-477f-905e-9f3a920ec39c', '2024-01-15 10:00:00+00', NULL, 'buyer3@company39.fake', '$2b$12$Olv.bEpdCcTxcCvcl7VHb.5F71syKnApGrHa3cFXrh0jp65ygfy2a', 'Thomas', 'Jackson', '76a7b197-eaf7-4eb6-b991-c9eaeef91209', 'BUYER', 'ACTIVE'),
  ('0c9ce0dd-c56d-4755-8f76-4e5760bbc3b8', '2024-01-15 10:00:00+00', NULL, 'seller1@company39.fake', '$2b$12$Olv.bEpdCcTxcCvcl7VHb.5F71syKnApGrHa3cFXrh0jp65ygfy2a', 'Lily', 'Martin', '76a7b197-eaf7-4eb6-b991-c9eaeef91209', 'SELLER', 'ACTIVE'),
  ('58854715-531e-4aee-bbe3-fc71b4c67ff3', '2024-01-15 10:00:00+00', NULL, 'seller2@company39.fake', '$2b$12$Olv.bEpdCcTxcCvcl7VHb.5F71syKnApGrHa3cFXrh0jp65ygfy2a', 'Edward', 'Martinez', '76a7b197-eaf7-4eb6-b991-c9eaeef91209', 'SELLER', 'ACTIVE'),
  ('7ade8f74-cea0-4762-a197-ca7084f92ec4', '2024-01-15 10:00:00+00', NULL, 'issuer1@company39.fake', '$2b$12$Olv.bEpdCcTxcCvcl7VHb.5F71syKnApGrHa3cFXrh0jp65ygfy2a', 'Grace', 'Rodriguez', '76a7b197-eaf7-4eb6-b991-c9eaeef91209', 'ISSUER', 'ACTIVE'),
  ('dd7879f1-ab4c-4ac2-9f8d-21e04faa3493', '2024-01-15 10:00:00+00', NULL, 'issuer2@company39.fake', '$2b$12$Olv.bEpdCcTxcCvcl7VHb.5F71syKnApGrHa3cFXrh0jp65ygfy2a', 'Charles', 'Walker', '76a7b197-eaf7-4eb6-b991-c9eaeef91209', 'ISSUER', 'ACTIVE'),
  ('f7f936a7-c6ad-4f71-a663-e8c630bb4f5e', '2024-01-15 10:00:00+00', NULL, 'admin1@company40.fake', '$2b$12$Olv.bEpdCcTxcCvcl7VHb.5F71syKnApGrHa3cFXrh0jp65ygfy2a', 'Hannah', 'Williams', '8ef9ab9c-7420-48de-be3d-0e24a0bf58a5', 'ADMIN', 'ACTIVE'),
  ('f08e76a1-4280-4200-9885-8eeb3023612d', '2024-01-15 10:00:00+00', NULL, 'admin2@company40.fake', '$2b$12$Olv.bEpdCcTxcCvcl7VHb.5F71syKnApGrHa3cFXrh0jp65ygfy2a', 'Alexander', 'Davis', '8ef9ab9c-7420-48de-be3d-0e24a0bf58a5', 'ADMIN', 'ACTIVE'),
  ('c272a8e6-bd12-4b62-803a-c286b94cf211', '2024-01-15 10:00:00+00', NULL, 'admin3@company40.fake', '$2b$12$Olv.bEpdCcTxcCvcl7VHb.5F71syKnApGrHa3cFXrh0jp65ygfy2a', 'Alice', 'Moore', '8ef9ab9c-7420-48de-be3d-0e24a0bf58a5', 'ADMIN', 'ACTIVE'),
  ('11c2035e-0ea8-4c20-9e3c-271c66b2498d', '2024-01-15 10:00:00+00', NULL, 'buyer1@company40.fake', '$2b$12$Olv.bEpdCcTxcCvcl7VHb.5F71syKnApGrHa3cFXrh0jp65ygfy2a', 'Frederick', 'Thomas', '8ef9ab9c-7420-48de-be3d-0e24a0bf58a5', 'BUYER', 'ACTIVE'),
  ('0f5e8042-0b15-4669-9604-bd09c315f335', '2024-01-15 10:00:00+00', NULL, 'buyer2@company40.fake', '$2b$12$Olv.bEpdCcTxcCvcl7VHb.5F71syKnApGrHa3cFXrh0jp65ygfy2a', 'Eleanor', 'Harris', '8ef9ab9c-7420-48de-be3d-0e24a0bf58a5', 'BUYER', 'ACTIVE'),
  ('55c4f169-a7bc-4318-bf91-e02833c43b23', '2024-01-15 10:00:00+00', NULL, 'buyer3@company40.fake', '$2b$12$Olv.bEpdCcTxcCvcl7VHb.5F71syKnApGrHa3cFXrh0jp65ygfy2a', 'Arthur', 'Garcia', '8ef9ab9c-7420-48de-be3d-0e24a0bf58a5', 'BUYER', 'ACTIVE'),
  ('ee889847-cf3b-4088-9cc3-894eec3acaa5', '2024-01-15 10:00:00+00', NULL, 'seller1@company40.fake', '$2b$12$Olv.bEpdCcTxcCvcl7VHb.5F71syKnApGrHa3cFXrh0jp65ygfy2a', 'Victoria', 'Clark', '8ef9ab9c-7420-48de-be3d-0e24a0bf58a5', 'SELLER', 'ACTIVE'),
  ('36f5301a-1d74-4b54-acea-752e8c6f3f4a', '2024-01-15 10:00:00+00', NULL, 'seller2@company40.fake', '$2b$12$Olv.bEpdCcTxcCvcl7VHb.5F71syKnApGrHa3cFXrh0jp65ygfy2a', 'Harry', 'Lee', '8ef9ab9c-7420-48de-be3d-0e24a0bf58a5', 'SELLER', 'ACTIVE'),
  ('2e2b3f92-b683-474d-a064-c76095e8446d', '2024-01-15 10:00:00+00', NULL, 'issuer1@company40.fake', '$2b$12$Olv.bEpdCcTxcCvcl7VHb.5F71syKnApGrHa3cFXrh0jp65ygfy2a', 'Elizabeth', 'Johnson', '8ef9ab9c-7420-48de-be3d-0e24a0bf58a5', 'ISSUER', 'ACTIVE'),
  ('fe4febf1-ba9f-4252-bbb5-a4dd5ea43720', '2024-01-15 10:00:00+00', NULL, 'issuer2@company40.fake', '$2b$12$Olv.bEpdCcTxcCvcl7VHb.5F71syKnApGrHa3cFXrh0jp65ygfy2a', 'Oscar', 'Jones', '8ef9ab9c-7420-48de-be3d-0e24a0bf58a5', 'ISSUER', 'ACTIVE'),
  ('c5ed7856-9f42-4a1e-96f3-481830e65977', '2024-01-15 10:00:00+00', NULL, 'admin1@company41.fake', '$2b$12$Olv.bEpdCcTxcCvcl7VHb.5F71syKnApGrHa3cFXrh0jp65ygfy2a', 'James', 'Wilson', '80cf3f89-7bf4-4e52-b595-9eb0c589f55c', 'ADMIN', 'ACTIVE'),
  ('6c26f181-2297-448b-9bd4-fb5d14a3921a', '2024-01-15 10:00:00+00', NULL, 'admin2@company41.fake', '$2b$12$Olv.bEpdCcTxcCvcl7VHb.5F71syKnApGrHa3cFXrh0jp65ygfy2a', 'Emma', 'Anderson', '80cf3f89-7bf4-4e52-b595-9eb0c589f55c', 'ADMIN', 'ACTIVE'),
  ('11903ea4-38f1-4600-9675-71bd278f7a29', '2024-01-15 10:00:00+00', NULL, 'admin3@company41.fake', '$2b$12$Olv.bEpdCcTxcCvcl7VHb.5F71syKnApGrHa3cFXrh0jp65ygfy2a', 'Oliver', 'White', '80cf3f89-7bf4-4e52-b595-9eb0c589f55c', 'ADMIN', 'ACTIVE'),
  ('03917e00-663a-4bd1-9399-3f430b2743a1', '2024-01-15 10:00:00+00', NULL, 'buyer1@company41.fake', '$2b$12$Olv.bEpdCcTxcCvcl7VHb.5F71syKnApGrHa3cFXrh0jp65ygfy2a', 'Sophia', 'Thompson', '80cf3f89-7bf4-4e52-b595-9eb0c589f55c', 'BUYER', 'ACTIVE'),
  ('101ae64c-2c01-4ccf-b5ea-e9b86f8ccbd1', '2024-01-15 10:00:00+00', NULL, 'buyer2@company41.fake', '$2b$12$Olv.bEpdCcTxcCvcl7VHb.5F71syKnApGrHa3cFXrh0jp65ygfy2a', 'William', 'Robinson', '80cf3f89-7bf4-4e52-b595-9eb0c589f55c', 'BUYER', 'ACTIVE'),
  ('c51d4968-2c3a-4756-8f57-8789fecef2a8', '2024-01-15 10:00:00+00', NULL, 'buyer3@company41.fake', '$2b$12$Olv.bEpdCcTxcCvcl7VHb.5F71syKnApGrHa3cFXrh0jp65ygfy2a', 'Isabella', 'Lewis', '80cf3f89-7bf4-4e52-b595-9eb0c589f55c', 'BUYER', 'ACTIVE'),
  ('c434611f-7a52-4e0c-ae93-6fdfe980e6a1', '2024-01-15 10:00:00+00', NULL, 'seller1@company41.fake', '$2b$12$Olv.bEpdCcTxcCvcl7VHb.5F71syKnApGrHa3cFXrh0jp65ygfy2a', 'Henry', 'Smith', '80cf3f89-7bf4-4e52-b595-9eb0c589f55c', 'SELLER', 'ACTIVE'),
  ('45f94d60-c58f-4091-8674-8b3e2e6b887f', '2024-01-15 10:00:00+00', NULL, 'seller2@company41.fake', '$2b$12$Olv.bEpdCcTxcCvcl7VHb.5F71syKnApGrHa3cFXrh0jp65ygfy2a', 'Amelia', 'Brown', '80cf3f89-7bf4-4e52-b595-9eb0c589f55c', 'SELLER', 'ACTIVE'),
  ('5a0cc96a-ca88-4078-af13-c628da7ddb7e', '2024-01-15 10:00:00+00', NULL, 'issuer1@company41.fake', '$2b$12$Olv.bEpdCcTxcCvcl7VHb.5F71syKnApGrHa3cFXrh0jp65ygfy2a', 'George', 'Miller', '80cf3f89-7bf4-4e52-b595-9eb0c589f55c', 'ISSUER', 'ACTIVE'),
  ('7105d400-53ea-4adb-ada2-b309fecef1ca', '2024-01-15 10:00:00+00', NULL, 'issuer2@company41.fake', '$2b$12$Olv.bEpdCcTxcCvcl7VHb.5F71syKnApGrHa3cFXrh0jp65ygfy2a', 'Charlotte', 'Taylor', '80cf3f89-7bf4-4e52-b595-9eb0c589f55c', 'ISSUER', 'ACTIVE'),
  ('08f7e5f7-733c-4a3a-981d-79f4b612554a', '2024-01-15 10:00:00+00', NULL, 'admin1@company42.fake', '$2b$12$Olv.bEpdCcTxcCvcl7VHb.5F71syKnApGrHa3cFXrh0jp65ygfy2a', 'Thomas', 'Jackson', 'c5a892c6-65b0-42ff-af62-c87161b26402', 'ADMIN', 'ACTIVE'),
  ('71a961a9-5d6b-435b-81a8-03a880e5f8bf', '2024-01-15 10:00:00+00', NULL, 'admin2@company42.fake', '$2b$12$Olv.bEpdCcTxcCvcl7VHb.5F71syKnApGrHa3cFXrh0jp65ygfy2a', 'Lily', 'Martin', 'c5a892c6-65b0-42ff-af62-c87161b26402', 'ADMIN', 'ACTIVE'),
  ('f0c8296e-3397-481f-a1bf-b4d85361d703', '2024-01-15 10:00:00+00', NULL, 'admin3@company42.fake', '$2b$12$Olv.bEpdCcTxcCvcl7VHb.5F71syKnApGrHa3cFXrh0jp65ygfy2a', 'Edward', 'Martinez', 'c5a892c6-65b0-42ff-af62-c87161b26402', 'ADMIN', 'ACTIVE'),
  ('ffafacbf-baa0-4574-87d3-0568923b38c0', '2024-01-15 10:00:00+00', NULL, 'buyer1@company42.fake', '$2b$12$Olv.bEpdCcTxcCvcl7VHb.5F71syKnApGrHa3cFXrh0jp65ygfy2a', 'Grace', 'Rodriguez', 'c5a892c6-65b0-42ff-af62-c87161b26402', 'BUYER', 'ACTIVE'),
  ('9d875faf-613e-4916-b2fa-a4e459581ea9', '2024-01-15 10:00:00+00', NULL, 'buyer2@company42.fake', '$2b$12$Olv.bEpdCcTxcCvcl7VHb.5F71syKnApGrHa3cFXrh0jp65ygfy2a', 'Charles', 'Walker', 'c5a892c6-65b0-42ff-af62-c87161b26402', 'BUYER', 'ACTIVE'),
  ('862610c4-9af3-4b1f-82ef-faa8acda3a69', '2024-01-15 10:00:00+00', NULL, 'buyer3@company42.fake', '$2b$12$Olv.bEpdCcTxcCvcl7VHb.5F71syKnApGrHa3cFXrh0jp65ygfy2a', 'Hannah', 'Williams', 'c5a892c6-65b0-42ff-af62-c87161b26402', 'BUYER', 'ACTIVE'),
  ('fcdb449c-a93b-477a-a106-7825d5eb57f9', '2024-01-15 10:00:00+00', NULL, 'seller1@company42.fake', '$2b$12$Olv.bEpdCcTxcCvcl7VHb.5F71syKnApGrHa3cFXrh0jp65ygfy2a', 'Alexander', 'Davis', 'c5a892c6-65b0-42ff-af62-c87161b26402', 'SELLER', 'ACTIVE'),
  ('83793466-53e1-4c98-8d46-0fdae6ae7e3f', '2024-01-15 10:00:00+00', NULL, 'seller2@company42.fake', '$2b$12$Olv.bEpdCcTxcCvcl7VHb.5F71syKnApGrHa3cFXrh0jp65ygfy2a', 'Alice', 'Moore', 'c5a892c6-65b0-42ff-af62-c87161b26402', 'SELLER', 'ACTIVE'),
  ('2abe5544-04ad-4c34-9556-6c6d75339c89', '2024-01-15 10:00:00+00', NULL, 'issuer1@company42.fake', '$2b$12$Olv.bEpdCcTxcCvcl7VHb.5F71syKnApGrHa3cFXrh0jp65ygfy2a', 'Frederick', 'Thomas', 'c5a892c6-65b0-42ff-af62-c87161b26402', 'ISSUER', 'ACTIVE'),
  ('73684a1e-ce54-4083-9c4f-d79196eb75f7', '2024-01-15 10:00:00+00', NULL, 'issuer2@company42.fake', '$2b$12$Olv.bEpdCcTxcCvcl7VHb.5F71syKnApGrHa3cFXrh0jp65ygfy2a', 'Eleanor', 'Harris', 'c5a892c6-65b0-42ff-af62-c87161b26402', 'ISSUER', 'ACTIVE'),
  ('6373801e-fba2-4cbe-8fb6-ad81706ad1ba', '2024-01-15 10:00:00+00', NULL, 'admin1@company43.fake', '$2b$12$Olv.bEpdCcTxcCvcl7VHb.5F71syKnApGrHa3cFXrh0jp65ygfy2a', 'Arthur', 'Garcia', '760b3976-7bd0-4485-a0e8-4d14358fd9a9', 'ADMIN', 'ACTIVE'),
  ('49cf6ad1-c670-4128-82fd-534394cb49d1', '2024-01-15 10:00:00+00', NULL, 'admin2@company43.fake', '$2b$12$Olv.bEpdCcTxcCvcl7VHb.5F71syKnApGrHa3cFXrh0jp65ygfy2a', 'Victoria', 'Clark', '760b3976-7bd0-4485-a0e8-4d14358fd9a9', 'ADMIN', 'ACTIVE'),
  ('fba812b0-598e-43a4-ac2a-e2367f580805', '2024-01-15 10:00:00+00', NULL, 'admin3@company43.fake', '$2b$12$Olv.bEpdCcTxcCvcl7VHb.5F71syKnApGrHa3cFXrh0jp65ygfy2a', 'Harry', 'Lee', '760b3976-7bd0-4485-a0e8-4d14358fd9a9', 'ADMIN', 'ACTIVE'),
  ('295ec596-8361-4d45-9e6b-6f4f961c5c37', '2024-01-15 10:00:00+00', NULL, 'buyer1@company43.fake', '$2b$12$Olv.bEpdCcTxcCvcl7VHb.5F71syKnApGrHa3cFXrh0jp65ygfy2a', 'Elizabeth', 'Johnson', '760b3976-7bd0-4485-a0e8-4d14358fd9a9', 'BUYER', 'ACTIVE'),
  ('9833cf0b-f2f8-4e84-8eb4-6352bdac856a', '2024-01-15 10:00:00+00', NULL, 'buyer2@company43.fake', '$2b$12$Olv.bEpdCcTxcCvcl7VHb.5F71syKnApGrHa3cFXrh0jp65ygfy2a', 'Oscar', 'Jones', '760b3976-7bd0-4485-a0e8-4d14358fd9a9', 'BUYER', 'ACTIVE'),
  ('8d6b690a-6fcc-48e6-a764-1a80647ff2bd', '2024-01-15 10:00:00+00', NULL, 'buyer3@company43.fake', '$2b$12$Olv.bEpdCcTxcCvcl7VHb.5F71syKnApGrHa3cFXrh0jp65ygfy2a', 'James', 'Wilson', '760b3976-7bd0-4485-a0e8-4d14358fd9a9', 'BUYER', 'ACTIVE'),
  ('68512ca0-3ba2-473f-82ab-2f31b968a27e', '2024-01-15 10:00:00+00', NULL, 'seller1@company43.fake', '$2b$12$Olv.bEpdCcTxcCvcl7VHb.5F71syKnApGrHa3cFXrh0jp65ygfy2a', 'Emma', 'Anderson', '760b3976-7bd0-4485-a0e8-4d14358fd9a9', 'SELLER', 'ACTIVE'),
  ('fdb0662e-d1f3-4cb7-889b-07509ef2efb9', '2024-01-15 10:00:00+00', NULL, 'seller2@company43.fake', '$2b$12$Olv.bEpdCcTxcCvcl7VHb.5F71syKnApGrHa3cFXrh0jp65ygfy2a', 'Oliver', 'White', '760b3976-7bd0-4485-a0e8-4d14358fd9a9', 'SELLER', 'ACTIVE'),
  ('222608ae-e9d2-40fe-9adf-f98e13f7c47d', '2024-01-15 10:00:00+00', NULL, 'issuer1@company43.fake', '$2b$12$Olv.bEpdCcTxcCvcl7VHb.5F71syKnApGrHa3cFXrh0jp65ygfy2a', 'Sophia', 'Thompson', '760b3976-7bd0-4485-a0e8-4d14358fd9a9', 'ISSUER', 'ACTIVE'),
  ('53b9e348-e97c-4efe-a317-77cd850d584b', '2024-01-15 10:00:00+00', NULL, 'issuer2@company43.fake', '$2b$12$Olv.bEpdCcTxcCvcl7VHb.5F71syKnApGrHa3cFXrh0jp65ygfy2a', 'William', 'Robinson', '760b3976-7bd0-4485-a0e8-4d14358fd9a9', 'ISSUER', 'ACTIVE'),
  ('f76df9b2-decc-476a-bdb7-48aa301eb3bd', '2024-01-15 10:00:00+00', NULL, 'admin1@company44.fake', '$2b$12$Olv.bEpdCcTxcCvcl7VHb.5F71syKnApGrHa3cFXrh0jp65ygfy2a', 'Isabella', 'Lewis', 'bfee85b3-0760-4d75-a8c6-2f9efa3f6bae', 'ADMIN', 'ACTIVE'),
  ('577877bf-b978-4c1b-bec0-3561fc0d934b', '2024-01-15 10:00:00+00', NULL, 'admin2@company44.fake', '$2b$12$Olv.bEpdCcTxcCvcl7VHb.5F71syKnApGrHa3cFXrh0jp65ygfy2a', 'Henry', 'Smith', 'bfee85b3-0760-4d75-a8c6-2f9efa3f6bae', 'ADMIN', 'ACTIVE'),
  ('a08335cf-cf57-47dc-990b-3b67cc22df58', '2024-01-15 10:00:00+00', NULL, 'admin3@company44.fake', '$2b$12$Olv.bEpdCcTxcCvcl7VHb.5F71syKnApGrHa3cFXrh0jp65ygfy2a', 'Amelia', 'Brown', 'bfee85b3-0760-4d75-a8c6-2f9efa3f6bae', 'ADMIN', 'ACTIVE'),
  ('07073525-d9f4-4f69-bb45-a6ff382e7e84', '2024-01-15 10:00:00+00', NULL, 'buyer1@company44.fake', '$2b$12$Olv.bEpdCcTxcCvcl7VHb.5F71syKnApGrHa3cFXrh0jp65ygfy2a', 'George', 'Miller', 'bfee85b3-0760-4d75-a8c6-2f9efa3f6bae', 'BUYER', 'ACTIVE'),
  ('eca7de2e-9588-417a-90ce-4c063e1be673', '2024-01-15 10:00:00+00', NULL, 'buyer2@company44.fake', '$2b$12$Olv.bEpdCcTxcCvcl7VHb.5F71syKnApGrHa3cFXrh0jp65ygfy2a', 'Charlotte', 'Taylor', 'bfee85b3-0760-4d75-a8c6-2f9efa3f6bae', 'BUYER', 'ACTIVE'),
  ('146d5539-c067-4698-b166-bdc04d7d40c3', '2024-01-15 10:00:00+00', NULL, 'buyer3@company44.fake', '$2b$12$Olv.bEpdCcTxcCvcl7VHb.5F71syKnApGrHa3cFXrh0jp65ygfy2a', 'Thomas', 'Jackson', 'bfee85b3-0760-4d75-a8c6-2f9efa3f6bae', 'BUYER', 'ACTIVE'),
  ('93db3800-4e2f-4015-b735-33bd1ca051ad', '2024-01-15 10:00:00+00', NULL, 'seller1@company44.fake', '$2b$12$Olv.bEpdCcTxcCvcl7VHb.5F71syKnApGrHa3cFXrh0jp65ygfy2a', 'Lily', 'Martin', 'bfee85b3-0760-4d75-a8c6-2f9efa3f6bae', 'SELLER', 'ACTIVE'),
  ('dcd30a9c-b1cf-4542-8a51-88f585908647', '2024-01-15 10:00:00+00', NULL, 'seller2@company44.fake', '$2b$12$Olv.bEpdCcTxcCvcl7VHb.5F71syKnApGrHa3cFXrh0jp65ygfy2a', 'Edward', 'Martinez', 'bfee85b3-0760-4d75-a8c6-2f9efa3f6bae', 'SELLER', 'ACTIVE'),
  ('b0b5fa55-5a55-489b-9946-10b9bd0ef448', '2024-01-15 10:00:00+00', NULL, 'issuer1@company44.fake', '$2b$12$Olv.bEpdCcTxcCvcl7VHb.5F71syKnApGrHa3cFXrh0jp65ygfy2a', 'Grace', 'Rodriguez', 'bfee85b3-0760-4d75-a8c6-2f9efa3f6bae', 'ISSUER', 'ACTIVE'),
  ('9266574b-0b2d-47d7-935b-0cf4c28f77b4', '2024-01-15 10:00:00+00', NULL, 'issuer2@company44.fake', '$2b$12$Olv.bEpdCcTxcCvcl7VHb.5F71syKnApGrHa3cFXrh0jp65ygfy2a', 'Charles', 'Walker', 'bfee85b3-0760-4d75-a8c6-2f9efa3f6bae', 'ISSUER', 'ACTIVE'),
  ('0c41b1da-2773-4454-8dd0-6a657efa17a0', '2024-01-15 10:00:00+00', NULL, 'admin1@company45.fake', '$2b$12$Olv.bEpdCcTxcCvcl7VHb.5F71syKnApGrHa3cFXrh0jp65ygfy2a', 'Hannah', 'Williams', 'ee04c68d-1240-4b44-8c92-60af94aabd18', 'ADMIN', 'ACTIVE'),
  ('4940fc21-45cc-4333-8bf1-88ef3e822d5b', '2024-01-15 10:00:00+00', NULL, 'admin2@company45.fake', '$2b$12$Olv.bEpdCcTxcCvcl7VHb.5F71syKnApGrHa3cFXrh0jp65ygfy2a', 'Alexander', 'Davis', 'ee04c68d-1240-4b44-8c92-60af94aabd18', 'ADMIN', 'ACTIVE'),
  ('9f8ca39a-d972-47ea-9ef3-c1c3504fda14', '2024-01-15 10:00:00+00', NULL, 'admin3@company45.fake', '$2b$12$Olv.bEpdCcTxcCvcl7VHb.5F71syKnApGrHa3cFXrh0jp65ygfy2a', 'Alice', 'Moore', 'ee04c68d-1240-4b44-8c92-60af94aabd18', 'ADMIN', 'ACTIVE'),
  ('7ab97f3f-9995-4ed1-bc7d-0cd84c81b3d7', '2024-01-15 10:00:00+00', NULL, 'buyer1@company45.fake', '$2b$12$Olv.bEpdCcTxcCvcl7VHb.5F71syKnApGrHa3cFXrh0jp65ygfy2a', 'Frederick', 'Thomas', 'ee04c68d-1240-4b44-8c92-60af94aabd18', 'BUYER', 'ACTIVE'),
  ('9dddb698-33d3-4b04-b646-b85c8da6e00f', '2024-01-15 10:00:00+00', NULL, 'buyer2@company45.fake', '$2b$12$Olv.bEpdCcTxcCvcl7VHb.5F71syKnApGrHa3cFXrh0jp65ygfy2a', 'Eleanor', 'Harris', 'ee04c68d-1240-4b44-8c92-60af94aabd18', 'BUYER', 'ACTIVE'),
  ('46c97bbb-e355-42ea-8102-36964bd05557', '2024-01-15 10:00:00+00', NULL, 'buyer3@company45.fake', '$2b$12$Olv.bEpdCcTxcCvcl7VHb.5F71syKnApGrHa3cFXrh0jp65ygfy2a', 'Arthur', 'Garcia', 'ee04c68d-1240-4b44-8c92-60af94aabd18', 'BUYER', 'ACTIVE'),
  ('27df7347-3df3-4ece-8fe1-9cdb95e8e246', '2024-01-15 10:00:00+00', NULL, 'seller1@company45.fake', '$2b$12$Olv.bEpdCcTxcCvcl7VHb.5F71syKnApGrHa3cFXrh0jp65ygfy2a', 'Victoria', 'Clark', 'ee04c68d-1240-4b44-8c92-60af94aabd18', 'SELLER', 'ACTIVE'),
  ('695c00b1-2c83-47b7-9157-dae3fbb251ab', '2024-01-15 10:00:00+00', NULL, 'seller2@company45.fake', '$2b$12$Olv.bEpdCcTxcCvcl7VHb.5F71syKnApGrHa3cFXrh0jp65ygfy2a', 'Harry', 'Lee', 'ee04c68d-1240-4b44-8c92-60af94aabd18', 'SELLER', 'ACTIVE'),
  ('4e3d7250-8bd9-4dca-9684-18a866059aef', '2024-01-15 10:00:00+00', NULL, 'issuer1@company45.fake', '$2b$12$Olv.bEpdCcTxcCvcl7VHb.5F71syKnApGrHa3cFXrh0jp65ygfy2a', 'Elizabeth', 'Johnson', 'ee04c68d-1240-4b44-8c92-60af94aabd18', 'ISSUER', 'ACTIVE'),
  ('08ca25fb-b48b-433d-bdc9-2768cc4211e0', '2024-01-15 10:00:00+00', NULL, 'issuer2@company45.fake', '$2b$12$Olv.bEpdCcTxcCvcl7VHb.5F71syKnApGrHa3cFXrh0jp65ygfy2a', 'Oscar', 'Jones', 'ee04c68d-1240-4b44-8c92-60af94aabd18', 'ISSUER', 'ACTIVE'),
  ('fd69fd8e-0962-45a0-83bf-25681fcc76c1', '2024-01-15 10:00:00+00', NULL, 'admin1@company46.fake', '$2b$12$Olv.bEpdCcTxcCvcl7VHb.5F71syKnApGrHa3cFXrh0jp65ygfy2a', 'James', 'Wilson', '918cb86a-a675-4079-b530-7ba7d7017cd3', 'ADMIN', 'ACTIVE'),
  ('8518996f-06f1-4ccf-aa64-3211bbc9e886', '2024-01-15 10:00:00+00', NULL, 'admin2@company46.fake', '$2b$12$Olv.bEpdCcTxcCvcl7VHb.5F71syKnApGrHa3cFXrh0jp65ygfy2a', 'Emma', 'Anderson', '918cb86a-a675-4079-b530-7ba7d7017cd3', 'ADMIN', 'ACTIVE'),
  ('6d0e1386-114d-4a48-b480-b6e24167e8fb', '2024-01-15 10:00:00+00', NULL, 'admin3@company46.fake', '$2b$12$Olv.bEpdCcTxcCvcl7VHb.5F71syKnApGrHa3cFXrh0jp65ygfy2a', 'Oliver', 'White', '918cb86a-a675-4079-b530-7ba7d7017cd3', 'ADMIN', 'ACTIVE'),
  ('f3b64d8d-ce72-44e9-9338-d696bb526761', '2024-01-15 10:00:00+00', NULL, 'buyer1@company46.fake', '$2b$12$Olv.bEpdCcTxcCvcl7VHb.5F71syKnApGrHa3cFXrh0jp65ygfy2a', 'Sophia', 'Thompson', '918cb86a-a675-4079-b530-7ba7d7017cd3', 'BUYER', 'ACTIVE'),
  ('0dd67761-f295-486b-a7b9-8dba50597c98', '2024-01-15 10:00:00+00', NULL, 'buyer2@company46.fake', '$2b$12$Olv.bEpdCcTxcCvcl7VHb.5F71syKnApGrHa3cFXrh0jp65ygfy2a', 'William', 'Robinson', '918cb86a-a675-4079-b530-7ba7d7017cd3', 'BUYER', 'ACTIVE'),
  ('d5660f62-5a8a-4738-b111-58d2270e2922', '2024-01-15 10:00:00+00', NULL, 'buyer3@company46.fake', '$2b$12$Olv.bEpdCcTxcCvcl7VHb.5F71syKnApGrHa3cFXrh0jp65ygfy2a', 'Isabella', 'Lewis', '918cb86a-a675-4079-b530-7ba7d7017cd3', 'BUYER', 'ACTIVE'),
  ('0163b10c-a954-40b6-909b-f151df3f5141', '2024-01-15 10:00:00+00', NULL, 'seller1@company46.fake', '$2b$12$Olv.bEpdCcTxcCvcl7VHb.5F71syKnApGrHa3cFXrh0jp65ygfy2a', 'Henry', 'Smith', '918cb86a-a675-4079-b530-7ba7d7017cd3', 'SELLER', 'ACTIVE'),
  ('93f347b2-5ac6-4c72-8090-1abb9ef84447', '2024-01-15 10:00:00+00', NULL, 'seller2@company46.fake', '$2b$12$Olv.bEpdCcTxcCvcl7VHb.5F71syKnApGrHa3cFXrh0jp65ygfy2a', 'Amelia', 'Brown', '918cb86a-a675-4079-b530-7ba7d7017cd3', 'SELLER', 'ACTIVE'),
  ('e68da31f-42ac-44cc-9df5-8b306d433bc0', '2024-01-15 10:00:00+00', NULL, 'issuer1@company46.fake', '$2b$12$Olv.bEpdCcTxcCvcl7VHb.5F71syKnApGrHa3cFXrh0jp65ygfy2a', 'George', 'Miller', '918cb86a-a675-4079-b530-7ba7d7017cd3', 'ISSUER', 'ACTIVE'),
  ('75ed6953-32b0-4339-9aea-e8446facdb4f', '2024-01-15 10:00:00+00', NULL, 'issuer2@company46.fake', '$2b$12$Olv.bEpdCcTxcCvcl7VHb.5F71syKnApGrHa3cFXrh0jp65ygfy2a', 'Charlotte', 'Taylor', '918cb86a-a675-4079-b530-7ba7d7017cd3', 'ISSUER', 'ACTIVE'),
  ('2262d0d6-e628-4c6f-9bea-42c3cb2b677d', '2024-01-15 10:00:00+00', NULL, 'admin1@company47.fake', '$2b$12$Olv.bEpdCcTxcCvcl7VHb.5F71syKnApGrHa3cFXrh0jp65ygfy2a', 'Thomas', 'Jackson', '5f112412-9ede-4383-a1ef-eab94eccfe53', 'ADMIN', 'ACTIVE'),
  ('7e6a3038-a123-46f9-a0a9-41244bce516d', '2024-01-15 10:00:00+00', NULL, 'admin2@company47.fake', '$2b$12$Olv.bEpdCcTxcCvcl7VHb.5F71syKnApGrHa3cFXrh0jp65ygfy2a', 'Lily', 'Martin', '5f112412-9ede-4383-a1ef-eab94eccfe53', 'ADMIN', 'ACTIVE'),
  ('ed3a3ec7-9a42-46ef-a4db-a1deee1f82fa', '2024-01-15 10:00:00+00', NULL, 'admin3@company47.fake', '$2b$12$Olv.bEpdCcTxcCvcl7VHb.5F71syKnApGrHa3cFXrh0jp65ygfy2a', 'Edward', 'Martinez', '5f112412-9ede-4383-a1ef-eab94eccfe53', 'ADMIN', 'ACTIVE'),
  ('c40441ab-72a1-4ecd-8bc2-7dbfb89a13a9', '2024-01-15 10:00:00+00', NULL, 'buyer1@company47.fake', '$2b$12$Olv.bEpdCcTxcCvcl7VHb.5F71syKnApGrHa3cFXrh0jp65ygfy2a', 'Grace', 'Rodriguez', '5f112412-9ede-4383-a1ef-eab94eccfe53', 'BUYER', 'ACTIVE'),
  ('8cd15dbb-1527-4e60-b2ed-599ee6e327ff', '2024-01-15 10:00:00+00', NULL, 'buyer2@company47.fake', '$2b$12$Olv.bEpdCcTxcCvcl7VHb.5F71syKnApGrHa3cFXrh0jp65ygfy2a', 'Charles', 'Walker', '5f112412-9ede-4383-a1ef-eab94eccfe53', 'BUYER', 'ACTIVE'),
  ('0a5c78c9-437b-4b2a-a666-f3844ac4add9', '2024-01-15 10:00:00+00', NULL, 'buyer3@company47.fake', '$2b$12$Olv.bEpdCcTxcCvcl7VHb.5F71syKnApGrHa3cFXrh0jp65ygfy2a', 'Hannah', 'Williams', '5f112412-9ede-4383-a1ef-eab94eccfe53', 'BUYER', 'ACTIVE'),
  ('473a2273-2849-4add-b385-b8503f3e959c', '2024-01-15 10:00:00+00', NULL, 'seller1@company47.fake', '$2b$12$Olv.bEpdCcTxcCvcl7VHb.5F71syKnApGrHa3cFXrh0jp65ygfy2a', 'Alexander', 'Davis', '5f112412-9ede-4383-a1ef-eab94eccfe53', 'SELLER', 'ACTIVE'),
  ('8e1bf763-5b1c-48a6-8b08-23271f8c79ee', '2024-01-15 10:00:00+00', NULL, 'seller2@company47.fake', '$2b$12$Olv.bEpdCcTxcCvcl7VHb.5F71syKnApGrHa3cFXrh0jp65ygfy2a', 'Alice', 'Moore', '5f112412-9ede-4383-a1ef-eab94eccfe53', 'SELLER', 'ACTIVE'),
  ('d90db23a-b066-475f-8661-16599dc321e4', '2024-01-15 10:00:00+00', NULL, 'issuer1@company47.fake', '$2b$12$Olv.bEpdCcTxcCvcl7VHb.5F71syKnApGrHa3cFXrh0jp65ygfy2a', 'Frederick', 'Thomas', '5f112412-9ede-4383-a1ef-eab94eccfe53', 'ISSUER', 'ACTIVE'),
  ('0e979f5c-0599-4166-8c9c-9992662011df', '2024-01-15 10:00:00+00', NULL, 'issuer2@company47.fake', '$2b$12$Olv.bEpdCcTxcCvcl7VHb.5F71syKnApGrHa3cFXrh0jp65ygfy2a', 'Eleanor', 'Harris', '5f112412-9ede-4383-a1ef-eab94eccfe53', 'ISSUER', 'ACTIVE'),
  ('8dc8d1e7-c8b6-43d6-a837-d0670d5da2a9', '2024-01-15 10:00:00+00', NULL, 'admin1@company48.fake', '$2b$12$Olv.bEpdCcTxcCvcl7VHb.5F71syKnApGrHa3cFXrh0jp65ygfy2a', 'Arthur', 'Garcia', '3de0da7e-306c-4048-afd2-bbb6c2fd7913', 'ADMIN', 'ACTIVE'),
  ('2d9fbcfc-8f42-4952-97ec-9e511686fd7a', '2024-01-15 10:00:00+00', NULL, 'admin2@company48.fake', '$2b$12$Olv.bEpdCcTxcCvcl7VHb.5F71syKnApGrHa3cFXrh0jp65ygfy2a', 'Victoria', 'Clark', '3de0da7e-306c-4048-afd2-bbb6c2fd7913', 'ADMIN', 'ACTIVE'),
  ('5fd9c27c-9316-4eb2-bfbe-808dcea939de', '2024-01-15 10:00:00+00', NULL, 'admin3@company48.fake', '$2b$12$Olv.bEpdCcTxcCvcl7VHb.5F71syKnApGrHa3cFXrh0jp65ygfy2a', 'Harry', 'Lee', '3de0da7e-306c-4048-afd2-bbb6c2fd7913', 'ADMIN', 'ACTIVE'),
  ('40109515-cb57-407b-8845-efd68fcbc899', '2024-01-15 10:00:00+00', NULL, 'buyer1@company48.fake', '$2b$12$Olv.bEpdCcTxcCvcl7VHb.5F71syKnApGrHa3cFXrh0jp65ygfy2a', 'Elizabeth', 'Johnson', '3de0da7e-306c-4048-afd2-bbb6c2fd7913', 'BUYER', 'ACTIVE'),
  ('6adae854-ccd0-48db-aac6-c3ea58cae1ee', '2024-01-15 10:00:00+00', NULL, 'buyer2@company48.fake', '$2b$12$Olv.bEpdCcTxcCvcl7VHb.5F71syKnApGrHa3cFXrh0jp65ygfy2a', 'Oscar', 'Jones', '3de0da7e-306c-4048-afd2-bbb6c2fd7913', 'BUYER', 'ACTIVE'),
  ('7c82e773-0c0a-4f06-8cf0-02d590a2ad62', '2024-01-15 10:00:00+00', NULL, 'buyer3@company48.fake', '$2b$12$Olv.bEpdCcTxcCvcl7VHb.5F71syKnApGrHa3cFXrh0jp65ygfy2a', 'James', 'Wilson', '3de0da7e-306c-4048-afd2-bbb6c2fd7913', 'BUYER', 'ACTIVE'),
  ('842aa55d-937b-4ca5-9e2b-3465e557aa97', '2024-01-15 10:00:00+00', NULL, 'seller1@company48.fake', '$2b$12$Olv.bEpdCcTxcCvcl7VHb.5F71syKnApGrHa3cFXrh0jp65ygfy2a', 'Emma', 'Anderson', '3de0da7e-306c-4048-afd2-bbb6c2fd7913', 'SELLER', 'ACTIVE'),
  ('931f066a-bee0-43d5-bb50-a01adeaf66b9', '2024-01-15 10:00:00+00', NULL, 'seller2@company48.fake', '$2b$12$Olv.bEpdCcTxcCvcl7VHb.5F71syKnApGrHa3cFXrh0jp65ygfy2a', 'Oliver', 'White', '3de0da7e-306c-4048-afd2-bbb6c2fd7913', 'SELLER', 'ACTIVE'),
  ('76bd5071-18e0-4a6a-8ba4-97274a314ef7', '2024-01-15 10:00:00+00', NULL, 'issuer1@company48.fake', '$2b$12$Olv.bEpdCcTxcCvcl7VHb.5F71syKnApGrHa3cFXrh0jp65ygfy2a', 'Sophia', 'Thompson', '3de0da7e-306c-4048-afd2-bbb6c2fd7913', 'ISSUER', 'ACTIVE'),
  ('4e6bd974-9f97-4608-9e3e-d397328895f0', '2024-01-15 10:00:00+00', NULL, 'issuer2@company48.fake', '$2b$12$Olv.bEpdCcTxcCvcl7VHb.5F71syKnApGrHa3cFXrh0jp65ygfy2a', 'William', 'Robinson', '3de0da7e-306c-4048-afd2-bbb6c2fd7913', 'ISSUER', 'ACTIVE'),
  ('30968ada-ffd7-4f6a-9f94-93918e759e66', '2024-01-15 10:00:00+00', NULL, 'admin1@company49.fake', '$2b$12$Olv.bEpdCcTxcCvcl7VHb.5F71syKnApGrHa3cFXrh0jp65ygfy2a', 'Isabella', 'Lewis', 'aabac92b-dbea-4ac3-9b75-cc6ca52f8cb5', 'ADMIN', 'ACTIVE'),
  ('c66e5df4-3af1-4536-8904-7af7ffae6183', '2024-01-15 10:00:00+00', NULL, 'admin2@company49.fake', '$2b$12$Olv.bEpdCcTxcCvcl7VHb.5F71syKnApGrHa3cFXrh0jp65ygfy2a', 'Henry', 'Smith', 'aabac92b-dbea-4ac3-9b75-cc6ca52f8cb5', 'ADMIN', 'ACTIVE'),
  ('b9bc9c88-c444-4ebf-b770-da3bc94c6d48', '2024-01-15 10:00:00+00', NULL, 'admin3@company49.fake', '$2b$12$Olv.bEpdCcTxcCvcl7VHb.5F71syKnApGrHa3cFXrh0jp65ygfy2a', 'Amelia', 'Brown', 'aabac92b-dbea-4ac3-9b75-cc6ca52f8cb5', 'ADMIN', 'ACTIVE'),
  ('117b4a67-8140-475d-b23b-d56719eb9069', '2024-01-15 10:00:00+00', NULL, 'buyer1@company49.fake', '$2b$12$Olv.bEpdCcTxcCvcl7VHb.5F71syKnApGrHa3cFXrh0jp65ygfy2a', 'George', 'Miller', 'aabac92b-dbea-4ac3-9b75-cc6ca52f8cb5', 'BUYER', 'ACTIVE'),
  ('3cd1d7c3-18fe-4690-9073-29f5b09279de', '2024-01-15 10:00:00+00', NULL, 'buyer2@company49.fake', '$2b$12$Olv.bEpdCcTxcCvcl7VHb.5F71syKnApGrHa3cFXrh0jp65ygfy2a', 'Charlotte', 'Taylor', 'aabac92b-dbea-4ac3-9b75-cc6ca52f8cb5', 'BUYER', 'ACTIVE'),
  ('59fc259b-99bb-4935-9c54-ea9de709dbe0', '2024-01-15 10:00:00+00', NULL, 'buyer3@company49.fake', '$2b$12$Olv.bEpdCcTxcCvcl7VHb.5F71syKnApGrHa3cFXrh0jp65ygfy2a', 'Thomas', 'Jackson', 'aabac92b-dbea-4ac3-9b75-cc6ca52f8cb5', 'BUYER', 'ACTIVE'),
  ('09f5d0b7-d1ad-439f-8e66-2eebd336f1e0', '2024-01-15 10:00:00+00', NULL, 'seller1@company49.fake', '$2b$12$Olv.bEpdCcTxcCvcl7VHb.5F71syKnApGrHa3cFXrh0jp65ygfy2a', 'Lily', 'Martin', 'aabac92b-dbea-4ac3-9b75-cc6ca52f8cb5', 'SELLER', 'ACTIVE'),
  ('6e6c3b2c-321e-4a41-962e-a4dc2d5735a6', '2024-01-15 10:00:00+00', NULL, 'seller2@company49.fake', '$2b$12$Olv.bEpdCcTxcCvcl7VHb.5F71syKnApGrHa3cFXrh0jp65ygfy2a', 'Edward', 'Martinez', 'aabac92b-dbea-4ac3-9b75-cc6ca52f8cb5', 'SELLER', 'ACTIVE'),
  ('992f92c2-668d-4caf-927f-d552f194f83f', '2024-01-15 10:00:00+00', NULL, 'issuer1@company49.fake', '$2b$12$Olv.bEpdCcTxcCvcl7VHb.5F71syKnApGrHa3cFXrh0jp65ygfy2a', 'Grace', 'Rodriguez', 'aabac92b-dbea-4ac3-9b75-cc6ca52f8cb5', 'ISSUER', 'ACTIVE'),
  ('6e2e18c2-dcbf-4eb9-a339-e99292538f04', '2024-01-15 10:00:00+00', NULL, 'issuer2@company49.fake', '$2b$12$Olv.bEpdCcTxcCvcl7VHb.5F71syKnApGrHa3cFXrh0jp65ygfy2a', 'Charles', 'Walker', 'aabac92b-dbea-4ac3-9b75-cc6ca52f8cb5', 'ISSUER', 'ACTIVE'),
  ('864ca4e8-33bd-45f2-91b4-13e0d27234c8', '2024-01-15 10:00:00+00', NULL, 'admin1@company50.fake', '$2b$12$Olv.bEpdCcTxcCvcl7VHb.5F71syKnApGrHa3cFXrh0jp65ygfy2a', 'Hannah', 'Williams', '216551ca-0f87-4301-961f-3e5042427b26', 'ADMIN', 'ACTIVE'),
  ('1d806c96-978e-423d-add7-2a1116a2a661', '2024-01-15 10:00:00+00', NULL, 'admin2@company50.fake', '$2b$12$Olv.bEpdCcTxcCvcl7VHb.5F71syKnApGrHa3cFXrh0jp65ygfy2a', 'Alexander', 'Davis', '216551ca-0f87-4301-961f-3e5042427b26', 'ADMIN', 'ACTIVE'),
  ('93855208-e071-45ee-814a-f5ca12842e5c', '2024-01-15 10:00:00+00', NULL, 'admin3@company50.fake', '$2b$12$Olv.bEpdCcTxcCvcl7VHb.5F71syKnApGrHa3cFXrh0jp65ygfy2a', 'Alice', 'Moore', '216551ca-0f87-4301-961f-3e5042427b26', 'ADMIN', 'ACTIVE'),
  ('1aeb183a-1bda-4990-9834-8e9fc2631a3a', '2024-01-15 10:00:00+00', NULL, 'buyer1@company50.fake', '$2b$12$Olv.bEpdCcTxcCvcl7VHb.5F71syKnApGrHa3cFXrh0jp65ygfy2a', 'Frederick', 'Thomas', '216551ca-0f87-4301-961f-3e5042427b26', 'BUYER', 'ACTIVE'),
  ('0f0d8b97-8f1e-42bc-9001-ba373913cf7a', '2024-01-15 10:00:00+00', NULL, 'buyer2@company50.fake', '$2b$12$Olv.bEpdCcTxcCvcl7VHb.5F71syKnApGrHa3cFXrh0jp65ygfy2a', 'Eleanor', 'Harris', '216551ca-0f87-4301-961f-3e5042427b26', 'BUYER', 'ACTIVE'),
  ('3c8b51fb-6861-4398-a02f-740a1a43b0df', '2024-01-15 10:00:00+00', NULL, 'buyer3@company50.fake', '$2b$12$Olv.bEpdCcTxcCvcl7VHb.5F71syKnApGrHa3cFXrh0jp65ygfy2a', 'Arthur', 'Garcia', '216551ca-0f87-4301-961f-3e5042427b26', 'BUYER', 'ACTIVE'),
  ('6038516a-9511-4614-93bc-e2454d594526', '2024-01-15 10:00:00+00', NULL, 'seller1@company50.fake', '$2b$12$Olv.bEpdCcTxcCvcl7VHb.5F71syKnApGrHa3cFXrh0jp65ygfy2a', 'Victoria', 'Clark', '216551ca-0f87-4301-961f-3e5042427b26', 'SELLER', 'ACTIVE'),
  ('b6d56c08-aaf2-407c-8b6b-d3c7a28157fe', '2024-01-15 10:00:00+00', NULL, 'seller2@company50.fake', '$2b$12$Olv.bEpdCcTxcCvcl7VHb.5F71syKnApGrHa3cFXrh0jp65ygfy2a', 'Harry', 'Lee', '216551ca-0f87-4301-961f-3e5042427b26', 'SELLER', 'ACTIVE'),
  ('9cd15f46-b95b-4780-a9b1-664c5e98405f', '2024-01-15 10:00:00+00', NULL, 'issuer1@company50.fake', '$2b$12$Olv.bEpdCcTxcCvcl7VHb.5F71syKnApGrHa3cFXrh0jp65ygfy2a', 'Elizabeth', 'Johnson', '216551ca-0f87-4301-961f-3e5042427b26', 'ISSUER', 'ACTIVE'),
  ('d2b97401-1d67-4152-9bc5-b2676623f8bb', '2024-01-15 10:00:00+00', NULL, 'issuer2@company50.fake', '$2b$12$Olv.bEpdCcTxcCvcl7VHb.5F71syKnApGrHa3cFXrh0jp65ygfy2a', 'Oscar', 'Jones', '216551ca-0f87-4301-961f-3e5042427b26', 'ISSUER', 'ACTIVE');

-- Instruments (100)
INSERT INTO instruments (id, created_at, deleted_at, name, face_value, currency, maturity_date, maturity_payment, instrument_status, maturity_status, trading_status, issuer_id, created_by) VALUES
  ('d50365ac-4b16-4741-bf5c-8285069b5a7f', '2024-01-15 10:00:00+00', NULL, 'Alpha Bond 2026', 500.0, 'USD', '2027-01-28', 531.75, 'ACTIVE', 'NOT_DUE', 'LISTED', '588993e6-5d17-4f1f-92e2-a256b6c63f94', '018d5007-7611-4e3a-89d7-63786e85b8c4'),
  ('1f105f00-4014-4078-b898-38cca8536838', '2024-01-15 10:00:00+00', NULL, 'Beta Note 2027', 5000.0, 'EUR', '2029-01-28', 5471.42, 'ACTIVE', 'NOT_DUE', 'LISTED', '588993e6-5d17-4f1f-92e2-a256b6c63f94', 'd96105ab-99d9-4ed6-8427-7edbcc264026'),
  ('e7f27bf4-bcde-4598-be70-8542253c725b', '2024-01-15 10:00:00+00', NULL, 'Gamma Bond 2026', 1020.0, 'EUR', '2027-02-28', 1186.37, 'ACTIVE', 'NOT_DUE', 'LISTED', '6ff8d2e2-6244-4019-bc34-39bd9b9b5f88', 'd568f8d2-3611-4ad3-8c86-785d7b20b5c6'),
  ('51f268f5-c862-49da-b50b-fe21a03787de', '2024-01-15 10:00:00+00', NULL, 'Delta Note 2027', 510.0, 'GBP', '2029-02-28', 582.76, 'ACTIVE', 'NOT_DUE', 'LISTED', '6ff8d2e2-6244-4019-bc34-39bd9b9b5f88', '97761249-7ac5-4c9b-82ff-bfb6ad86affd'),
  ('09821a02-b854-4172-9247-9f0db316d0a0', '2024-01-15 10:00:00+00', NULL, 'Epsilon Bond 2026', 520.0, 'GBP', '2027-03-28', 553.37, 'ACTIVE', 'NOT_DUE', 'LISTED', '8c01599a-5a96-4e26-aa9e-bcb1ec84816f', '69d2cbb7-523b-4ab5-95c1-d30d463a80b2'),
  ('fe807dd9-6a07-46d6-ba5a-7228c50c44c7', '2024-01-15 10:00:00+00', NULL, 'Zeta Note 2027', 1040.0, 'USD', '2029-03-28', 1136.28, 'ACTIVE', 'NOT_DUE', 'LISTED', '8c01599a-5a96-4e26-aa9e-bcb1ec84816f', '74bb4d2c-bd0a-443a-8f03-7fc77507c97c'),
  ('e0f0eb9c-a0a5-4fab-a3ee-63712e30e3d9', '2024-01-15 10:00:00+00', NULL, 'Eta Bond 2026', 530.0, 'USD', '2027-04-28', 603.44, 'ACTIVE', 'NOT_DUE', 'LISTED', '3817158e-ebec-495a-9fe7-c53bacbc09c9', 'c4f8efa7-755d-4ecc-be92-4eca178fedf6'),
  ('8408901d-8625-4bb5-9204-724e9d51ce7b', '2024-01-15 10:00:00+00', NULL, 'Theta Note 2027', 10600.0, 'EUR', '2029-04-28', 11563.13, 'ACTIVE', 'NOT_DUE', 'LISTED', '3817158e-ebec-495a-9fe7-c53bacbc09c9', '8a7f9bbd-6789-4cc2-bbea-030a4abab8ac'),
  ('ec7b1f63-5ebb-4bb1-ab8f-b2128b571f72', '2024-01-15 10:00:00+00', NULL, 'Iota Bond 2026', 5400.0, 'EUR', '2027-05-28', 6335.93, 'ACTIVE', 'NOT_DUE', 'LISTED', 'c2af7004-c888-4620-ada4-5a9f37cd8356', '11224970-427c-41ab-86a0-53a119ae8e26'),
  ('3a7daf38-d6dd-4e63-afac-780366de6cf0', '2024-01-15 10:00:00+00', NULL, 'Kappa Note 2027', 540.0, 'GBP', '2029-05-28', 629.77, 'ACTIVE', 'NOT_DUE', 'LISTED', 'c2af7004-c888-4620-ada4-5a9f37cd8356', '20b1d714-0813-4ea4-b52d-f12d0e207020'),
  ('4e7529ad-2aae-4dfd-8284-ffc8cdb3df6f', '2024-01-15 10:00:00+00', NULL, 'Lambda Bond 2026', 1100.0, 'GBP', '2027-06-28', 1273.51, 'ACTIVE', 'NOT_DUE', 'LISTED', '60e569c5-be9a-4f28-b8ef-45ae1269c972', '69cd964f-22ff-4d2d-9ff3-a077d163a419'),
  ('dd1dea22-19b5-4ef1-82ff-db57a2986a68', '2024-01-15 10:00:00+00', NULL, 'Mu Note 2027', 5500.0, 'USD', '2029-06-28', 6043.96, 'ACTIVE', 'NOT_DUE', 'LISTED', '60e569c5-be9a-4f28-b8ef-45ae1269c972', 'ee634734-f68f-4549-b8b7-5abe64dd90e9'),
  ('342ac388-919c-4b4a-8461-fe7022321a12', '2024-01-15 10:00:00+00', NULL, 'Nu Bond 2026', 1120.0, 'USD', '2027-07-28', 1337.29, 'ACTIVE', 'NOT_DUE', 'LISTED', 'b8e22350-b981-47aa-b687-5d716bd3bee9', '978a76ff-1123-4ad3-ae61-5cde9739861e'),
  ('9de0f760-396b-4119-a0da-6d6e138db60f', '2024-01-15 10:00:00+00', NULL, 'Xi Note 2027', 5600.0, 'EUR', '2029-07-28', 6016.13, 'ACTIVE', 'NOT_DUE', 'LISTED', 'b8e22350-b981-47aa-b687-5d716bd3bee9', 'dad2debe-b139-4863-ace3-651bcc36bb7e'),
  ('d5563911-3a38-42e6-bb50-d059008a79af', '2024-01-15 10:00:00+00', NULL, 'Omicron Bond 2026', 11400.0, 'EUR', '2027-08-28', 12238.36, 'ACTIVE', 'NOT_DUE', 'LISTED', '4996c730-5ff9-4726-a4d1-c8ec0e96d867', '3ce219ac-dabe-491d-9180-4596263183f8'),
  ('dc3e839e-f3ae-43bf-bc64-014cbc822494', '2024-01-15 10:00:00+00', NULL, 'Pi Note 2027', 5700.0, 'GBP', '2029-08-28', 6523.77, 'ACTIVE', 'NOT_DUE', 'LISTED', '4996c730-5ff9-4726-a4d1-c8ec0e96d867', '0aef8c0a-133b-426d-945f-640700cfc323'),
  ('665a72e1-1884-44ca-b564-a5b12661b534', '2024-01-15 10:00:00+00', NULL, 'Rho Bond 2026', 580.0, 'GBP', '2027-09-28', 674.05, 'ACTIVE', 'NOT_DUE', 'LISTED', '3915a226-2d4e-41d2-9e8b-29af03e6c5ed', 'cf3f81cf-fedb-4ff6-89d6-86c85f1dce6f'),
  ('5a71284d-5bbd-40d8-8103-57695e76538f', '2024-01-15 10:00:00+00', NULL, 'Sigma Note 2027', 580.0, 'USD', '2029-09-28', 693.82, 'ACTIVE', 'NOT_DUE', 'LISTED', '3915a226-2d4e-41d2-9e8b-29af03e6c5ed', '758c53f5-afad-4a17-8922-7ed51dfd9027'),
  ('7b55cede-50aa-4a60-a0f6-a8a65536bdda', '2024-01-15 10:00:00+00', NULL, 'Tau Bond 2026', 11800.0, 'USD', '2027-10-28', 12638.18, 'ACTIVE', 'NOT_DUE', 'LISTED', 'fe04ab7f-34ef-49a7-b094-a5b1f7416279', '755fa3b0-8477-4f43-ba96-542da4b45a90'),
  ('e2f8ae22-d9ed-4a14-8edd-769ce0bda000', '2024-01-15 10:00:00+00', NULL, 'Upsilon Note 2027', 5900.0, 'EUR', '2029-10-28', 6939.09, 'ACTIVE', 'NOT_DUE', 'LISTED', 'fe04ab7f-34ef-49a7-b094-a5b1f7416279', 'afd1a69a-ba34-44d6-b9f5-c604b1327202'),
  ('03b39426-ad2a-4c8d-a079-0ff63816a06f', '2024-01-15 10:00:00+00', NULL, 'Phi Bond 2026', 6000.0, 'EUR', '2027-11-28', 6844.98, 'ACTIVE', 'NOT_DUE', 'LISTED', 'f2ff1981-6625-433b-ad6f-3877d761070a', 'ebaf30a0-33fa-4532-8d4e-d9459c5b1715'),
  ('4765979a-ad31-4e84-88de-4b9a7ce41dbe', '2024-01-15 10:00:00+00', NULL, 'Chi Note 2027', 600.0, 'GBP', '2029-11-28', 639.85, 'ACTIVE', 'NOT_DUE', 'LISTED', 'f2ff1981-6625-433b-ad6f-3877d761070a', '7bf06a91-c67a-4811-99bd-cf24d681a964'),
  ('c0ca0fcc-7fa6-4dcb-8365-676ad0560c8c', '2024-01-15 10:00:00+00', NULL, 'Psi Bond 2026', 1220.0, 'GBP', '2027-12-28', 1425.24, 'ACTIVE', 'NOT_DUE', 'LISTED', 'b0e6362f-ab7a-4388-b2c4-2f19cccac08d', '6b4c5a9e-e73a-4a4f-a44c-d627e2d8ae45'),
  ('53226b7f-88df-4e00-9199-b6d161302f9e', '2024-01-15 10:00:00+00', NULL, 'Omega Note 2027', 610.0, 'USD', '2029-12-28', 719.64, 'ACTIVE', 'NOT_DUE', 'LISTED', 'b0e6362f-ab7a-4388-b2c4-2f19cccac08d', 'dd94870b-9471-4c51-a199-9229a253e934'),
  ('fe1884e5-4851-424f-ba44-dc4031b60f73', '2024-01-15 10:00:00+00', NULL, 'Apex Bond 2026', 620.0, 'USD', '2027-01-28', 690.19, 'ACTIVE', 'NOT_DUE', 'LISTED', 'd2479b5c-cf9b-4d7b-a787-8de472ad7254', 'cd535e72-3be2-47e3-9ca7-55548b0f0ded'),
  ('a895bd39-f61d-4d31-ae5f-97b252b01057', '2024-01-15 10:00:00+00', NULL, 'Meridian Note 2027', 12400.0, 'EUR', '2029-01-28', 14247.55, 'ACTIVE', 'NOT_DUE', 'LISTED', 'd2479b5c-cf9b-4d7b-a787-8de472ad7254', '2ef570a9-6014-43a2-88a1-25608b1fc539'),
  ('6126a1f9-f814-4e5e-a67f-ab0d833e2b52', '2024-01-15 10:00:00+00', NULL, 'Zenith Bond 2026', 6300.0, 'EUR', '2027-02-28', 6821.46, 'ACTIVE', 'NOT_DUE', 'LISTED', 'f45cbc89-5dea-4b7c-85ce-30671ac0f61b', 'b68ea5f4-8a5a-4af3-869a-d28950111ed2'),
  ('55d56fca-b1f9-42fd-ace2-68f945937160', '2024-01-15 10:00:00+00', NULL, 'Pinnacle Note 2027', 6300.0, 'GBP', '2029-02-28', 6862.79, 'ACTIVE', 'NOT_DUE', 'LISTED', 'f45cbc89-5dea-4b7c-85ce-30671ac0f61b', '6803439b-03b5-484f-b955-01ad80132b6d'),
  ('6e617686-bd6b-4f96-8fe6-b84ce3a2f03e', '2024-01-15 10:00:00+00', NULL, 'Aurora Bond 2026', 6400.0, 'GBP', '2027-03-28', 7412.83, 'ACTIVE', 'NOT_DUE', 'LISTED', 'b230456f-fd09-44d3-820d-95b848989105', '79c6e88d-af3b-4f04-b6c2-5dd7d506005d'),
  ('5a56b65f-2f0e-4928-9a8d-c5e52c5e3a78', '2024-01-15 10:00:00+00', NULL, 'Cascade Note 2027', 640.0, 'USD', '2029-03-28', 732.98, 'ACTIVE', 'NOT_DUE', 'LISTED', 'b230456f-fd09-44d3-820d-95b848989105', '53450272-2450-4c3b-9245-432aaf8415a3'),
  ('37c062e4-c29f-49b7-85f1-0edb4f536659', '2024-01-15 10:00:00+00', NULL, 'Alpha Bond 2026', 1300.0, 'USD', '2027-04-28', 1475.21, 'ACTIVE', 'NOT_DUE', 'LISTED', 'a5d80929-663a-457b-9dc8-597d13a4b6b9', '10f0c2d4-d4e4-4bcf-8adf-51186ed50f49'),
  ('9e6ac261-9c33-4351-91a2-4346fb5c513f', '2024-01-15 10:00:00+00', NULL, 'Beta Note 2027', 1300.0, 'EUR', '2029-04-28', 1407.74, 'ACTIVE', 'NOT_DUE', 'LISTED', 'a5d80929-663a-457b-9dc8-597d13a4b6b9', 'ab1b87cd-e329-48bf-96c1-fd132d187ab6'),
  ('724d87f0-e08b-400a-8fac-5f7f9d0904f6', '2024-01-15 10:00:00+00', NULL, 'Gamma Bond 2026', 13200.0, 'EUR', '2027-05-28', 14490.86, 'ACTIVE', 'NOT_DUE', 'LISTED', 'd40c8145-4e71-4ffc-bd67-19fd12381f14', '7da275aa-b709-4748-a2fb-bcc8b938e7a5'),
  ('007afa7e-3dc7-457b-a2e2-efccf5a6063f', '2024-01-15 10:00:00+00', NULL, 'Delta Note 2027', 1320.0, 'GBP', '2029-05-28', 1525.72, 'ACTIVE', 'NOT_DUE', 'LISTED', 'd40c8145-4e71-4ffc-bd67-19fd12381f14', '5619fd2f-c051-42bb-b6c3-07e68f45564d'),
  ('ab968849-266d-437a-856e-4c0b4a7514b0', '2024-01-15 10:00:00+00', NULL, 'Epsilon Bond 2026', 670.0, 'GBP', '2027-06-28', 731.68, 'ACTIVE', 'NOT_DUE', 'LISTED', '11d5a311-53e9-4c70-b80d-ec269a067974', 'dde2bd6e-6344-4475-8f98-90b82d506fb9'),
  ('c28ba276-8a05-4d3f-b430-b42529742553', '2024-01-15 10:00:00+00', NULL, 'Zeta Note 2027', 670.0, 'USD', '2029-06-28', 785.71, 'ACTIVE', 'NOT_DUE', 'LISTED', '11d5a311-53e9-4c70-b80d-ec269a067974', '13946064-9e90-4e7e-88ea-6a901b614952'),
  ('32067ea2-9ba3-4e6c-accd-b6496023f465', '2024-01-15 10:00:00+00', NULL, 'Eta Bond 2026', 13600.0, 'USD', '2027-07-28', 14925.78, 'ACTIVE', 'NOT_DUE', 'LISTED', '16c7dbe6-cac0-4dac-a0b6-e85d036114c8', 'a2d0adf9-c8bb-42ee-a97a-bf9f7a6520ee'),
  ('2edbd8d2-f67c-4d69-a328-cd0f08d606f5', '2024-01-15 10:00:00+00', NULL, 'Theta Note 2027', 1360.0, 'EUR', '2029-07-28', 1615.46, 'ACTIVE', 'NOT_DUE', 'LISTED', '16c7dbe6-cac0-4dac-a0b6-e85d036114c8', '9af76c55-6bf4-4979-8230-72432988e7e7'),
  ('4e554e29-d3d6-4cf2-9f92-ade354025d28', '2024-01-15 10:00:00+00', NULL, 'Iota Bond 2026', 6900.0, 'EUR', '2027-08-28', 7519.4, 'ACTIVE', 'NOT_DUE', 'LISTED', 'abd24e13-4d92-4b91-b428-bcccfd6443ca', '0e0e3713-09a9-46e5-aebf-3fea4d7e0cb1'),
  ('33f35c98-9f97-4c45-a83d-be1a08febf83', '2024-01-15 10:00:00+00', NULL, 'Kappa Note 2027', 13800.0, 'GBP', '2029-08-28', 15392.36, 'ACTIVE', 'NOT_DUE', 'LISTED', 'abd24e13-4d92-4b91-b428-bcccfd6443ca', '7d732cb7-9f58-44aa-8333-cc0429bafc90'),
  ('d16ca773-29a6-44c9-81ff-a828df25258a', '2024-01-15 10:00:00+00', NULL, 'Lambda Bond 2026', 14000.0, 'GBP', '2027-09-28', 15120.03, 'ACTIVE', 'NOT_DUE', 'LISTED', '7472e5e1-020d-47d8-a3f0-b91b02f1a9fb', '647b00f7-bf2e-4884-ada6-4f75db8541cf'),
  ('488fb4bd-c24a-48e5-944e-01afdd0b7fe8', '2024-01-15 10:00:00+00', NULL, 'Mu Note 2027', 1400.0, 'USD', '2029-09-28', 1532.34, 'ACTIVE', 'NOT_DUE', 'LISTED', '7472e5e1-020d-47d8-a3f0-b91b02f1a9fb', '7d5780c4-d3f7-48fe-ab01-8ea045984c7d'),
  ('3e630d59-7d49-4edd-8c1f-a596277082f3', '2024-01-15 10:00:00+00', NULL, 'Nu Bond 2026', 7100.0, 'USD', '2027-10-28', 8268.53, 'ACTIVE', 'NOT_DUE', 'LISTED', 'd0ff9e13-e641-4ab5-9b0c-711872d4648b', 'd7c83112-3630-4654-b1ae-ccc5490a1e3f'),
  ('77bcdf17-c9df-4fd8-a7e7-5a4df72a359f', '2024-01-15 10:00:00+00', NULL, 'Xi Note 2027', 14200.0, 'EUR', '2029-10-28', 16836.87, 'ACTIVE', 'NOT_DUE', 'LISTED', 'd0ff9e13-e641-4ab5-9b0c-711872d4648b', '760dfbaf-6556-401c-9f13-e8960a030378'),
  ('fed4a7ce-72b2-424e-a9a9-7cf79f1ea98f', '2024-01-15 10:00:00+00', NULL, 'Omicron Bond 2026', 14400.0, 'EUR', '2027-11-28', 15993.78, 'ACTIVE', 'NOT_DUE', 'LISTED', '10df12f8-e545-4935-bb53-bc16b220df2a', '4773d36a-ba77-4316-ae8a-8ff1d9107268'),
  ('208d4e44-af6e-485d-8fec-81c44949a589', '2024-01-15 10:00:00+00', NULL, 'Pi Note 2027', 1440.0, 'GBP', '2029-11-28', 1629.12, 'ACTIVE', 'NOT_DUE', 'LISTED', '10df12f8-e545-4935-bb53-bc16b220df2a', 'cf46c78b-62e9-44c0-987f-cd2c70149424'),
  ('8e26ff28-68a7-49f3-829c-b5229b2b1ce4', '2024-01-15 10:00:00+00', NULL, 'Rho Bond 2026', 730.0, 'GBP', '2027-12-28', 851.04, 'ACTIVE', 'NOT_DUE', 'LISTED', '57be48c1-5522-44e7-bcf8-1e631e79a229', '4b80d6b7-26fb-4486-bd43-8660e4b2fe3d'),
  ('ccb63459-1516-461e-b929-3c26064e15b3', '2024-01-15 10:00:00+00', NULL, 'Sigma Note 2027', 730.0, 'USD', '2029-12-28', 789.42, 'ACTIVE', 'NOT_DUE', 'LISTED', '57be48c1-5522-44e7-bcf8-1e631e79a229', 'e4aee88e-258d-460c-8b6c-d8d413598cdb'),
  ('af9415f2-aff0-4984-8e06-17ac432f2215', '2024-01-15 10:00:00+00', NULL, 'Tau Bond 2026', 1480.0, 'USD', '2027-01-28', 1732.92, 'ACTIVE', 'NOT_DUE', 'LISTED', 'dd3bfd77-7bce-4e83-91a1-9d5b9ba6fb7a', 'e95bb3e3-f3dc-4ca5-8d0a-196007b12597'),
  ('4be47a90-d89e-4498-b4b2-c40f44ace1f5', '2024-01-15 10:00:00+00', NULL, 'Upsilon Note 2027', 14800.0, 'EUR', '2029-01-28', 16923.76, 'ACTIVE', 'NOT_DUE', 'LISTED', 'dd3bfd77-7bce-4e83-91a1-9d5b9ba6fb7a', 'cb5b11ce-d52f-4e6b-a64d-78842cea7dd8'),
  ('74837d3e-38df-4853-af39-9ee52ce1c0f9', '2024-01-15 10:00:00+00', NULL, 'Phi Bond 2026', 15000.0, 'EUR', '2027-02-28', 16701.4, 'ACTIVE', 'NOT_DUE', 'LISTED', '4917a676-9ecf-4158-8085-b15ec69cd79e', 'e2a6fde5-ad92-4a84-b3b8-246785fc79f7'),
  ('83cf9b52-f912-4c64-873d-f302bcd1624a', '2024-01-15 10:00:00+00', NULL, 'Chi Note 2027', 15000.0, 'GBP', '2029-02-28', 17011.14, 'ACTIVE', 'NOT_DUE', 'LISTED', '4917a676-9ecf-4158-8085-b15ec69cd79e', '99d5d120-a7ab-47ab-8607-f03770726c8b'),
  ('9d4ca8c4-da9c-4d16-8f98-62138bffe1c6', '2024-01-15 10:00:00+00', NULL, 'Psi Bond 2026', 760.0, 'GBP', '2027-03-28', 877.98, 'ACTIVE', 'NOT_DUE', 'LISTED', 'a86d619e-c708-44db-9398-11590accdd13', 'fe5e4012-c9a5-47d6-b851-5c3b6633346a'),
  ('1ce07d88-c7c7-437e-9366-4cc0b0d11812', '2024-01-15 10:00:00+00', NULL, 'Omega Note 2027', 760.0, 'USD', '2029-03-28', 878.13, 'ACTIVE', 'NOT_DUE', 'LISTED', 'a86d619e-c708-44db-9398-11590accdd13', 'fee82fa6-ae82-44ee-92eb-d355a6402b91'),
  ('29e38140-f143-493e-b7a4-11a40eae3f53', '2024-01-15 10:00:00+00', NULL, 'Apex Bond 2026', 7700.0, 'USD', '2027-04-28', 8990.55, 'ACTIVE', 'NOT_DUE', 'LISTED', 'ddcf50f1-7ed5-4b8f-9e42-29f745ded79e', '603f2e64-2043-451a-a4e8-536821ab9f8d'),
  ('9d42e15a-285b-4dbb-8152-3641194b7caa', '2024-01-15 10:00:00+00', NULL, 'Meridian Note 2027', 7700.0, 'EUR', '2029-04-28', 8282.25, 'ACTIVE', 'NOT_DUE', 'LISTED', 'ddcf50f1-7ed5-4b8f-9e42-29f745ded79e', '0837aa98-d224-4953-a483-f4a6dde37c23'),
  ('3cd4e71f-3646-4370-b09c-6aa712da3c77', '2024-01-15 10:00:00+00', NULL, 'Zenith Bond 2026', 15600.0, 'EUR', '2027-05-28', 16881.42, 'ACTIVE', 'NOT_DUE', 'LISTED', 'fe639291-1ee1-40a9-b303-d72ce367f4af', 'b531811c-d298-41ab-9939-f8ef0fd23f66'),
  ('043ba167-70a5-49ba-9361-7fd170135803', '2024-01-15 10:00:00+00', NULL, 'Pinnacle Note 2027', 780.0, 'GBP', '2029-05-28', 930.96, 'ACTIVE', 'NOT_DUE', 'LISTED', 'fe639291-1ee1-40a9-b303-d72ce367f4af', 'd32476df-7338-4663-8f81-7e4b53c137b2'),
  ('24ed6100-5ad5-4b5c-8b56-1adf77ea098c', '2024-01-15 10:00:00+00', NULL, 'Aurora Bond 2026', 7900.0, 'GBP', '2027-06-28', 9448.91, 'ACTIVE', 'NOT_DUE', 'LISTED', '78d935fd-b8af-4fc1-90dd-0ba5753b6040', 'daeac835-2120-452c-9b07-7f18b828adf7'),
  ('d26d9e17-1d6c-4822-9147-9c2f02270eb6', '2024-01-15 10:00:00+00', NULL, 'Cascade Note 2027', 1580.0, 'USD', '2029-06-28', 1787.1, 'ACTIVE', 'NOT_DUE', 'LISTED', '78d935fd-b8af-4fc1-90dd-0ba5753b6040', '628a4c01-0591-453a-ad2e-98e9385b08d6'),
  ('d7bbaf25-ace8-45d5-baeb-2fa6cce7ca52', '2024-01-15 10:00:00+00', NULL, 'Alpha Bond 2026', 800.0, 'USD', '2027-07-28', 945.5, 'ACTIVE', 'NOT_DUE', 'LISTED', '58da756b-c210-4be4-8d20-57a11f74967c', 'f3012fcd-03f9-4899-a6e5-144335b892d4'),
  ('116b370e-f0d2-4bc3-85be-d3664772fd85', '2024-01-15 10:00:00+00', NULL, 'Beta Note 2027', 8000.0, 'EUR', '2029-07-28', 9422.67, 'ACTIVE', 'NOT_DUE', 'LISTED', '58da756b-c210-4be4-8d20-57a11f74967c', '71d2b62a-3dfd-4866-8a15-05167dfd8b56'),
  ('e37f87fa-65d7-4ba1-b06d-b390f12594de', '2024-01-15 10:00:00+00', NULL, 'Gamma Bond 2026', 1620.0, 'EUR', '2027-08-28', 1751.86, 'ACTIVE', 'NOT_DUE', 'LISTED', 'c3be43fb-c180-4b84-9596-deb68926688b', 'a5d599b1-89ca-4c2d-b315-01ee3b74ba1e'),
  ('46dff890-2337-4f0c-aea9-bf353c94d662', '2024-01-15 10:00:00+00', NULL, 'Delta Note 2027', 1620.0, 'GBP', '2029-08-28', 1839.53, 'ACTIVE', 'NOT_DUE', 'LISTED', 'c3be43fb-c180-4b84-9596-deb68926688b', 'acc5a8f8-ffde-4081-a1d9-967d0a8a1cb0'),
  ('84ade368-944a-4dac-82d5-e7e06a7d0407', '2024-01-15 10:00:00+00', NULL, 'Epsilon Bond 2026', 820.0, 'GBP', '2027-09-28', 937.96, 'ACTIVE', 'NOT_DUE', 'LISTED', '19c3da0c-f9f2-489d-b7c0-f11c8c948057', '84b49202-c989-4ea3-a05c-509288f7d749'),
  ('45e7341b-6961-49a0-9ac7-6ca382ecd63d', '2024-01-15 10:00:00+00', NULL, 'Zeta Note 2027', 16400.0, 'USD', '2029-09-28', 17428.72, 'ACTIVE', 'NOT_DUE', 'LISTED', '19c3da0c-f9f2-489d-b7c0-f11c8c948057', '2396538e-9223-4c86-b83b-c14ee5272ff9'),
  ('4e094892-bad9-4c0c-8586-614f20287ca0', '2024-01-15 10:00:00+00', NULL, 'Eta Bond 2026', 8300.0, 'USD', '2027-10-28', 9819.07, 'ACTIVE', 'NOT_DUE', 'LISTED', '6c4142b1-7c78-40dd-aeaa-7e3fbc4c1d83', '57ec7562-c80f-4c92-a58b-4cab4f904046'),
  ('65f8a471-f0e1-4010-bad2-4ba7c54bd57d', '2024-01-15 10:00:00+00', NULL, 'Theta Note 2027', 8300.0, 'EUR', '2029-10-28', 9076.24, 'ACTIVE', 'NOT_DUE', 'LISTED', '6c4142b1-7c78-40dd-aeaa-7e3fbc4c1d83', '305866b7-a8e8-4f69-8cd9-43b9fecfcd59'),
  ('0719514d-aec6-434f-af2b-c1109cd1514a', '2024-01-15 10:00:00+00', NULL, 'Iota Bond 2026', 1680.0, 'EUR', '2027-11-28', 1987.31, 'ACTIVE', 'NOT_DUE', 'LISTED', '7d318183-3790-4515-8d05-d383d100fb2d', 'bf800249-ab95-447f-8c06-b4561fa738f0'),
  ('2dae7c94-e9b7-4a23-970e-c4564b8a0ee0', '2024-01-15 10:00:00+00', NULL, 'Kappa Note 2027', 840.0, 'GBP', '2029-11-28', 900.47, 'ACTIVE', 'NOT_DUE', 'LISTED', '7d318183-3790-4515-8d05-d383d100fb2d', '406a2c25-6f0f-4bd4-8d4f-d348172b98b8'),
  ('429e0dea-f8d6-442d-9593-233213a4534c', '2024-01-15 10:00:00+00', NULL, 'Lambda Bond 2026', 17000.0, 'GBP', '2027-12-28', 19962.14, 'ACTIVE', 'NOT_DUE', 'LISTED', 'da0407c1-80fe-46eb-ba4a-d97f47d147b2', '88826e93-13c8-416d-ad7b-3237f58d15f8'),
  ('424c7fa7-8f43-48be-b8e0-d0c1e74dd3b4', '2024-01-15 10:00:00+00', NULL, 'Mu Note 2027', 1700.0, 'USD', '2029-12-28', 1832.56, 'ACTIVE', 'NOT_DUE', 'LISTED', 'da0407c1-80fe-46eb-ba4a-d97f47d147b2', '32dc4a92-5d85-462d-8acc-f2c56ec2dc18'),
  ('44aa137c-4568-46ce-b07c-591468ba9de9', '2024-01-15 10:00:00+00', NULL, 'Nu Bond 2026', 17200.0, 'USD', '2027-01-28', 20512.01, 'ACTIVE', 'NOT_DUE', 'LISTED', '82d229e9-b350-4329-bdf1-81fa626ff56d', '6241b7cb-7c2b-4ec6-acac-155017c4c53b'),
  ('e919bb49-27d9-4323-bf8a-828e498e171b', '2024-01-15 10:00:00+00', NULL, 'Xi Note 2027', 1720.0, 'EUR', '2029-01-28', 1887.03, 'ACTIVE', 'NOT_DUE', 'LISTED', '82d229e9-b350-4329-bdf1-81fa626ff56d', 'e61b3dbf-a933-41b1-ab22-867626766d6c'),
  ('7358fcda-4dc5-4029-83d5-b3071fbed0c2', '2024-01-15 10:00:00+00', NULL, 'Omicron Bond 2026', 17400.0, 'EUR', '2027-02-28', 20793.19, 'ACTIVE', 'NOT_DUE', 'LISTED', '483b64cd-e65c-47bb-9fb4-d9171dc4cfa6', '27f18f32-a0e8-40de-91db-609a371ba843'),
  ('ae04f79b-88a5-4b72-a03b-26650a3e6c8d', '2024-01-15 10:00:00+00', NULL, 'Pi Note 2027', 1740.0, 'GBP', '2029-02-28', 2018.07, 'ACTIVE', 'NOT_DUE', 'LISTED', '483b64cd-e65c-47bb-9fb4-d9171dc4cfa6', '7848bcb7-8f85-4082-8fed-d0906b501ba6'),
  ('ff17c130-9b0e-4a20-9240-a0ca21c15090', '2024-01-15 10:00:00+00', NULL, 'Rho Bond 2026', 17600.0, 'GBP', '2027-03-28', 21108.05, 'ACTIVE', 'NOT_DUE', 'LISTED', '76a7b197-eaf7-4eb6-b991-c9eaeef91209', '7ade8f74-cea0-4762-a197-ca7084f92ec4'),
  ('4283238c-2367-45f8-acc4-b77f4796a7e5', '2024-01-15 10:00:00+00', NULL, 'Sigma Note 2027', 8800.0, 'USD', '2029-03-28', 9867.74, 'ACTIVE', 'NOT_DUE', 'LISTED', '76a7b197-eaf7-4eb6-b991-c9eaeef91209', 'dd7879f1-ab4c-4ac2-9f8d-21e04faa3493'),
  ('4b9630ba-d7eb-4921-a031-4cbec6480308', '2024-01-15 10:00:00+00', NULL, 'Tau Bond 2026', 17800.0, 'USD', '2027-04-28', 19169.54, 'ACTIVE', 'NOT_DUE', 'LISTED', '8ef9ab9c-7420-48de-be3d-0e24a0bf58a5', '2e2b3f92-b683-474d-a064-c76095e8446d'),
  ('4a0b4dd0-0fe6-4a79-814f-659cb0f6768e', '2024-01-15 10:00:00+00', NULL, 'Upsilon Note 2027', 1780.0, 'EUR', '2029-04-28', 1902.76, 'ACTIVE', 'NOT_DUE', 'LISTED', '8ef9ab9c-7420-48de-be3d-0e24a0bf58a5', 'fe4febf1-ba9f-4252-bbb5-a4dd5ea43720'),
  ('d2396547-6d38-4b9d-af09-d65c2823d1b4', '2024-01-15 10:00:00+00', NULL, 'Phi Bond 2026', 900.0, 'EUR', '2027-05-28', 1028.13, 'ACTIVE', 'NOT_DUE', 'LISTED', '80cf3f89-7bf4-4e52-b595-9eb0c589f55c', '5a0cc96a-ca88-4078-af13-c628da7ddb7e'),
  ('37402d39-ec1a-4e8e-b41a-d9132021f2ba', '2024-01-15 10:00:00+00', NULL, 'Chi Note 2027', 1800.0, 'GBP', '2029-05-28', 2056.29, 'ACTIVE', 'NOT_DUE', 'LISTED', '80cf3f89-7bf4-4e52-b595-9eb0c589f55c', '7105d400-53ea-4adb-ada2-b309fecef1ca'),
  ('20e6b21c-8372-4d7f-9734-2d40d466d68b', '2024-01-15 10:00:00+00', NULL, 'Psi Bond 2026', 910.0, 'GBP', '2027-06-28', 973.64, 'ACTIVE', 'NOT_DUE', 'LISTED', 'c5a892c6-65b0-42ff-af62-c87161b26402', '2abe5544-04ad-4c34-9556-6c6d75339c89'),
  ('e024fe6f-d582-4bd8-9d81-ffd61750239d', '2024-01-15 10:00:00+00', NULL, 'Omega Note 2027', 910.0, 'USD', '2029-06-28', 993.77, 'ACTIVE', 'NOT_DUE', 'LISTED', 'c5a892c6-65b0-42ff-af62-c87161b26402', '73684a1e-ce54-4083-9c4f-d79196eb75f7'),
  ('eae3210c-33f3-440c-9f2c-29f9fcf273c1', '2024-01-15 10:00:00+00', NULL, 'Apex Bond 2026', 920.0, 'USD', '2027-07-28', 1085.92, 'ACTIVE', 'NOT_DUE', 'LISTED', '760b3976-7bd0-4485-a0e8-4d14358fd9a9', '222608ae-e9d2-40fe-9adf-f98e13f7c47d'),
  ('ed4c0a95-52ea-4862-8af2-277c4345a5ce', '2024-01-15 10:00:00+00', NULL, 'Meridian Note 2027', 920.0, 'EUR', '2029-07-28', 1041.42, 'ACTIVE', 'NOT_DUE', 'LISTED', '760b3976-7bd0-4485-a0e8-4d14358fd9a9', '53b9e348-e97c-4efe-a317-77cd850d584b'),
  ('680f0a18-9ed0-4b56-843f-cfc0b7ab8fb8', '2024-01-15 10:00:00+00', NULL, 'Zenith Bond 2026', 9300.0, 'EUR', '2027-08-28', 10729.01, 'ACTIVE', 'NOT_DUE', 'LISTED', 'bfee85b3-0760-4d75-a8c6-2f9efa3f6bae', 'b0b5fa55-5a55-489b-9946-10b9bd0ef448'),
  ('9f44c5ea-09ae-434b-99ab-ae8ce6504394', '2024-01-15 10:00:00+00', NULL, 'Pinnacle Note 2027', 1860.0, 'GBP', '2029-08-28', 2112.02, 'ACTIVE', 'NOT_DUE', 'LISTED', 'bfee85b3-0760-4d75-a8c6-2f9efa3f6bae', '9266574b-0b2d-47d7-935b-0cf4c28f77b4'),
  ('b73706b0-d57b-4843-b499-00e2d8858be4', '2024-01-15 10:00:00+00', NULL, 'Aurora Bond 2026', 18800.0, 'GBP', '2027-09-28', 20567.57, 'ACTIVE', 'NOT_DUE', 'LISTED', 'ee04c68d-1240-4b44-8c92-60af94aabd18', '4e3d7250-8bd9-4dca-9684-18a866059aef'),
  ('2c8b5174-8991-4edd-8540-3f33ef291ec6', '2024-01-15 10:00:00+00', NULL, 'Cascade Note 2027', 18800.0, 'USD', '2029-09-28', 22053.33, 'ACTIVE', 'NOT_DUE', 'LISTED', 'ee04c68d-1240-4b44-8c92-60af94aabd18', '08ca25fb-b48b-433d-bdc9-2768cc4211e0'),
  ('847f0b41-5b90-43ef-8fe7-e4f1015a87a1', '2024-01-15 10:00:00+00', NULL, 'Alpha Bond 2026', 1900.0, 'USD', '2027-10-28', 2039.09, 'ACTIVE', 'NOT_DUE', 'LISTED', '918cb86a-a675-4079-b530-7ba7d7017cd3', 'e68da31f-42ac-44cc-9df5-8b306d433bc0'),
  ('ac33e008-f5b8-41c7-9634-736ac5941ef3', '2024-01-15 10:00:00+00', NULL, 'Beta Note 2027', 19000.0, 'EUR', '2029-10-28', 21082.43, 'ACTIVE', 'NOT_DUE', 'LISTED', '918cb86a-a675-4079-b530-7ba7d7017cd3', '75ed6953-32b0-4339-9aea-e8446facdb4f'),
  ('0c8d5f99-f28e-4b85-a8e4-9df06cd04083', '2024-01-15 10:00:00+00', NULL, 'Gamma Bond 2026', 19200.0, 'EUR', '2027-11-28', 21607.36, 'ACTIVE', 'NOT_DUE', 'LISTED', '5f112412-9ede-4383-a1ef-eab94eccfe53', 'd90db23a-b066-475f-8661-16599dc321e4'),
  ('3461eb0a-de12-4f13-8a7f-fe158dafc846', '2024-01-15 10:00:00+00', NULL, 'Delta Note 2027', 960.0, 'GBP', '2029-11-28', 1108.1, 'ACTIVE', 'NOT_DUE', 'LISTED', '5f112412-9ede-4383-a1ef-eab94eccfe53', '0e979f5c-0599-4166-8c9c-9992662011df'),
  ('f1f1f360-da8e-45a5-93c8-1f9893c50318', '2024-01-15 10:00:00+00', NULL, 'Epsilon Bond 2026', 970.0, 'GBP', '2027-12-28', 1036.43, 'ACTIVE', 'NOT_DUE', 'LISTED', '3de0da7e-306c-4048-afd2-bbb6c2fd7913', '76bd5071-18e0-4a6a-8ba4-97274a314ef7'),
  ('e047a4b9-67a6-4f22-ac66-fe4cbc5e7ac9', '2024-01-15 10:00:00+00', NULL, 'Zeta Note 2027', 9700.0, 'USD', '2029-12-28', 11369.2, 'ACTIVE', 'NOT_DUE', 'LISTED', '3de0da7e-306c-4048-afd2-bbb6c2fd7913', '4e6bd974-9f97-4608-9e3e-d397328895f0'),
  ('edba0b2c-320d-4350-b294-fd023b72114b', '2024-01-15 10:00:00+00', NULL, 'Eta Bond 2026', 980.0, 'USD', '2027-01-28', 1072.92, 'ACTIVE', 'NOT_DUE', 'LISTED', 'aabac92b-dbea-4ac3-9b75-cc6ca52f8cb5', '992f92c2-668d-4caf-927f-d552f194f83f'),
  ('6d591d4c-c62c-4a4f-a213-4cf68536f59e', '2024-01-15 10:00:00+00', NULL, 'Theta Note 2027', 1960.0, 'EUR', '2029-01-28', 2224.76, 'ACTIVE', 'NOT_DUE', 'LISTED', 'aabac92b-dbea-4ac3-9b75-cc6ca52f8cb5', '6e2e18c2-dcbf-4eb9-a339-e99292538f04'),
  ('3b75c06d-ab3e-42fb-a842-048bdba1720f', '2024-01-15 10:00:00+00', NULL, 'Iota Bond 2026', 1980.0, 'EUR', '2027-02-28', 2215.75, 'ACTIVE', 'NOT_DUE', 'LISTED', '216551ca-0f87-4301-961f-3e5042427b26', '9cd15f46-b95b-4780-a9b1-664c5e98405f'),
  ('0018f874-f3f3-4e51-904a-d6345a64e242', '2024-01-15 10:00:00+00', NULL, 'Kappa Note 2027', 9900.0, 'GBP', '2029-02-28', 11135.2, 'ACTIVE', 'NOT_DUE', 'LISTED', '216551ca-0f87-4301-961f-3e5042427b26', 'd2b97401-1d67-4152-9bc5-b2676623f8bb');

-- Instrument public payloads (100)
INSERT INTO instrument_public_payloads (id, created_at, deleted_at, instrument_id, payload) VALUES
  ('355a2d5e-48fa-4c83-a8e1-167d18682ea5', '2024-01-15 10:00:00+00', NULL, 'd50365ac-4b16-4741-bf5c-8285069b5a7f', '{"description": "Senior secured Alpha Bond 2026", "isin": "GB3362657890", "rating": "BB+", "coupon_rate": 8.19, "payment_frequency": "ANNUAL"}'::jsonb),
  ('1625c8e8-2487-49e9-a2da-e1ff5b747787', '2024-01-15 10:00:00+00', NULL, '1f105f00-4014-4078-b898-38cca8536838', '{"description": "Senior secured Beta Note 2027", "isin": "GB3975704877", "rating": "BBB", "coupon_rate": 6.7, "payment_frequency": "ANNUAL"}'::jsonb),
  ('04bc4cc3-2fea-46b4-90c3-51a7ce4c908b', '2024-01-15 10:00:00+00', NULL, 'e7f27bf4-bcde-4598-be70-8542253c725b', '{"description": "Senior secured Gamma Bond 2026", "isin": "GB8015124886", "rating": "A+", "coupon_rate": 4.39, "payment_frequency": "ANNUAL"}'::jsonb),
  ('cdcd21c5-05a4-4bc1-a7e3-ec47ea084752', '2024-01-15 10:00:00+00', NULL, '51f268f5-c862-49da-b50b-fe21a03787de', '{"description": "Senior secured Delta Note 2027", "isin": "GB8366884200", "rating": "BBB", "coupon_rate": 3.41, "payment_frequency": "QUARTERLY"}'::jsonb),
  ('929206ea-72ed-4ead-adbf-8b3d5f21db64', '2024-01-15 10:00:00+00', NULL, '09821a02-b854-4172-9247-9f0db316d0a0', '{"description": "Senior secured Epsilon Bond 2026", "isin": "GB8265834251", "rating": "AAA", "coupon_rate": 7.35, "payment_frequency": "SEMI_ANNUAL"}'::jsonb),
  ('71b905ad-9add-4389-ba86-9b64157930e5', '2024-01-15 10:00:00+00', NULL, 'fe807dd9-6a07-46d6-ba5a-7228c50c44c7', '{"description": "Senior secured Zeta Note 2027", "isin": "GB4927323476", "rating": "AA+", "coupon_rate": 7.23, "payment_frequency": "QUARTERLY"}'::jsonb),
  ('77bc8606-24f4-4a5a-b41c-1fdaf1e36a31', '2024-01-15 10:00:00+00', NULL, 'e0f0eb9c-a0a5-4fab-a3ee-63712e30e3d9', '{"description": "Senior secured Eta Bond 2026", "isin": "GB8149805821", "rating": "AA", "coupon_rate": 6.56, "payment_frequency": "ANNUAL"}'::jsonb),
  ('ef2cb4cb-663c-4902-b110-3f3dede5b8f1', '2024-01-15 10:00:00+00', NULL, '8408901d-8625-4bb5-9204-724e9d51ce7b', '{"description": "Senior secured Theta Note 2027", "isin": "GB8072709948", "rating": "BBB+", "coupon_rate": 8.31, "payment_frequency": "SEMI_ANNUAL"}'::jsonb),
  ('1cc80ab4-2d38-4736-bf92-058f9079e177', '2024-01-15 10:00:00+00', NULL, 'ec7b1f63-5ebb-4bb1-ab8f-b2128b571f72', '{"description": "Senior secured Iota Bond 2026", "isin": "GB1455028401", "rating": "AA+", "coupon_rate": 4.42, "payment_frequency": "QUARTERLY"}'::jsonb),
  ('fa371d1a-41b7-4ae2-87aa-98d2cc264f1a', '2024-01-15 10:00:00+00', NULL, '3a7daf38-d6dd-4e63-afac-780366de6cf0', '{"description": "Senior secured Kappa Note 2027", "isin": "GB6244291385", "rating": "BBB+", "coupon_rate": 5.15, "payment_frequency": "QUARTERLY"}'::jsonb),
  ('b15f58b3-845e-49e9-8f42-05cbb0145f0c', '2024-01-15 10:00:00+00', NULL, '4e7529ad-2aae-4dfd-8284-ffc8cdb3df6f', '{"description": "Senior secured Lambda Bond 2026", "isin": "GB3149484176", "rating": "BBB+", "coupon_rate": 8.49, "payment_frequency": "SEMI_ANNUAL"}'::jsonb),
  ('af712deb-83fa-4c1f-97d6-f7e70646f9ff', '2024-01-15 10:00:00+00', NULL, 'dd1dea22-19b5-4ef1-82ff-db57a2986a68', '{"description": "Senior secured Mu Note 2027", "isin": "GB5744003377", "rating": "BBB", "coupon_rate": 8.06, "payment_frequency": "ANNUAL"}'::jsonb),
  ('70534752-9c74-4bb4-b8dd-71aba8ff1849', '2024-01-15 10:00:00+00', NULL, '342ac388-919c-4b4a-8461-fe7022321a12', '{"description": "Senior secured Nu Bond 2026", "isin": "GB5903457537", "rating": "A", "coupon_rate": 4.89, "payment_frequency": "ANNUAL"}'::jsonb),
  ('234df2db-0bdb-44c4-a513-7e0182521369', '2024-01-15 10:00:00+00', NULL, '9de0f760-396b-4119-a0da-6d6e138db60f', '{"description": "Senior secured Xi Note 2027", "isin": "GB7533138437", "rating": "BBB+", "coupon_rate": 5.62, "payment_frequency": "SEMI_ANNUAL"}'::jsonb),
  ('6db889c4-9ea7-4607-862f-4ec5a8f8ad62', '2024-01-15 10:00:00+00', NULL, 'd5563911-3a38-42e6-bb50-d059008a79af', '{"description": "Senior secured Omicron Bond 2026", "isin": "GB7238213207", "rating": "AA+", "coupon_rate": 4.65, "payment_frequency": "QUARTERLY"}'::jsonb),
  ('817cdaa8-396f-450c-9cfb-1bff2620d60c', '2024-01-15 10:00:00+00', NULL, 'dc3e839e-f3ae-43bf-bc64-014cbc822494', '{"description": "Senior secured Pi Note 2027", "isin": "GB1494287462", "rating": "BBB+", "coupon_rate": 6.56, "payment_frequency": "QUARTERLY"}'::jsonb),
  ('0d208f73-91f2-4470-a3ac-4fa60c4305f0', '2024-01-15 10:00:00+00', NULL, '665a72e1-1884-44ca-b564-a5b12661b534', '{"description": "Senior secured Rho Bond 2026", "isin": "GB4436189121", "rating": "A+", "coupon_rate": 5.84, "payment_frequency": "QUARTERLY"}'::jsonb),
  ('02520401-1ef7-4ba5-8a24-fcc294a614bf', '2024-01-15 10:00:00+00', NULL, '5a71284d-5bbd-40d8-8103-57695e76538f', '{"description": "Senior secured Sigma Note 2027", "isin": "GB5982744929", "rating": "BBB", "coupon_rate": 8.27, "payment_frequency": "ANNUAL"}'::jsonb),
  ('1b49d4eb-14d5-47a6-beaf-3c5b58304ab9', '2024-01-15 10:00:00+00', NULL, '7b55cede-50aa-4a60-a0f6-a8a65536bdda', '{"description": "Senior secured Tau Bond 2026", "isin": "GB8721302309", "rating": "AA", "coupon_rate": 4.03, "payment_frequency": "QUARTERLY"}'::jsonb),
  ('ef074705-1986-4fad-8812-6d47974a4877', '2024-01-15 10:00:00+00', NULL, 'e2f8ae22-d9ed-4a14-8edd-769ce0bda000', '{"description": "Senior secured Upsilon Note 2027", "isin": "GB7150970643", "rating": "AAA", "coupon_rate": 7.06, "payment_frequency": "ANNUAL"}'::jsonb),
  ('59ad1dd3-1203-45a1-9482-65160b324a30', '2024-01-15 10:00:00+00', NULL, '03b39426-ad2a-4c8d-a079-0ff63816a06f', '{"description": "Senior secured Phi Bond 2026", "isin": "GB7139882707", "rating": "AAA", "coupon_rate": 6.88, "payment_frequency": "ANNUAL"}'::jsonb),
  ('23131e3c-1d3f-4a4a-8537-aff45df73bbc', '2024-01-15 10:00:00+00', NULL, '4765979a-ad31-4e84-88de-4b9a7ce41dbe', '{"description": "Senior secured Chi Note 2027", "isin": "GB4418828570", "rating": "AA+", "coupon_rate": 7.4, "payment_frequency": "QUARTERLY"}'::jsonb),
  ('a3c5eaac-cee2-489b-aebe-b0de5fd54c10', '2024-01-15 10:00:00+00', NULL, 'c0ca0fcc-7fa6-4dcb-8365-676ad0560c8c', '{"description": "Senior secured Psi Bond 2026", "isin": "GB6097953682", "rating": "BBB+", "coupon_rate": 4.08, "payment_frequency": "ANNUAL"}'::jsonb),
  ('bac4b4db-bfdf-4cae-a06d-0ee9c64296a4', '2024-01-15 10:00:00+00', NULL, '53226b7f-88df-4e00-9199-b6d161302f9e', '{"description": "Senior secured Omega Note 2027", "isin": "GB8999963054", "rating": "BBB+", "coupon_rate": 6.28, "payment_frequency": "QUARTERLY"}'::jsonb),
  ('2c832c55-65e3-4340-93ed-6ee4a348c64f', '2024-01-15 10:00:00+00', NULL, 'fe1884e5-4851-424f-ba44-dc4031b60f73', '{"description": "Senior secured Apex Bond 2026", "isin": "GB5785590330", "rating": "BBB+", "coupon_rate": 7.65, "payment_frequency": "QUARTERLY"}'::jsonb),
  ('67778ecb-b35f-47a8-b36f-f6f33c12481d', '2024-01-15 10:00:00+00', NULL, 'a895bd39-f61d-4d31-ae5f-97b252b01057', '{"description": "Senior secured Meridian Note 2027", "isin": "GB8733575600", "rating": "AA+", "coupon_rate": 6.7, "payment_frequency": "SEMI_ANNUAL"}'::jsonb),
  ('5485344b-af73-4b2c-a70a-a35ad71bbb6d', '2024-01-15 10:00:00+00', NULL, '6126a1f9-f814-4e5e-a67f-ab0d833e2b52', '{"description": "Senior secured Zenith Bond 2026", "isin": "GB1506211965", "rating": "A", "coupon_rate": 3.64, "payment_frequency": "SEMI_ANNUAL"}'::jsonb),
  ('90461038-6c3d-47c2-a121-748aa0fe158d', '2024-01-15 10:00:00+00', NULL, '55d56fca-b1f9-42fd-ace2-68f945937160', '{"description": "Senior secured Pinnacle Note 2027", "isin": "GB3978287288", "rating": "BBB", "coupon_rate": 5.3, "payment_frequency": "ANNUAL"}'::jsonb),
  ('bcb47c00-1c7e-4bb2-9c41-6ff29c3fedf0', '2024-01-15 10:00:00+00', NULL, '6e617686-bd6b-4f96-8fe6-b84ce3a2f03e', '{"description": "Senior secured Aurora Bond 2026", "isin": "GB7763740453", "rating": "BBB", "coupon_rate": 4.02, "payment_frequency": "QUARTERLY"}'::jsonb),
  ('63c1dbca-0a82-4f76-a572-5160776cc22c', '2024-01-15 10:00:00+00', NULL, '5a56b65f-2f0e-4928-9a8d-c5e52c5e3a78', '{"description": "Senior secured Cascade Note 2027", "isin": "GB6011649263", "rating": "A", "coupon_rate": 3.77, "payment_frequency": "SEMI_ANNUAL"}'::jsonb),
  ('fd2f73e0-a7d8-47cc-bfd8-1718289dda10', '2024-01-15 10:00:00+00', NULL, '37c062e4-c29f-49b7-85f1-0edb4f536659', '{"description": "Senior secured Alpha Bond 2026", "isin": "GB8911266259", "rating": "AAA", "coupon_rate": 7.76, "payment_frequency": "ANNUAL"}'::jsonb),
  ('a14b2290-e205-4f63-a510-ba419bb1d174', '2024-01-15 10:00:00+00', NULL, '9e6ac261-9c33-4351-91a2-4346fb5c513f', '{"description": "Senior secured Beta Note 2027", "isin": "GB3081379485", "rating": "A+", "coupon_rate": 7.48, "payment_frequency": "QUARTERLY"}'::jsonb),
  ('4d483aec-0621-49ac-87cb-d1fbe4707f07', '2024-01-15 10:00:00+00', NULL, '724d87f0-e08b-400a-8fac-5f7f9d0904f6', '{"description": "Senior secured Gamma Bond 2026", "isin": "GB7420846622", "rating": "BB+", "coupon_rate": 5.29, "payment_frequency": "SEMI_ANNUAL"}'::jsonb),
  ('0abb6b69-4e9b-4367-b2b0-8600f904ca51', '2024-01-15 10:00:00+00', NULL, '007afa7e-3dc7-457b-a2e2-efccf5a6063f', '{"description": "Senior secured Delta Note 2027", "isin": "GB3098948446", "rating": "AA+", "coupon_rate": 6.11, "payment_frequency": "ANNUAL"}'::jsonb),
  ('d0f5da32-a781-4c82-bbc4-8169b86ead33', '2024-01-15 10:00:00+00', NULL, 'ab968849-266d-437a-856e-4c0b4a7514b0', '{"description": "Senior secured Epsilon Bond 2026", "isin": "GB2254516608", "rating": "A", "coupon_rate": 4.24, "payment_frequency": "SEMI_ANNUAL"}'::jsonb),
  ('530230a4-5a04-4d32-9a19-030038af1d0a', '2024-01-15 10:00:00+00', NULL, 'c28ba276-8a05-4d3f-b430-b42529742553', '{"description": "Senior secured Zeta Note 2027", "isin": "GB8584566722", "rating": "AA+", "coupon_rate": 6.15, "payment_frequency": "SEMI_ANNUAL"}'::jsonb),
  ('58957425-7f2f-4a65-9510-36aa2463a9c5', '2024-01-15 10:00:00+00', NULL, '32067ea2-9ba3-4e6c-accd-b6496023f465', '{"description": "Senior secured Eta Bond 2026", "isin": "GB8382963909", "rating": "A+", "coupon_rate": 8.44, "payment_frequency": "ANNUAL"}'::jsonb),
  ('66f820f3-faf5-4a82-9d09-142158f0b8aa', '2024-01-15 10:00:00+00', NULL, '2edbd8d2-f67c-4d69-a328-cd0f08d606f5', '{"description": "Senior secured Theta Note 2027", "isin": "GB6358107532", "rating": "AAA", "coupon_rate": 5.47, "payment_frequency": "SEMI_ANNUAL"}'::jsonb),
  ('ace74f0a-4ee3-4fb2-a1a2-cc9371e7f9ce', '2024-01-15 10:00:00+00', NULL, '4e554e29-d3d6-4cf2-9f92-ade354025d28', '{"description": "Senior secured Iota Bond 2026", "isin": "GB5668556448", "rating": "AA+", "coupon_rate": 7.27, "payment_frequency": "ANNUAL"}'::jsonb),
  ('6fbd640e-4720-49d5-8550-8f28af7c8264', '2024-01-15 10:00:00+00', NULL, '33f35c98-9f97-4c45-a83d-be1a08febf83', '{"description": "Senior secured Kappa Note 2027", "isin": "GB8254773516", "rating": "BBB", "coupon_rate": 3.91, "payment_frequency": "ANNUAL"}'::jsonb),
  ('5ef08f43-0ae7-416d-b428-41dca431a184', '2024-01-15 10:00:00+00', NULL, 'd16ca773-29a6-44c9-81ff-a828df25258a', '{"description": "Senior secured Lambda Bond 2026", "isin": "GB4370902138", "rating": "A+", "coupon_rate": 7.43, "payment_frequency": "QUARTERLY"}'::jsonb),
  ('ac8cffe2-a82b-42d2-a5db-21b26a3e9ccb', '2024-01-15 10:00:00+00', NULL, '488fb4bd-c24a-48e5-944e-01afdd0b7fe8', '{"description": "Senior secured Mu Note 2027", "isin": "GB3313993297", "rating": "BBB+", "coupon_rate": 8.38, "payment_frequency": "SEMI_ANNUAL"}'::jsonb),
  ('753512a0-3f57-4f78-b3bb-bd651be4b1d7', '2024-01-15 10:00:00+00', NULL, '3e630d59-7d49-4edd-8c1f-a596277082f3', '{"description": "Senior secured Nu Bond 2026", "isin": "GB1408988968", "rating": "BBB", "coupon_rate": 8.05, "payment_frequency": "SEMI_ANNUAL"}'::jsonb),
  ('0876f032-ef2d-46ad-81c1-b44f4f121cab', '2024-01-15 10:00:00+00', NULL, '77bcdf17-c9df-4fd8-a7e7-5a4df72a359f', '{"description": "Senior secured Xi Note 2027", "isin": "GB4719780110", "rating": "A+", "coupon_rate": 3.8, "payment_frequency": "SEMI_ANNUAL"}'::jsonb),
  ('6da70675-de95-49d8-94bf-4453b268763e', '2024-01-15 10:00:00+00', NULL, 'fed4a7ce-72b2-424e-a9a9-7cf79f1ea98f', '{"description": "Senior secured Omicron Bond 2026", "isin": "GB4558302256", "rating": "BBB", "coupon_rate": 5.69, "payment_frequency": "QUARTERLY"}'::jsonb),
  ('a953ee88-6ada-440c-8bfd-6f0c4a693ae1', '2024-01-15 10:00:00+00', NULL, '208d4e44-af6e-485d-8fec-81c44949a589', '{"description": "Senior secured Pi Note 2027", "isin": "GB8011113122", "rating": "BBB", "coupon_rate": 5.06, "payment_frequency": "ANNUAL"}'::jsonb),
  ('f96a3941-a1b6-450f-afe1-d637ca865957', '2024-01-15 10:00:00+00', NULL, '8e26ff28-68a7-49f3-829c-b5229b2b1ce4', '{"description": "Senior secured Rho Bond 2026", "isin": "GB5694806361", "rating": "A", "coupon_rate": 6.82, "payment_frequency": "SEMI_ANNUAL"}'::jsonb),
  ('415306ae-d05c-4b18-a9b3-742850b2748f', '2024-01-15 10:00:00+00', NULL, 'ccb63459-1516-461e-b929-3c26064e15b3', '{"description": "Senior secured Sigma Note 2027", "isin": "GB7391102387", "rating": "AAA", "coupon_rate": 7.78, "payment_frequency": "QUARTERLY"}'::jsonb),
  ('127d8ff3-5e29-4540-97b4-cb1bff9c1933', '2024-01-15 10:00:00+00', NULL, 'af9415f2-aff0-4984-8e06-17ac432f2215', '{"description": "Senior secured Tau Bond 2026", "isin": "GB9989974968", "rating": "BB+", "coupon_rate": 6.49, "payment_frequency": "QUARTERLY"}'::jsonb),
  ('ce0ef6d5-90a5-471b-90b4-e27163a20494', '2024-01-15 10:00:00+00', NULL, '4be47a90-d89e-4498-b4b2-c40f44ace1f5', '{"description": "Senior secured Upsilon Note 2027", "isin": "GB7590302909", "rating": "A+", "coupon_rate": 8.32, "payment_frequency": "ANNUAL"}'::jsonb),
  ('fc0783a0-59b5-4dcc-90ce-92bf4aeaeb45', '2024-01-15 10:00:00+00', NULL, '74837d3e-38df-4853-af39-9ee52ce1c0f9', '{"description": "Senior secured Phi Bond 2026", "isin": "GB7419751815", "rating": "BBB+", "coupon_rate": 7.56, "payment_frequency": "SEMI_ANNUAL"}'::jsonb),
  ('a9765912-8116-4bc9-b8d5-556b37f2efe8', '2024-01-15 10:00:00+00', NULL, '83cf9b52-f912-4c64-873d-f302bcd1624a', '{"description": "Senior secured Chi Note 2027", "isin": "GB8956094389", "rating": "BBB+", "coupon_rate": 7.92, "payment_frequency": "ANNUAL"}'::jsonb),
  ('c364159a-7af0-4f13-b370-c5bc8def5792', '2024-01-15 10:00:00+00', NULL, '9d4ca8c4-da9c-4d16-8f98-62138bffe1c6', '{"description": "Senior secured Psi Bond 2026", "isin": "GB1197323378", "rating": "BB+", "coupon_rate": 3.09, "payment_frequency": "ANNUAL"}'::jsonb),
  ('0dfe1596-a655-4b4a-94ca-311f8599bf88', '2024-01-15 10:00:00+00', NULL, '1ce07d88-c7c7-437e-9366-4cc0b0d11812', '{"description": "Senior secured Omega Note 2027", "isin": "GB7190276026", "rating": "AAA", "coupon_rate": 8.46, "payment_frequency": "SEMI_ANNUAL"}'::jsonb),
  ('3f6c2aa9-2c0e-42cb-baec-148a57c45f09', '2024-01-15 10:00:00+00', NULL, '29e38140-f143-493e-b7a4-11a40eae3f53', '{"description": "Senior secured Apex Bond 2026", "isin": "GB8086684009", "rating": "AA", "coupon_rate": 7.81, "payment_frequency": "SEMI_ANNUAL"}'::jsonb),
  ('1d7c0e50-be8b-4d55-8119-92a789dba451', '2024-01-15 10:00:00+00', NULL, '9d42e15a-285b-4dbb-8152-3641194b7caa', '{"description": "Senior secured Meridian Note 2027", "isin": "GB9990826771", "rating": "BBB+", "coupon_rate": 4.38, "payment_frequency": "SEMI_ANNUAL"}'::jsonb),
  ('6358b86b-e84c-4872-b89b-1101de20dca8', '2024-01-15 10:00:00+00', NULL, '3cd4e71f-3646-4370-b09c-6aa712da3c77', '{"description": "Senior secured Zenith Bond 2026", "isin": "GB3787052438", "rating": "AAA", "coupon_rate": 5.18, "payment_frequency": "SEMI_ANNUAL"}'::jsonb),
  ('409a9641-2b61-4c4f-bfc3-233a17ba6749', '2024-01-15 10:00:00+00', NULL, '043ba167-70a5-49ba-9361-7fd170135803', '{"description": "Senior secured Pinnacle Note 2027", "isin": "GB4243697409", "rating": "BBB", "coupon_rate": 6.61, "payment_frequency": "QUARTERLY"}'::jsonb),
  ('fa734518-6be3-4138-858b-9363181aea68', '2024-01-15 10:00:00+00', NULL, '24ed6100-5ad5-4b5c-8b56-1adf77ea098c', '{"description": "Senior secured Aurora Bond 2026", "isin": "GB1408810792", "rating": "A+", "coupon_rate": 5.62, "payment_frequency": "ANNUAL"}'::jsonb),
  ('42d41439-13be-4e5a-b3ea-e6f14bb1d19e', '2024-01-15 10:00:00+00', NULL, 'd26d9e17-1d6c-4822-9147-9c2f02270eb6', '{"description": "Senior secured Cascade Note 2027", "isin": "GB3549834042", "rating": "BB+", "coupon_rate": 3.05, "payment_frequency": "QUARTERLY"}'::jsonb),
  ('3d80de08-b992-4f37-a8fa-c85036a3372c', '2024-01-15 10:00:00+00', NULL, 'd7bbaf25-ace8-45d5-baeb-2fa6cce7ca52', '{"description": "Senior secured Alpha Bond 2026", "isin": "GB8990100704", "rating": "AA", "coupon_rate": 5.63, "payment_frequency": "ANNUAL"}'::jsonb),
  ('790877d7-19f5-49ca-baed-a46c2a5fd32b', '2024-01-15 10:00:00+00', NULL, '116b370e-f0d2-4bc3-85be-d3664772fd85', '{"description": "Senior secured Beta Note 2027", "isin": "GB2645272822", "rating": "AA+", "coupon_rate": 3.57, "payment_frequency": "SEMI_ANNUAL"}'::jsonb),
  ('ca5b0e76-9f0a-4541-a6bc-0b7ba614d9bd', '2024-01-15 10:00:00+00', NULL, 'e37f87fa-65d7-4ba1-b06d-b390f12594de', '{"description": "Senior secured Gamma Bond 2026", "isin": "GB9078786223", "rating": "AA", "coupon_rate": 5.1, "payment_frequency": "ANNUAL"}'::jsonb),
  ('181a0b9a-3d9b-46ee-b3db-54a17ac5f8fb', '2024-01-15 10:00:00+00', NULL, '46dff890-2337-4f0c-aea9-bf353c94d662', '{"description": "Senior secured Delta Note 2027", "isin": "GB3908281627", "rating": "AA+", "coupon_rate": 5.92, "payment_frequency": "ANNUAL"}'::jsonb),
  ('740f8160-c5e7-4cc5-880e-cea8d11558d7', '2024-01-15 10:00:00+00', NULL, '84ade368-944a-4dac-82d5-e7e06a7d0407', '{"description": "Senior secured Epsilon Bond 2026", "isin": "GB5999842516", "rating": "BBB+", "coupon_rate": 6.97, "payment_frequency": "QUARTERLY"}'::jsonb),
  ('551431a4-388a-406b-97bb-837e4f7516ad', '2024-01-15 10:00:00+00', NULL, '45e7341b-6961-49a0-9ac7-6ca382ecd63d', '{"description": "Senior secured Zeta Note 2027", "isin": "GB4213790202", "rating": "BBB", "coupon_rate": 6.39, "payment_frequency": "SEMI_ANNUAL"}'::jsonb),
  ('60b19853-2d44-448d-ad45-3259cf3c484c', '2024-01-15 10:00:00+00', NULL, '4e094892-bad9-4c0c-8586-614f20287ca0', '{"description": "Senior secured Eta Bond 2026", "isin": "GB4693510920", "rating": "AA+", "coupon_rate": 7.93, "payment_frequency": "ANNUAL"}'::jsonb),
  ('7faa8a45-286e-4070-8684-d8a1af730e1c', '2024-01-15 10:00:00+00', NULL, '65f8a471-f0e1-4010-bad2-4ba7c54bd57d', '{"description": "Senior secured Theta Note 2027", "isin": "GB4231729466", "rating": "BBB", "coupon_rate": 4.93, "payment_frequency": "SEMI_ANNUAL"}'::jsonb),
  ('b31a531b-7c75-4379-a0e5-e4504ba823b1', '2024-01-15 10:00:00+00', NULL, '0719514d-aec6-434f-af2b-c1109cd1514a', '{"description": "Senior secured Iota Bond 2026", "isin": "GB1600566083", "rating": "A", "coupon_rate": 6.55, "payment_frequency": "ANNUAL"}'::jsonb),
  ('774a9282-f69b-4190-b14d-321105475f2a', '2024-01-15 10:00:00+00', NULL, '2dae7c94-e9b7-4a23-970e-c4564b8a0ee0', '{"description": "Senior secured Kappa Note 2027", "isin": "GB7904559790", "rating": "AAA", "coupon_rate": 7.66, "payment_frequency": "QUARTERLY"}'::jsonb),
  ('52e908f2-d70b-4723-8b30-41a68a230792', '2024-01-15 10:00:00+00', NULL, '429e0dea-f8d6-442d-9593-233213a4534c', '{"description": "Senior secured Lambda Bond 2026", "isin": "GB9056616444", "rating": "A+", "coupon_rate": 5.85, "payment_frequency": "QUARTERLY"}'::jsonb),
  ('4f92ce93-ba84-4658-9368-84420b6aaa90', '2024-01-15 10:00:00+00', NULL, '424c7fa7-8f43-48be-b8e0-d0c1e74dd3b4', '{"description": "Senior secured Mu Note 2027", "isin": "GB6977525103", "rating": "AAA", "coupon_rate": 7.31, "payment_frequency": "ANNUAL"}'::jsonb),
  ('b084c288-02d1-4fdd-9b40-830193fbddab', '2024-01-15 10:00:00+00', NULL, '44aa137c-4568-46ce-b07c-591468ba9de9', '{"description": "Senior secured Nu Bond 2026", "isin": "GB7420493866", "rating": "AA+", "coupon_rate": 4.33, "payment_frequency": "QUARTERLY"}'::jsonb),
  ('f8a961e9-b987-4143-b32b-23dcd50dfb1d', '2024-01-15 10:00:00+00', NULL, 'e919bb49-27d9-4323-bf8a-828e498e171b', '{"description": "Senior secured Xi Note 2027", "isin": "GB3550908958", "rating": "AAA", "coupon_rate": 8.43, "payment_frequency": "SEMI_ANNUAL"}'::jsonb),
  ('fcd3b682-ff84-425a-8dec-af74ad433da6', '2024-01-15 10:00:00+00', NULL, '7358fcda-4dc5-4029-83d5-b3071fbed0c2', '{"description": "Senior secured Omicron Bond 2026", "isin": "GB5861829469", "rating": "BBB", "coupon_rate": 5.01, "payment_frequency": "QUARTERLY"}'::jsonb),
  ('6a7ed97a-ee58-45de-a069-5e61dda438a6', '2024-01-15 10:00:00+00', NULL, 'ae04f79b-88a5-4b72-a03b-26650a3e6c8d', '{"description": "Senior secured Pi Note 2027", "isin": "GB1313497572", "rating": "AA+", "coupon_rate": 3.08, "payment_frequency": "ANNUAL"}'::jsonb),
  ('63047e3f-110f-414b-996c-db91f419f671', '2024-01-15 10:00:00+00', NULL, 'ff17c130-9b0e-4a20-9240-a0ca21c15090', '{"description": "Senior secured Rho Bond 2026", "isin": "GB8684942020", "rating": "A", "coupon_rate": 6.46, "payment_frequency": "QUARTERLY"}'::jsonb),
  ('9192ab6f-7467-4ab5-899c-1d926860e390', '2024-01-15 10:00:00+00', NULL, '4283238c-2367-45f8-acc4-b77f4796a7e5', '{"description": "Senior secured Sigma Note 2027", "isin": "GB8589679668", "rating": "BBB", "coupon_rate": 6.86, "payment_frequency": "ANNUAL"}'::jsonb),
  ('7b4c8701-b00b-4ebc-bfb2-ec0871942dae', '2024-01-15 10:00:00+00', NULL, '4b9630ba-d7eb-4921-a031-4cbec6480308', '{"description": "Senior secured Tau Bond 2026", "isin": "GB5950724801", "rating": "AA+", "coupon_rate": 4.7, "payment_frequency": "QUARTERLY"}'::jsonb),
  ('36a1ba36-e8cc-43de-a6d7-3ed9820aa115', '2024-01-15 10:00:00+00', NULL, '4a0b4dd0-0fe6-4a79-814f-659cb0f6768e', '{"description": "Senior secured Upsilon Note 2027", "isin": "GB4955342162", "rating": "AA", "coupon_rate": 5.95, "payment_frequency": "SEMI_ANNUAL"}'::jsonb),
  ('fd8ac115-30fa-48bf-ae87-1eccaa0fbfb9', '2024-01-15 10:00:00+00', NULL, 'd2396547-6d38-4b9d-af09-d65c2823d1b4', '{"description": "Senior secured Phi Bond 2026", "isin": "GB3762327862", "rating": "A", "coupon_rate": 6.84, "payment_frequency": "QUARTERLY"}'::jsonb),
  ('7167a362-c06d-40c8-b8ed-c2855afea9d1', '2024-01-15 10:00:00+00', NULL, '37402d39-ec1a-4e8e-b41a-d9132021f2ba', '{"description": "Senior secured Chi Note 2027", "isin": "GB2024939794", "rating": "A+", "coupon_rate": 3.47, "payment_frequency": "SEMI_ANNUAL"}'::jsonb),
  ('66e82669-f912-4faa-a0f7-7cda8f2fcf7f', '2024-01-15 10:00:00+00', NULL, '20e6b21c-8372-4d7f-9734-2d40d466d68b', '{"description": "Senior secured Psi Bond 2026", "isin": "GB5793125884", "rating": "AAA", "coupon_rate": 4.7, "payment_frequency": "QUARTERLY"}'::jsonb),
  ('a8c21afa-a9de-4c5c-82c8-f39abf4cbf9c', '2024-01-15 10:00:00+00', NULL, 'e024fe6f-d582-4bd8-9d81-ffd61750239d', '{"description": "Senior secured Omega Note 2027", "isin": "GB1754393408", "rating": "AAA", "coupon_rate": 6.89, "payment_frequency": "QUARTERLY"}'::jsonb),
  ('46304d46-55b7-48f3-b4e2-e396f11a1e1b', '2024-01-15 10:00:00+00', NULL, 'eae3210c-33f3-440c-9f2c-29f9fcf273c1', '{"description": "Senior secured Apex Bond 2026", "isin": "GB1048750473", "rating": "BB+", "coupon_rate": 8.24, "payment_frequency": "QUARTERLY"}'::jsonb),
  ('7bf22a70-9065-4ce5-a229-e0248af289cc', '2024-01-15 10:00:00+00', NULL, 'ed4c0a95-52ea-4862-8af2-277c4345a5ce', '{"description": "Senior secured Meridian Note 2027", "isin": "GB2113457241", "rating": "BBB+", "coupon_rate": 3.7, "payment_frequency": "SEMI_ANNUAL"}'::jsonb),
  ('5e2f3c7d-44bd-476b-b58d-1a4953cb4cb9', '2024-01-15 10:00:00+00', NULL, '680f0a18-9ed0-4b56-843f-cfc0b7ab8fb8', '{"description": "Senior secured Zenith Bond 2026", "isin": "GB4865030023", "rating": "BBB+", "coupon_rate": 7.44, "payment_frequency": "SEMI_ANNUAL"}'::jsonb),
  ('a043e170-809b-4405-861b-95effadb19c5', '2024-01-15 10:00:00+00', NULL, '9f44c5ea-09ae-434b-99ab-ae8ce6504394', '{"description": "Senior secured Pinnacle Note 2027", "isin": "GB3249936731", "rating": "A", "coupon_rate": 6.92, "payment_frequency": "QUARTERLY"}'::jsonb),
  ('d5f41434-a781-4a3e-bf6f-24cca3d02209', '2024-01-15 10:00:00+00', NULL, 'b73706b0-d57b-4843-b499-00e2d8858be4', '{"description": "Senior secured Aurora Bond 2026", "isin": "GB3695232998", "rating": "BB+", "coupon_rate": 5.5, "payment_frequency": "SEMI_ANNUAL"}'::jsonb),
  ('3ea0c1fe-1c28-4f67-a4dc-d3168cf42ab6', '2024-01-15 10:00:00+00', NULL, '2c8b5174-8991-4edd-8540-3f33ef291ec6', '{"description": "Senior secured Cascade Note 2027", "isin": "GB5533076460", "rating": "AA", "coupon_rate": 5.02, "payment_frequency": "SEMI_ANNUAL"}'::jsonb),
  ('25784a1b-26a4-4237-9439-0ae96bfe2633', '2024-01-15 10:00:00+00', NULL, '847f0b41-5b90-43ef-8fe7-e4f1015a87a1', '{"description": "Senior secured Alpha Bond 2026", "isin": "GB4321422584", "rating": "AA+", "coupon_rate": 4.26, "payment_frequency": "QUARTERLY"}'::jsonb),
  ('38de68df-13dd-465a-8a0b-a9dc09d3601f', '2024-01-15 10:00:00+00', NULL, 'ac33e008-f5b8-41c7-9634-736ac5941ef3', '{"description": "Senior secured Beta Note 2027", "isin": "GB1011031667", "rating": "AAA", "coupon_rate": 4.35, "payment_frequency": "SEMI_ANNUAL"}'::jsonb),
  ('3759ef56-8042-41fc-b869-ad82cd8a9d4f', '2024-01-15 10:00:00+00', NULL, '0c8d5f99-f28e-4b85-a8e4-9df06cd04083', '{"description": "Senior secured Gamma Bond 2026", "isin": "GB6858234447", "rating": "AA", "coupon_rate": 3.98, "payment_frequency": "ANNUAL"}'::jsonb),
  ('794acb8f-e77e-42d8-a0f9-c5cbef4fd868', '2024-01-15 10:00:00+00', NULL, '3461eb0a-de12-4f13-8a7f-fe158dafc846', '{"description": "Senior secured Delta Note 2027", "isin": "GB2801177461", "rating": "BBB+", "coupon_rate": 4.37, "payment_frequency": "QUARTERLY"}'::jsonb),
  ('72a63684-1040-4dfe-8d5e-d5c251dda586', '2024-01-15 10:00:00+00', NULL, 'f1f1f360-da8e-45a5-93c8-1f9893c50318', '{"description": "Senior secured Epsilon Bond 2026", "isin": "GB6669078244", "rating": "AA+", "coupon_rate": 6.14, "payment_frequency": "ANNUAL"}'::jsonb),
  ('d22d42b4-147d-4f2d-93d2-509f21dd0a6d', '2024-01-15 10:00:00+00', NULL, 'e047a4b9-67a6-4f22-ac66-fe4cbc5e7ac9', '{"description": "Senior secured Zeta Note 2027", "isin": "GB4873807154", "rating": "AA", "coupon_rate": 4.23, "payment_frequency": "QUARTERLY"}'::jsonb),
  ('92b6c94b-0365-4d30-af69-67efd925e2f8', '2024-01-15 10:00:00+00', NULL, 'edba0b2c-320d-4350-b294-fd023b72114b', '{"description": "Senior secured Eta Bond 2026", "isin": "GB5215140451", "rating": "BBB", "coupon_rate": 3.38, "payment_frequency": "SEMI_ANNUAL"}'::jsonb),
  ('36541759-9ef9-494e-84e0-2de6871e34ee', '2024-01-15 10:00:00+00', NULL, '6d591d4c-c62c-4a4f-a213-4cf68536f59e', '{"description": "Senior secured Theta Note 2027", "isin": "GB9014547420", "rating": "A", "coupon_rate": 4.8, "payment_frequency": "QUARTERLY"}'::jsonb),
  ('5f3cf1a8-03d3-4f1b-9515-0f1ae507f2cc', '2024-01-15 10:00:00+00', NULL, '3b75c06d-ab3e-42fb-a842-048bdba1720f', '{"description": "Senior secured Iota Bond 2026", "isin": "GB2961709893", "rating": "BBB+", "coupon_rate": 4.1, "payment_frequency": "QUARTERLY"}'::jsonb),
  ('89df569b-b89c-43b3-bc18-95b0de174f01', '2024-01-15 10:00:00+00', NULL, '0018f874-f3f3-4e51-904a-d6345a64e242', '{"description": "Senior secured Kappa Note 2027", "isin": "GB8664400151", "rating": "A+", "coupon_rate": 5.55, "payment_frequency": "QUARTERLY"}'::jsonb);

-- Instrument ownerships (100)
INSERT INTO instrument_ownerships (id, created_at, deleted_at, instrument_id, owner_id, acquired_at, relinquished_at, acquisition_reason) VALUES
  ('26ba5808-7e7c-4247-8275-bf280af07c9a', '2024-01-15 10:00:00+00', NULL, 'd50365ac-4b16-4741-bf5c-8285069b5a7f', '588993e6-5d17-4f1f-92e2-a256b6c63f94', '2024-01-15 10:00:00+00', NULL, 'ISSUANCE'),
  ('47772139-e00d-48ea-9264-bd638b37ef3b', '2024-01-15 10:00:00+00', NULL, '1f105f00-4014-4078-b898-38cca8536838', '588993e6-5d17-4f1f-92e2-a256b6c63f94', '2024-01-15 10:00:00+00', NULL, 'ISSUANCE'),
  ('ca0c4666-e566-47b0-8883-d0f6cd7dbdce', '2024-01-15 10:00:00+00', NULL, 'e7f27bf4-bcde-4598-be70-8542253c725b', '6ff8d2e2-6244-4019-bc34-39bd9b9b5f88', '2024-01-15 10:00:00+00', NULL, 'ISSUANCE'),
  ('afabcdb0-1f23-4ca7-b5b4-698366c40b38', '2024-01-15 10:00:00+00', NULL, '51f268f5-c862-49da-b50b-fe21a03787de', '6ff8d2e2-6244-4019-bc34-39bd9b9b5f88', '2024-01-15 10:00:00+00', NULL, 'ISSUANCE'),
  ('bee66a78-464c-457d-bcd9-5479fa1cff53', '2024-01-15 10:00:00+00', NULL, '09821a02-b854-4172-9247-9f0db316d0a0', '8c01599a-5a96-4e26-aa9e-bcb1ec84816f', '2024-01-15 10:00:00+00', NULL, 'ISSUANCE'),
  ('f4784c63-9318-407a-b07e-5747fc132111', '2024-01-15 10:00:00+00', NULL, 'fe807dd9-6a07-46d6-ba5a-7228c50c44c7', '8c01599a-5a96-4e26-aa9e-bcb1ec84816f', '2024-01-15 10:00:00+00', NULL, 'ISSUANCE'),
  ('892de745-55e9-4902-8323-58025b72822f', '2024-01-15 10:00:00+00', NULL, 'e0f0eb9c-a0a5-4fab-a3ee-63712e30e3d9', '3817158e-ebec-495a-9fe7-c53bacbc09c9', '2024-01-15 10:00:00+00', NULL, 'ISSUANCE'),
  ('fe58d989-5265-4718-a285-abd5740c0d84', '2024-01-15 10:00:00+00', NULL, '8408901d-8625-4bb5-9204-724e9d51ce7b', '3817158e-ebec-495a-9fe7-c53bacbc09c9', '2024-01-15 10:00:00+00', NULL, 'ISSUANCE'),
  ('1a6b3307-8c5c-4bb7-8ca9-8e2c21f7147a', '2024-01-15 10:00:00+00', NULL, 'ec7b1f63-5ebb-4bb1-ab8f-b2128b571f72', 'c2af7004-c888-4620-ada4-5a9f37cd8356', '2024-01-15 10:00:00+00', NULL, 'ISSUANCE'),
  ('04b69fe3-55dc-4b5f-9200-6f344a3fb47f', '2024-01-15 10:00:00+00', NULL, '3a7daf38-d6dd-4e63-afac-780366de6cf0', 'c2af7004-c888-4620-ada4-5a9f37cd8356', '2024-01-15 10:00:00+00', NULL, 'ISSUANCE'),
  ('588600ad-b294-4cd3-b528-4e7305d914d3', '2024-01-15 10:00:00+00', NULL, '4e7529ad-2aae-4dfd-8284-ffc8cdb3df6f', '60e569c5-be9a-4f28-b8ef-45ae1269c972', '2024-01-15 10:00:00+00', NULL, 'ISSUANCE'),
  ('59a32993-9c59-4bad-99e0-0c308a639a12', '2024-01-15 10:00:00+00', NULL, 'dd1dea22-19b5-4ef1-82ff-db57a2986a68', '60e569c5-be9a-4f28-b8ef-45ae1269c972', '2024-01-15 10:00:00+00', NULL, 'ISSUANCE'),
  ('aff3350b-ceea-4be1-b627-05f0b291b6b8', '2024-01-15 10:00:00+00', NULL, '342ac388-919c-4b4a-8461-fe7022321a12', 'b8e22350-b981-47aa-b687-5d716bd3bee9', '2024-01-15 10:00:00+00', NULL, 'ISSUANCE'),
  ('b10b6aae-dc03-4cca-8126-fa8f29f602f7', '2024-01-15 10:00:00+00', NULL, '9de0f760-396b-4119-a0da-6d6e138db60f', 'b8e22350-b981-47aa-b687-5d716bd3bee9', '2024-01-15 10:00:00+00', NULL, 'ISSUANCE'),
  ('9a94536d-5718-47e4-99ef-92d34b226d53', '2024-01-15 10:00:00+00', NULL, 'd5563911-3a38-42e6-bb50-d059008a79af', '4996c730-5ff9-4726-a4d1-c8ec0e96d867', '2024-01-15 10:00:00+00', NULL, 'ISSUANCE'),
  ('b7988116-6d2f-4a58-b49d-15c91993ada7', '2024-01-15 10:00:00+00', NULL, 'dc3e839e-f3ae-43bf-bc64-014cbc822494', '4996c730-5ff9-4726-a4d1-c8ec0e96d867', '2024-01-15 10:00:00+00', NULL, 'ISSUANCE'),
  ('d9c3abe2-b259-413c-ba2d-b67f743da14e', '2024-01-15 10:00:00+00', NULL, '665a72e1-1884-44ca-b564-a5b12661b534', '3915a226-2d4e-41d2-9e8b-29af03e6c5ed', '2024-01-15 10:00:00+00', NULL, 'ISSUANCE'),
  ('5e0628c8-baf1-4806-9730-9b86e5ab4268', '2024-01-15 10:00:00+00', NULL, '5a71284d-5bbd-40d8-8103-57695e76538f', '3915a226-2d4e-41d2-9e8b-29af03e6c5ed', '2024-01-15 10:00:00+00', NULL, 'ISSUANCE'),
  ('3c4d42d2-aa2e-4eda-97c7-3c8baeb73df7', '2024-01-15 10:00:00+00', NULL, '7b55cede-50aa-4a60-a0f6-a8a65536bdda', 'fe04ab7f-34ef-49a7-b094-a5b1f7416279', '2024-01-15 10:00:00+00', NULL, 'ISSUANCE'),
  ('e7b228c0-cad8-4c82-aa38-a0db6c90597c', '2024-01-15 10:00:00+00', NULL, 'e2f8ae22-d9ed-4a14-8edd-769ce0bda000', 'fe04ab7f-34ef-49a7-b094-a5b1f7416279', '2024-01-15 10:00:00+00', NULL, 'ISSUANCE'),
  ('f9e9c37d-1398-4bf3-8999-e0bdefd40c1e', '2024-01-15 10:00:00+00', NULL, '03b39426-ad2a-4c8d-a079-0ff63816a06f', 'f2ff1981-6625-433b-ad6f-3877d761070a', '2024-01-15 10:00:00+00', NULL, 'ISSUANCE'),
  ('897e865a-e46f-4590-b389-46da68170bd1', '2024-01-15 10:00:00+00', NULL, '4765979a-ad31-4e84-88de-4b9a7ce41dbe', 'f2ff1981-6625-433b-ad6f-3877d761070a', '2024-01-15 10:00:00+00', NULL, 'ISSUANCE'),
  ('e6e845a3-dbef-4624-a1d3-c0077c2e1c9f', '2024-01-15 10:00:00+00', NULL, 'c0ca0fcc-7fa6-4dcb-8365-676ad0560c8c', 'b0e6362f-ab7a-4388-b2c4-2f19cccac08d', '2024-01-15 10:00:00+00', NULL, 'ISSUANCE'),
  ('978760ea-6115-4136-a758-e437806abd97', '2024-01-15 10:00:00+00', NULL, '53226b7f-88df-4e00-9199-b6d161302f9e', 'b0e6362f-ab7a-4388-b2c4-2f19cccac08d', '2024-01-15 10:00:00+00', NULL, 'ISSUANCE'),
  ('4d59f63a-7f0a-4ea9-9871-f78991d397c7', '2024-01-15 10:00:00+00', NULL, 'fe1884e5-4851-424f-ba44-dc4031b60f73', 'd2479b5c-cf9b-4d7b-a787-8de472ad7254', '2024-01-15 10:00:00+00', NULL, 'ISSUANCE'),
  ('fa815395-9150-4ec3-8d82-566010043353', '2024-01-15 10:00:00+00', NULL, 'a895bd39-f61d-4d31-ae5f-97b252b01057', 'd2479b5c-cf9b-4d7b-a787-8de472ad7254', '2024-01-15 10:00:00+00', NULL, 'ISSUANCE'),
  ('8a0f66a0-6f9e-4ff1-b512-79938476cbaf', '2024-01-15 10:00:00+00', NULL, '6126a1f9-f814-4e5e-a67f-ab0d833e2b52', 'f45cbc89-5dea-4b7c-85ce-30671ac0f61b', '2024-01-15 10:00:00+00', NULL, 'ISSUANCE'),
  ('d3c3191f-b134-456d-ac07-38cb15a90171', '2024-01-15 10:00:00+00', NULL, '55d56fca-b1f9-42fd-ace2-68f945937160', 'f45cbc89-5dea-4b7c-85ce-30671ac0f61b', '2024-01-15 10:00:00+00', NULL, 'ISSUANCE'),
  ('2aa561b8-c649-4c76-9fd0-4e8a57f071ff', '2024-01-15 10:00:00+00', NULL, '6e617686-bd6b-4f96-8fe6-b84ce3a2f03e', 'b230456f-fd09-44d3-820d-95b848989105', '2024-01-15 10:00:00+00', NULL, 'ISSUANCE'),
  ('12546786-2d77-4c8e-b396-45133e2e2cde', '2024-01-15 10:00:00+00', NULL, '5a56b65f-2f0e-4928-9a8d-c5e52c5e3a78', 'b230456f-fd09-44d3-820d-95b848989105', '2024-01-15 10:00:00+00', NULL, 'ISSUANCE'),
  ('86d1f495-0252-4fcc-becb-e3ef6a6b6eb5', '2024-01-15 10:00:00+00', NULL, '37c062e4-c29f-49b7-85f1-0edb4f536659', 'a5d80929-663a-457b-9dc8-597d13a4b6b9', '2024-01-15 10:00:00+00', NULL, 'ISSUANCE'),
  ('8b0fc729-448e-4073-97da-23f1139a4459', '2024-01-15 10:00:00+00', NULL, '9e6ac261-9c33-4351-91a2-4346fb5c513f', 'a5d80929-663a-457b-9dc8-597d13a4b6b9', '2024-01-15 10:00:00+00', NULL, 'ISSUANCE'),
  ('0aa492ff-3299-4c1c-9445-d8bea834d045', '2024-01-15 10:00:00+00', NULL, '724d87f0-e08b-400a-8fac-5f7f9d0904f6', 'd40c8145-4e71-4ffc-bd67-19fd12381f14', '2024-01-15 10:00:00+00', NULL, 'ISSUANCE'),
  ('58f65a31-4ece-4ce1-a851-02d8edb9ebae', '2024-01-15 10:00:00+00', NULL, '007afa7e-3dc7-457b-a2e2-efccf5a6063f', 'd40c8145-4e71-4ffc-bd67-19fd12381f14', '2024-01-15 10:00:00+00', NULL, 'ISSUANCE'),
  ('9b56fe0b-cec4-4d6b-8f37-dfb187805787', '2024-01-15 10:00:00+00', NULL, 'ab968849-266d-437a-856e-4c0b4a7514b0', '11d5a311-53e9-4c70-b80d-ec269a067974', '2024-01-15 10:00:00+00', NULL, 'ISSUANCE'),
  ('b4950f16-0426-4b71-998f-e824f704591c', '2024-01-15 10:00:00+00', NULL, 'c28ba276-8a05-4d3f-b430-b42529742553', '11d5a311-53e9-4c70-b80d-ec269a067974', '2024-01-15 10:00:00+00', NULL, 'ISSUANCE'),
  ('9480f04f-f57c-4723-9efd-5cfef88a931b', '2024-01-15 10:00:00+00', NULL, '32067ea2-9ba3-4e6c-accd-b6496023f465', '16c7dbe6-cac0-4dac-a0b6-e85d036114c8', '2024-01-15 10:00:00+00', NULL, 'ISSUANCE'),
  ('02987dcc-bbde-40ab-a470-58af47bcd906', '2024-01-15 10:00:00+00', NULL, '2edbd8d2-f67c-4d69-a328-cd0f08d606f5', '16c7dbe6-cac0-4dac-a0b6-e85d036114c8', '2024-01-15 10:00:00+00', NULL, 'ISSUANCE'),
  ('6a2ef217-28e2-4716-8424-8982675d1b65', '2024-01-15 10:00:00+00', NULL, '4e554e29-d3d6-4cf2-9f92-ade354025d28', 'abd24e13-4d92-4b91-b428-bcccfd6443ca', '2024-01-15 10:00:00+00', NULL, 'ISSUANCE'),
  ('800668f2-c8da-4b36-ad1c-d30297a4b8b5', '2024-01-15 10:00:00+00', NULL, '33f35c98-9f97-4c45-a83d-be1a08febf83', 'abd24e13-4d92-4b91-b428-bcccfd6443ca', '2024-01-15 10:00:00+00', NULL, 'ISSUANCE'),
  ('14e157e9-0cd7-41b8-8aa4-01acd0b324db', '2024-01-15 10:00:00+00', NULL, 'd16ca773-29a6-44c9-81ff-a828df25258a', '7472e5e1-020d-47d8-a3f0-b91b02f1a9fb', '2024-01-15 10:00:00+00', NULL, 'ISSUANCE'),
  ('e8351d0f-d634-4620-b198-1272d659478f', '2024-01-15 10:00:00+00', NULL, '488fb4bd-c24a-48e5-944e-01afdd0b7fe8', '7472e5e1-020d-47d8-a3f0-b91b02f1a9fb', '2024-01-15 10:00:00+00', NULL, 'ISSUANCE'),
  ('dfdb1ba6-597f-4899-b732-0b143d661695', '2024-01-15 10:00:00+00', NULL, '3e630d59-7d49-4edd-8c1f-a596277082f3', 'd0ff9e13-e641-4ab5-9b0c-711872d4648b', '2024-01-15 10:00:00+00', NULL, 'ISSUANCE'),
  ('25e64b4e-8ff7-45cc-80ed-e5c1a5f5979f', '2024-01-15 10:00:00+00', NULL, '77bcdf17-c9df-4fd8-a7e7-5a4df72a359f', 'd0ff9e13-e641-4ab5-9b0c-711872d4648b', '2024-01-15 10:00:00+00', NULL, 'ISSUANCE'),
  ('b99fb050-5d7d-4f04-b79a-b4c20fec8273', '2024-01-15 10:00:00+00', NULL, 'fed4a7ce-72b2-424e-a9a9-7cf79f1ea98f', '10df12f8-e545-4935-bb53-bc16b220df2a', '2024-01-15 10:00:00+00', NULL, 'ISSUANCE'),
  ('c75ab25c-ca93-4e65-9261-b929a29159c7', '2024-01-15 10:00:00+00', NULL, '208d4e44-af6e-485d-8fec-81c44949a589', '10df12f8-e545-4935-bb53-bc16b220df2a', '2024-01-15 10:00:00+00', NULL, 'ISSUANCE'),
  ('e76d7bbe-6a26-4e42-8c56-5677fd560975', '2024-01-15 10:00:00+00', NULL, '8e26ff28-68a7-49f3-829c-b5229b2b1ce4', '57be48c1-5522-44e7-bcf8-1e631e79a229', '2024-01-15 10:00:00+00', NULL, 'ISSUANCE'),
  ('180225e8-e12a-439c-b40f-846bf54a50e2', '2024-01-15 10:00:00+00', NULL, 'ccb63459-1516-461e-b929-3c26064e15b3', '57be48c1-5522-44e7-bcf8-1e631e79a229', '2024-01-15 10:00:00+00', NULL, 'ISSUANCE'),
  ('26e9cdd1-e76f-49d4-845d-7d63c7e1e9b2', '2024-01-15 10:00:00+00', NULL, 'af9415f2-aff0-4984-8e06-17ac432f2215', 'dd3bfd77-7bce-4e83-91a1-9d5b9ba6fb7a', '2024-01-15 10:00:00+00', NULL, 'ISSUANCE'),
  ('517dec3b-2ece-45ad-af5c-cba9063eadaa', '2024-01-15 10:00:00+00', NULL, '4be47a90-d89e-4498-b4b2-c40f44ace1f5', 'dd3bfd77-7bce-4e83-91a1-9d5b9ba6fb7a', '2024-01-15 10:00:00+00', NULL, 'ISSUANCE'),
  ('368208a6-8688-4b55-a956-da98b2ba8c71', '2024-01-15 10:00:00+00', NULL, '74837d3e-38df-4853-af39-9ee52ce1c0f9', '4917a676-9ecf-4158-8085-b15ec69cd79e', '2024-01-15 10:00:00+00', NULL, 'ISSUANCE'),
  ('e53316f6-2f67-4047-abd8-38458dc1758b', '2024-01-15 10:00:00+00', NULL, '83cf9b52-f912-4c64-873d-f302bcd1624a', '4917a676-9ecf-4158-8085-b15ec69cd79e', '2024-01-15 10:00:00+00', NULL, 'ISSUANCE'),
  ('455dd347-6f9c-4700-b428-cc3cebc30bca', '2024-01-15 10:00:00+00', NULL, '9d4ca8c4-da9c-4d16-8f98-62138bffe1c6', 'a86d619e-c708-44db-9398-11590accdd13', '2024-01-15 10:00:00+00', NULL, 'ISSUANCE'),
  ('e59ee5a3-278b-451a-88f7-73793104b90d', '2024-01-15 10:00:00+00', NULL, '1ce07d88-c7c7-437e-9366-4cc0b0d11812', 'a86d619e-c708-44db-9398-11590accdd13', '2024-01-15 10:00:00+00', NULL, 'ISSUANCE'),
  ('e80f595a-c2ed-4ff5-a0f4-69d16efc3d97', '2024-01-15 10:00:00+00', NULL, '29e38140-f143-493e-b7a4-11a40eae3f53', 'ddcf50f1-7ed5-4b8f-9e42-29f745ded79e', '2024-01-15 10:00:00+00', NULL, 'ISSUANCE'),
  ('1ca1f21a-5e20-41ae-be60-67eba320fb8d', '2024-01-15 10:00:00+00', NULL, '9d42e15a-285b-4dbb-8152-3641194b7caa', 'ddcf50f1-7ed5-4b8f-9e42-29f745ded79e', '2024-01-15 10:00:00+00', NULL, 'ISSUANCE'),
  ('94dfea6e-276e-4f2d-ae6b-73755bbc6a2e', '2024-01-15 10:00:00+00', NULL, '3cd4e71f-3646-4370-b09c-6aa712da3c77', 'fe639291-1ee1-40a9-b303-d72ce367f4af', '2024-01-15 10:00:00+00', NULL, 'ISSUANCE'),
  ('5ad84df3-2d9e-4b85-85c4-6d0f94ad74f6', '2024-01-15 10:00:00+00', NULL, '043ba167-70a5-49ba-9361-7fd170135803', 'fe639291-1ee1-40a9-b303-d72ce367f4af', '2024-01-15 10:00:00+00', NULL, 'ISSUANCE'),
  ('183d0993-3974-4393-9adc-b6d020ec9295', '2024-01-15 10:00:00+00', NULL, '24ed6100-5ad5-4b5c-8b56-1adf77ea098c', '78d935fd-b8af-4fc1-90dd-0ba5753b6040', '2024-01-15 10:00:00+00', NULL, 'ISSUANCE'),
  ('6747ebd1-a0da-4400-93a0-102554dbf99b', '2024-01-15 10:00:00+00', NULL, 'd26d9e17-1d6c-4822-9147-9c2f02270eb6', '78d935fd-b8af-4fc1-90dd-0ba5753b6040', '2024-01-15 10:00:00+00', NULL, 'ISSUANCE'),
  ('170e0ecf-8fab-49dc-812a-466280724121', '2024-01-15 10:00:00+00', NULL, 'd7bbaf25-ace8-45d5-baeb-2fa6cce7ca52', '58da756b-c210-4be4-8d20-57a11f74967c', '2024-01-15 10:00:00+00', NULL, 'ISSUANCE'),
  ('f9cd1347-d2c1-4cb4-9d27-92c3c05d3c69', '2024-01-15 10:00:00+00', NULL, '116b370e-f0d2-4bc3-85be-d3664772fd85', '58da756b-c210-4be4-8d20-57a11f74967c', '2024-01-15 10:00:00+00', NULL, 'ISSUANCE'),
  ('82fa345f-1877-4aac-871c-fe9edf906c81', '2024-01-15 10:00:00+00', NULL, 'e37f87fa-65d7-4ba1-b06d-b390f12594de', 'c3be43fb-c180-4b84-9596-deb68926688b', '2024-01-15 10:00:00+00', NULL, 'ISSUANCE'),
  ('3642b207-a33b-4e4a-912b-e1d2209a1b81', '2024-01-15 10:00:00+00', NULL, '46dff890-2337-4f0c-aea9-bf353c94d662', 'c3be43fb-c180-4b84-9596-deb68926688b', '2024-01-15 10:00:00+00', NULL, 'ISSUANCE'),
  ('4c625252-2fca-411b-b8d6-3dde0ecf3bfe', '2024-01-15 10:00:00+00', NULL, '84ade368-944a-4dac-82d5-e7e06a7d0407', '19c3da0c-f9f2-489d-b7c0-f11c8c948057', '2024-01-15 10:00:00+00', NULL, 'ISSUANCE'),
  ('838ad6f2-f1aa-4f58-814d-1772fd292d84', '2024-01-15 10:00:00+00', NULL, '45e7341b-6961-49a0-9ac7-6ca382ecd63d', '19c3da0c-f9f2-489d-b7c0-f11c8c948057', '2024-01-15 10:00:00+00', NULL, 'ISSUANCE'),
  ('1fa4b90a-e3b7-43bf-a2bf-3c7c991daa86', '2024-01-15 10:00:00+00', NULL, '4e094892-bad9-4c0c-8586-614f20287ca0', '6c4142b1-7c78-40dd-aeaa-7e3fbc4c1d83', '2024-01-15 10:00:00+00', NULL, 'ISSUANCE'),
  ('04a61d4e-9acb-4345-96d7-2d162b7f5aca', '2024-01-15 10:00:00+00', NULL, '65f8a471-f0e1-4010-bad2-4ba7c54bd57d', '6c4142b1-7c78-40dd-aeaa-7e3fbc4c1d83', '2024-01-15 10:00:00+00', NULL, 'ISSUANCE'),
  ('82a3a735-c17f-41df-aaa2-c4be17418f72', '2024-01-15 10:00:00+00', NULL, '0719514d-aec6-434f-af2b-c1109cd1514a', '7d318183-3790-4515-8d05-d383d100fb2d', '2024-01-15 10:00:00+00', NULL, 'ISSUANCE'),
  ('4baad9c6-8d13-4bd2-b2c6-b4147f6951f9', '2024-01-15 10:00:00+00', NULL, '2dae7c94-e9b7-4a23-970e-c4564b8a0ee0', '7d318183-3790-4515-8d05-d383d100fb2d', '2024-01-15 10:00:00+00', NULL, 'ISSUANCE'),
  ('4a4b4a2b-6e0e-47bc-be3e-f21b2f5b6d27', '2024-01-15 10:00:00+00', NULL, '429e0dea-f8d6-442d-9593-233213a4534c', 'da0407c1-80fe-46eb-ba4a-d97f47d147b2', '2024-01-15 10:00:00+00', NULL, 'ISSUANCE'),
  ('8e0875b2-2944-43be-a116-11ee8329c56a', '2024-01-15 10:00:00+00', NULL, '424c7fa7-8f43-48be-b8e0-d0c1e74dd3b4', 'da0407c1-80fe-46eb-ba4a-d97f47d147b2', '2024-01-15 10:00:00+00', NULL, 'ISSUANCE'),
  ('f2a6d14c-1edf-431b-896f-52caddeab9b8', '2024-01-15 10:00:00+00', NULL, '44aa137c-4568-46ce-b07c-591468ba9de9', '82d229e9-b350-4329-bdf1-81fa626ff56d', '2024-01-15 10:00:00+00', NULL, 'ISSUANCE'),
  ('55141b1e-34a2-41b9-85d7-fd4769cfe686', '2024-01-15 10:00:00+00', NULL, 'e919bb49-27d9-4323-bf8a-828e498e171b', '82d229e9-b350-4329-bdf1-81fa626ff56d', '2024-01-15 10:00:00+00', NULL, 'ISSUANCE'),
  ('2e45423e-fa77-4de0-8d2b-049048bff65c', '2024-01-15 10:00:00+00', NULL, '7358fcda-4dc5-4029-83d5-b3071fbed0c2', '483b64cd-e65c-47bb-9fb4-d9171dc4cfa6', '2024-01-15 10:00:00+00', NULL, 'ISSUANCE'),
  ('f9570f1a-5bb6-40eb-870b-ad05c8e315d6', '2024-01-15 10:00:00+00', NULL, 'ae04f79b-88a5-4b72-a03b-26650a3e6c8d', '483b64cd-e65c-47bb-9fb4-d9171dc4cfa6', '2024-01-15 10:00:00+00', NULL, 'ISSUANCE'),
  ('918010df-9359-400d-8d1c-fbe53562f132', '2024-01-15 10:00:00+00', NULL, 'ff17c130-9b0e-4a20-9240-a0ca21c15090', '76a7b197-eaf7-4eb6-b991-c9eaeef91209', '2024-01-15 10:00:00+00', NULL, 'ISSUANCE'),
  ('b91ce837-ea18-417e-ad05-6876435cb8c4', '2024-01-15 10:00:00+00', NULL, '4283238c-2367-45f8-acc4-b77f4796a7e5', '76a7b197-eaf7-4eb6-b991-c9eaeef91209', '2024-01-15 10:00:00+00', NULL, 'ISSUANCE'),
  ('f20282e4-fcea-4fec-890e-619b3d781c67', '2024-01-15 10:00:00+00', NULL, '4b9630ba-d7eb-4921-a031-4cbec6480308', '8ef9ab9c-7420-48de-be3d-0e24a0bf58a5', '2024-01-15 10:00:00+00', NULL, 'ISSUANCE'),
  ('fd8ee8d0-3165-45ce-8990-af88a9c09a5c', '2024-01-15 10:00:00+00', NULL, '4a0b4dd0-0fe6-4a79-814f-659cb0f6768e', '8ef9ab9c-7420-48de-be3d-0e24a0bf58a5', '2024-01-15 10:00:00+00', NULL, 'ISSUANCE'),
  ('4a08cac1-ae20-4845-9642-7cd912f08e62', '2024-01-15 10:00:00+00', NULL, 'd2396547-6d38-4b9d-af09-d65c2823d1b4', '80cf3f89-7bf4-4e52-b595-9eb0c589f55c', '2024-01-15 10:00:00+00', NULL, 'ISSUANCE'),
  ('ee0b879d-4ced-4fc0-945a-98048728cb93', '2024-01-15 10:00:00+00', NULL, '37402d39-ec1a-4e8e-b41a-d9132021f2ba', '80cf3f89-7bf4-4e52-b595-9eb0c589f55c', '2024-01-15 10:00:00+00', NULL, 'ISSUANCE'),
  ('ae97e961-0371-4e61-b57b-4e440bd4e242', '2024-01-15 10:00:00+00', NULL, '20e6b21c-8372-4d7f-9734-2d40d466d68b', 'c5a892c6-65b0-42ff-af62-c87161b26402', '2024-01-15 10:00:00+00', NULL, 'ISSUANCE'),
  ('e89c2b7e-cbf2-424c-acf7-92d90702c589', '2024-01-15 10:00:00+00', NULL, 'e024fe6f-d582-4bd8-9d81-ffd61750239d', 'c5a892c6-65b0-42ff-af62-c87161b26402', '2024-01-15 10:00:00+00', NULL, 'ISSUANCE'),
  ('20ef2a86-7a9f-4a62-b8db-ced2e71f7e98', '2024-01-15 10:00:00+00', NULL, 'eae3210c-33f3-440c-9f2c-29f9fcf273c1', '760b3976-7bd0-4485-a0e8-4d14358fd9a9', '2024-01-15 10:00:00+00', NULL, 'ISSUANCE'),
  ('5cd79d99-4446-4ae7-b498-bdd82733369d', '2024-01-15 10:00:00+00', NULL, 'ed4c0a95-52ea-4862-8af2-277c4345a5ce', '760b3976-7bd0-4485-a0e8-4d14358fd9a9', '2024-01-15 10:00:00+00', NULL, 'ISSUANCE'),
  ('fc5b41a8-10ae-4061-b5fb-7861eb2848cf', '2024-01-15 10:00:00+00', NULL, '680f0a18-9ed0-4b56-843f-cfc0b7ab8fb8', 'bfee85b3-0760-4d75-a8c6-2f9efa3f6bae', '2024-01-15 10:00:00+00', NULL, 'ISSUANCE'),
  ('56e44788-37b7-4b46-8144-a4a26c593451', '2024-01-15 10:00:00+00', NULL, '9f44c5ea-09ae-434b-99ab-ae8ce6504394', 'bfee85b3-0760-4d75-a8c6-2f9efa3f6bae', '2024-01-15 10:00:00+00', NULL, 'ISSUANCE'),
  ('e07bccc3-cbbf-4e6e-a62a-8a9d49d6acea', '2024-01-15 10:00:00+00', NULL, 'b73706b0-d57b-4843-b499-00e2d8858be4', 'ee04c68d-1240-4b44-8c92-60af94aabd18', '2024-01-15 10:00:00+00', NULL, 'ISSUANCE'),
  ('ccf3abef-0ef0-44db-a587-3bf5f4c0121e', '2024-01-15 10:00:00+00', NULL, '2c8b5174-8991-4edd-8540-3f33ef291ec6', 'ee04c68d-1240-4b44-8c92-60af94aabd18', '2024-01-15 10:00:00+00', NULL, 'ISSUANCE'),
  ('511bfae1-4889-40e1-a63d-e4cd18949011', '2024-01-15 10:00:00+00', NULL, '847f0b41-5b90-43ef-8fe7-e4f1015a87a1', '918cb86a-a675-4079-b530-7ba7d7017cd3', '2024-01-15 10:00:00+00', NULL, 'ISSUANCE'),
  ('478af374-ddf4-4d46-8ed8-7480f8a0ef6d', '2024-01-15 10:00:00+00', NULL, 'ac33e008-f5b8-41c7-9634-736ac5941ef3', '918cb86a-a675-4079-b530-7ba7d7017cd3', '2024-01-15 10:00:00+00', NULL, 'ISSUANCE'),
  ('a9da7b53-cb45-4ec8-90a2-c7afd4605d08', '2024-01-15 10:00:00+00', NULL, '0c8d5f99-f28e-4b85-a8e4-9df06cd04083', '5f112412-9ede-4383-a1ef-eab94eccfe53', '2024-01-15 10:00:00+00', NULL, 'ISSUANCE'),
  ('b8185466-2cec-46fe-825e-c708e4894d49', '2024-01-15 10:00:00+00', NULL, '3461eb0a-de12-4f13-8a7f-fe158dafc846', '5f112412-9ede-4383-a1ef-eab94eccfe53', '2024-01-15 10:00:00+00', NULL, 'ISSUANCE'),
  ('504452a6-624f-4fce-a779-5a12d6f5bf4b', '2024-01-15 10:00:00+00', NULL, 'f1f1f360-da8e-45a5-93c8-1f9893c50318', '3de0da7e-306c-4048-afd2-bbb6c2fd7913', '2024-01-15 10:00:00+00', NULL, 'ISSUANCE'),
  ('4a6a6b9a-1348-4044-b058-cf5b61dd41f3', '2024-01-15 10:00:00+00', NULL, 'e047a4b9-67a6-4f22-ac66-fe4cbc5e7ac9', '3de0da7e-306c-4048-afd2-bbb6c2fd7913', '2024-01-15 10:00:00+00', NULL, 'ISSUANCE'),
  ('b878c685-7c2e-4ccd-b3a2-4702ce8e3cf5', '2024-01-15 10:00:00+00', NULL, 'edba0b2c-320d-4350-b294-fd023b72114b', 'aabac92b-dbea-4ac3-9b75-cc6ca52f8cb5', '2024-01-15 10:00:00+00', NULL, 'ISSUANCE'),
  ('85a1dfeb-95cb-4bea-b4b0-7f3fc789c14a', '2024-01-15 10:00:00+00', NULL, '6d591d4c-c62c-4a4f-a213-4cf68536f59e', 'aabac92b-dbea-4ac3-9b75-cc6ca52f8cb5', '2024-01-15 10:00:00+00', NULL, 'ISSUANCE'),
  ('e0ac2c97-2a18-46a0-9c46-376dc2953e7b', '2024-01-15 10:00:00+00', NULL, '3b75c06d-ab3e-42fb-a842-048bdba1720f', '216551ca-0f87-4301-961f-3e5042427b26', '2024-01-15 10:00:00+00', NULL, 'ISSUANCE'),
  ('04049e67-f10a-42c4-8e94-c03bd299f9b5', '2024-01-15 10:00:00+00', NULL, '0018f874-f3f3-4e51-904a-d6345a64e242', '216551ca-0f87-4301-961f-3e5042427b26', '2024-01-15 10:00:00+00', NULL, 'ISSUANCE');

-- Listings (100)
INSERT INTO listings (id, created_at, deleted_at, instrument_id, seller_company_id, listing_creator_user_id, status) VALUES
  ('d2def691-2ce0-4caf-a83d-83afbc5b679b', '2024-01-15 10:00:00+00', NULL, 'd50365ac-4b16-4741-bf5c-8285069b5a7f', '588993e6-5d17-4f1f-92e2-a256b6c63f94', '66f26274-8bfd-4db9-b596-5fab4623299c', 'OPEN'),
  ('7fb45ab0-f4da-4f37-b645-35251a88262f', '2024-01-15 10:00:00+00', NULL, '1f105f00-4014-4078-b898-38cca8536838', '588993e6-5d17-4f1f-92e2-a256b6c63f94', '66f26274-8bfd-4db9-b596-5fab4623299c', 'OPEN'),
  ('51ca1738-2f21-4b91-bcf5-a8264fea05cc', '2024-01-15 10:00:00+00', NULL, 'e7f27bf4-bcde-4598-be70-8542253c725b', '6ff8d2e2-6244-4019-bc34-39bd9b9b5f88', '7c800505-66d8-4275-a019-3b69dfe5f484', 'OPEN'),
  ('f7672acf-d22e-417d-8a33-e72af5c7e72b', '2024-01-15 10:00:00+00', NULL, '51f268f5-c862-49da-b50b-fe21a03787de', '6ff8d2e2-6244-4019-bc34-39bd9b9b5f88', '7c800505-66d8-4275-a019-3b69dfe5f484', 'OPEN'),
  ('6b55388f-a559-46a0-b5cd-4f46b57a42ba', '2024-01-15 10:00:00+00', NULL, '09821a02-b854-4172-9247-9f0db316d0a0', '8c01599a-5a96-4e26-aa9e-bcb1ec84816f', 'ef2b73af-d7f5-4b8f-b83a-15df16822e40', 'OPEN'),
  ('a1d381b1-e2d0-48b3-bb4c-55c838716d9d', '2024-01-15 10:00:00+00', NULL, 'fe807dd9-6a07-46d6-ba5a-7228c50c44c7', '8c01599a-5a96-4e26-aa9e-bcb1ec84816f', 'ef2b73af-d7f5-4b8f-b83a-15df16822e40', 'OPEN'),
  ('3fc7fe37-2154-47ab-bd2c-7f26e648fa3b', '2024-01-15 10:00:00+00', NULL, 'e0f0eb9c-a0a5-4fab-a3ee-63712e30e3d9', '3817158e-ebec-495a-9fe7-c53bacbc09c9', '1756ea9d-5d0b-46b9-8026-a1263663ade0', 'OPEN'),
  ('8f2ae047-b72b-4bd6-9122-eb176eacdcfb', '2024-01-15 10:00:00+00', NULL, '8408901d-8625-4bb5-9204-724e9d51ce7b', '3817158e-ebec-495a-9fe7-c53bacbc09c9', '1756ea9d-5d0b-46b9-8026-a1263663ade0', 'OPEN'),
  ('c2945ce6-364a-46e5-b895-73275af71990', '2024-01-15 10:00:00+00', NULL, 'ec7b1f63-5ebb-4bb1-ab8f-b2128b571f72', 'c2af7004-c888-4620-ada4-5a9f37cd8356', '7cb16a94-479a-4405-b4a7-686727f2c47f', 'OPEN'),
  ('2a7aeeec-9c14-4eff-9f7e-60686d9fd4f3', '2024-01-15 10:00:00+00', NULL, '3a7daf38-d6dd-4e63-afac-780366de6cf0', 'c2af7004-c888-4620-ada4-5a9f37cd8356', '7cb16a94-479a-4405-b4a7-686727f2c47f', 'OPEN'),
  ('eb333fae-9c8b-48e1-9b7a-96feeb8817e8', '2024-01-15 10:00:00+00', NULL, '4e7529ad-2aae-4dfd-8284-ffc8cdb3df6f', '60e569c5-be9a-4f28-b8ef-45ae1269c972', '84d68521-040e-4d1e-9364-f0f77fc3d10d', 'OPEN'),
  ('901a4ac7-d673-48e0-835c-b7689dabb4d1', '2024-01-15 10:00:00+00', NULL, 'dd1dea22-19b5-4ef1-82ff-db57a2986a68', '60e569c5-be9a-4f28-b8ef-45ae1269c972', '84d68521-040e-4d1e-9364-f0f77fc3d10d', 'OPEN'),
  ('8b63275f-d13a-4dbe-a44c-7e3d3918f7d8', '2024-01-15 10:00:00+00', NULL, '342ac388-919c-4b4a-8461-fe7022321a12', 'b8e22350-b981-47aa-b687-5d716bd3bee9', 'ffed17bc-5ffa-4c09-a963-48a03e4772e2', 'OPEN'),
  ('542ee4c3-4502-45f8-b83d-d0a37c74763e', '2024-01-15 10:00:00+00', NULL, '9de0f760-396b-4119-a0da-6d6e138db60f', 'b8e22350-b981-47aa-b687-5d716bd3bee9', 'ffed17bc-5ffa-4c09-a963-48a03e4772e2', 'OPEN'),
  ('1856854e-9014-4c93-ac30-da900ab6d6dd', '2024-01-15 10:00:00+00', NULL, 'd5563911-3a38-42e6-bb50-d059008a79af', '4996c730-5ff9-4726-a4d1-c8ec0e96d867', '79ea5904-8e79-4f8d-b3de-dec8b49edccd', 'OPEN'),
  ('bdd886a7-7516-47c9-b14e-ad95e8fac4e9', '2024-01-15 10:00:00+00', NULL, 'dc3e839e-f3ae-43bf-bc64-014cbc822494', '4996c730-5ff9-4726-a4d1-c8ec0e96d867', '79ea5904-8e79-4f8d-b3de-dec8b49edccd', 'OPEN'),
  ('12d50c33-8682-4fca-af73-f77084e99398', '2024-01-15 10:00:00+00', NULL, '665a72e1-1884-44ca-b564-a5b12661b534', '3915a226-2d4e-41d2-9e8b-29af03e6c5ed', '683193ce-5b5c-4841-82ca-54eae3ac8ec3', 'OPEN'),
  ('42a77321-4eec-414c-9b8a-d97631b60b13', '2024-01-15 10:00:00+00', NULL, '5a71284d-5bbd-40d8-8103-57695e76538f', '3915a226-2d4e-41d2-9e8b-29af03e6c5ed', '683193ce-5b5c-4841-82ca-54eae3ac8ec3', 'OPEN'),
  ('364351c1-4d5e-4424-a25d-b3276a21f364', '2024-01-15 10:00:00+00', NULL, '7b55cede-50aa-4a60-a0f6-a8a65536bdda', 'fe04ab7f-34ef-49a7-b094-a5b1f7416279', '73e076ac-7f1d-4b60-8af0-e1225f886d97', 'OPEN'),
  ('796b3e57-1981-4fd3-b369-67d55e6334a8', '2024-01-15 10:00:00+00', NULL, 'e2f8ae22-d9ed-4a14-8edd-769ce0bda000', 'fe04ab7f-34ef-49a7-b094-a5b1f7416279', '73e076ac-7f1d-4b60-8af0-e1225f886d97', 'OPEN'),
  ('7a9e36ac-d652-4819-8eb2-03700e177da7', '2024-01-15 10:00:00+00', NULL, '03b39426-ad2a-4c8d-a079-0ff63816a06f', 'f2ff1981-6625-433b-ad6f-3877d761070a', 'b1bda072-af2b-417f-9073-648946100060', 'OPEN'),
  ('964ea9db-46fc-4aa3-b64f-2d0d8fbf15b7', '2024-01-15 10:00:00+00', NULL, '4765979a-ad31-4e84-88de-4b9a7ce41dbe', 'f2ff1981-6625-433b-ad6f-3877d761070a', 'b1bda072-af2b-417f-9073-648946100060', 'OPEN'),
  ('4a073088-d961-4928-aad9-b0fdbb9e20f9', '2024-01-15 10:00:00+00', NULL, 'c0ca0fcc-7fa6-4dcb-8365-676ad0560c8c', 'b0e6362f-ab7a-4388-b2c4-2f19cccac08d', 'ce1e0f55-c96c-4563-8cb9-50bcd3d1ef42', 'OPEN'),
  ('50086624-3b16-44c2-bd2a-c863bf6b68ea', '2024-01-15 10:00:00+00', NULL, '53226b7f-88df-4e00-9199-b6d161302f9e', 'b0e6362f-ab7a-4388-b2c4-2f19cccac08d', 'ce1e0f55-c96c-4563-8cb9-50bcd3d1ef42', 'OPEN'),
  ('58bf04c5-5489-4d4b-8542-f64e1a27f45d', '2024-01-15 10:00:00+00', NULL, 'fe1884e5-4851-424f-ba44-dc4031b60f73', 'd2479b5c-cf9b-4d7b-a787-8de472ad7254', '58208b53-b8fe-4679-a53e-cf744b41634d', 'OPEN'),
  ('8d2d14e1-9823-4d73-a5f8-23a409646f27', '2024-01-15 10:00:00+00', NULL, 'a895bd39-f61d-4d31-ae5f-97b252b01057', 'd2479b5c-cf9b-4d7b-a787-8de472ad7254', '58208b53-b8fe-4679-a53e-cf744b41634d', 'OPEN'),
  ('f1868aff-3f9c-4086-8292-6169cd5b358a', '2024-01-15 10:00:00+00', NULL, '6126a1f9-f814-4e5e-a67f-ab0d833e2b52', 'f45cbc89-5dea-4b7c-85ce-30671ac0f61b', '1865b8d7-0d5a-4ec9-8803-e07cbef5a978', 'OPEN'),
  ('63a76c56-b38e-46c4-9573-adbf8a89eb7c', '2024-01-15 10:00:00+00', NULL, '55d56fca-b1f9-42fd-ace2-68f945937160', 'f45cbc89-5dea-4b7c-85ce-30671ac0f61b', '1865b8d7-0d5a-4ec9-8803-e07cbef5a978', 'OPEN'),
  ('ce425b76-16bc-4579-a887-2a58c00bdcc4', '2024-01-15 10:00:00+00', NULL, '6e617686-bd6b-4f96-8fe6-b84ce3a2f03e', 'b230456f-fd09-44d3-820d-95b848989105', '6eb34c15-a82c-4549-a6bb-c2603e865467', 'OPEN'),
  ('1635ada6-23d7-4cef-bbb7-da44f5b7fa9e', '2024-01-15 10:00:00+00', NULL, '5a56b65f-2f0e-4928-9a8d-c5e52c5e3a78', 'b230456f-fd09-44d3-820d-95b848989105', '6eb34c15-a82c-4549-a6bb-c2603e865467', 'OPEN'),
  ('d2df677a-6679-413a-91cc-c7a2b6fffbaa', '2024-01-15 10:00:00+00', NULL, '37c062e4-c29f-49b7-85f1-0edb4f536659', 'a5d80929-663a-457b-9dc8-597d13a4b6b9', '5a3e0e1c-47d3-4f72-b65e-5df6b6b166a5', 'OPEN'),
  ('30517eaa-8518-4ac6-a4d7-694d4b4a4a01', '2024-01-15 10:00:00+00', NULL, '9e6ac261-9c33-4351-91a2-4346fb5c513f', 'a5d80929-663a-457b-9dc8-597d13a4b6b9', '5a3e0e1c-47d3-4f72-b65e-5df6b6b166a5', 'OPEN'),
  ('b4198cf7-bbce-4448-aa65-22feb2b34385', '2024-01-15 10:00:00+00', NULL, '724d87f0-e08b-400a-8fac-5f7f9d0904f6', 'd40c8145-4e71-4ffc-bd67-19fd12381f14', 'ac34d9c4-c8a5-4f6e-9464-c81ddad0324e', 'OPEN'),
  ('24a15af8-c159-4e4c-8a65-a163ef8bdc17', '2024-01-15 10:00:00+00', NULL, '007afa7e-3dc7-457b-a2e2-efccf5a6063f', 'd40c8145-4e71-4ffc-bd67-19fd12381f14', 'ac34d9c4-c8a5-4f6e-9464-c81ddad0324e', 'OPEN'),
  ('78a0103f-d29a-4f0f-82a4-9cd0229399e1', '2024-01-15 10:00:00+00', NULL, 'ab968849-266d-437a-856e-4c0b4a7514b0', '11d5a311-53e9-4c70-b80d-ec269a067974', 'ac6caa7f-8233-4747-85a7-72934031d904', 'OPEN'),
  ('f35f19e1-0104-4762-930d-a1aff6d3289a', '2024-01-15 10:00:00+00', NULL, 'c28ba276-8a05-4d3f-b430-b42529742553', '11d5a311-53e9-4c70-b80d-ec269a067974', 'ac6caa7f-8233-4747-85a7-72934031d904', 'OPEN'),
  ('baecb806-5dfd-4864-8a87-51aa9dfef0bd', '2024-01-15 10:00:00+00', NULL, '32067ea2-9ba3-4e6c-accd-b6496023f465', '16c7dbe6-cac0-4dac-a0b6-e85d036114c8', '308c4722-1dac-460b-b81b-17b733f3ca7e', 'OPEN'),
  ('b3b3d048-c498-4f07-afda-17cfe1a31597', '2024-01-15 10:00:00+00', NULL, '2edbd8d2-f67c-4d69-a328-cd0f08d606f5', '16c7dbe6-cac0-4dac-a0b6-e85d036114c8', '308c4722-1dac-460b-b81b-17b733f3ca7e', 'OPEN'),
  ('a3f1e0f0-6960-4189-9748-c69a6ba0a565', '2024-01-15 10:00:00+00', NULL, '4e554e29-d3d6-4cf2-9f92-ade354025d28', 'abd24e13-4d92-4b91-b428-bcccfd6443ca', 'cf05d5de-fcfa-4b8a-b80f-748960a28dcd', 'OPEN'),
  ('c591c069-cef8-4627-9eba-31828a9c4af4', '2024-01-15 10:00:00+00', NULL, '33f35c98-9f97-4c45-a83d-be1a08febf83', 'abd24e13-4d92-4b91-b428-bcccfd6443ca', 'cf05d5de-fcfa-4b8a-b80f-748960a28dcd', 'OPEN'),
  ('3050b8a7-5c46-43a3-8ceb-5e4826cd9977', '2024-01-15 10:00:00+00', NULL, 'd16ca773-29a6-44c9-81ff-a828df25258a', '7472e5e1-020d-47d8-a3f0-b91b02f1a9fb', 'b4f4f7c9-71b2-4380-aa60-796890ebbb0b', 'OPEN'),
  ('84441e51-0499-47b4-8ada-56a31b35a372', '2024-01-15 10:00:00+00', NULL, '488fb4bd-c24a-48e5-944e-01afdd0b7fe8', '7472e5e1-020d-47d8-a3f0-b91b02f1a9fb', 'b4f4f7c9-71b2-4380-aa60-796890ebbb0b', 'OPEN'),
  ('924e99a0-adde-4eeb-bd2a-13bda44ab52b', '2024-01-15 10:00:00+00', NULL, '3e630d59-7d49-4edd-8c1f-a596277082f3', 'd0ff9e13-e641-4ab5-9b0c-711872d4648b', 'be0e9196-bae1-4a06-9ceb-0478081ee678', 'OPEN'),
  ('4871e293-7982-4cfc-8738-667dcd866a05', '2024-01-15 10:00:00+00', NULL, '77bcdf17-c9df-4fd8-a7e7-5a4df72a359f', 'd0ff9e13-e641-4ab5-9b0c-711872d4648b', 'be0e9196-bae1-4a06-9ceb-0478081ee678', 'OPEN'),
  ('a575fab5-a14e-4a6d-8a3b-59641d80297f', '2024-01-15 10:00:00+00', NULL, 'fed4a7ce-72b2-424e-a9a9-7cf79f1ea98f', '10df12f8-e545-4935-bb53-bc16b220df2a', '60c1175a-f470-4157-b405-5cff35ae56d1', 'OPEN'),
  ('fa89aaac-86fb-49d1-a982-f99da32020a9', '2024-01-15 10:00:00+00', NULL, '208d4e44-af6e-485d-8fec-81c44949a589', '10df12f8-e545-4935-bb53-bc16b220df2a', '60c1175a-f470-4157-b405-5cff35ae56d1', 'OPEN'),
  ('e87a3f94-03f5-4082-9384-1b48808ed78d', '2024-01-15 10:00:00+00', NULL, '8e26ff28-68a7-49f3-829c-b5229b2b1ce4', '57be48c1-5522-44e7-bcf8-1e631e79a229', '2894a9d1-4bd5-490f-bccf-7c60619e91ae', 'OPEN'),
  ('de52d315-0e66-4155-9c56-10205af55a7a', '2024-01-15 10:00:00+00', NULL, 'ccb63459-1516-461e-b929-3c26064e15b3', '57be48c1-5522-44e7-bcf8-1e631e79a229', '2894a9d1-4bd5-490f-bccf-7c60619e91ae', 'OPEN'),
  ('bca881ce-94ae-4d6f-bdf4-da108bc5a1f1', '2024-01-15 10:00:00+00', NULL, 'af9415f2-aff0-4984-8e06-17ac432f2215', 'dd3bfd77-7bce-4e83-91a1-9d5b9ba6fb7a', '0e84b7d2-2c76-4d94-9e14-a68045cd31c9', 'OPEN'),
  ('8cf7da6f-de37-46cb-a8bf-75ee8c91c940', '2024-01-15 10:00:00+00', NULL, '4be47a90-d89e-4498-b4b2-c40f44ace1f5', 'dd3bfd77-7bce-4e83-91a1-9d5b9ba6fb7a', '0e84b7d2-2c76-4d94-9e14-a68045cd31c9', 'OPEN'),
  ('749f9e30-601d-4585-9867-4e62e0af76b5', '2024-01-15 10:00:00+00', NULL, '74837d3e-38df-4853-af39-9ee52ce1c0f9', '4917a676-9ecf-4158-8085-b15ec69cd79e', 'f60dadd8-d42f-4e7e-8d04-a6a464d01697', 'OPEN'),
  ('1a28444a-5478-4f97-b096-35f77fbb07e7', '2024-01-15 10:00:00+00', NULL, '83cf9b52-f912-4c64-873d-f302bcd1624a', '4917a676-9ecf-4158-8085-b15ec69cd79e', 'f60dadd8-d42f-4e7e-8d04-a6a464d01697', 'OPEN'),
  ('0ac42077-7942-4f20-ac34-51e69fa3468a', '2024-01-15 10:00:00+00', NULL, '9d4ca8c4-da9c-4d16-8f98-62138bffe1c6', 'a86d619e-c708-44db-9398-11590accdd13', '5377c5ef-dc6a-454c-9d14-aab3a5e34969', 'OPEN'),
  ('201568f2-ae27-44c1-97f6-393a7f539c8e', '2024-01-15 10:00:00+00', NULL, '1ce07d88-c7c7-437e-9366-4cc0b0d11812', 'a86d619e-c708-44db-9398-11590accdd13', '5377c5ef-dc6a-454c-9d14-aab3a5e34969', 'OPEN'),
  ('333b0410-1f47-4523-8660-963284324b84', '2024-01-15 10:00:00+00', NULL, '29e38140-f143-493e-b7a4-11a40eae3f53', 'ddcf50f1-7ed5-4b8f-9e42-29f745ded79e', '2fa3442b-ffb3-4be2-8d8b-034465193e40', 'OPEN'),
  ('b3a4b780-5db6-4acd-968c-fad9a3c93026', '2024-01-15 10:00:00+00', NULL, '9d42e15a-285b-4dbb-8152-3641194b7caa', 'ddcf50f1-7ed5-4b8f-9e42-29f745ded79e', '2fa3442b-ffb3-4be2-8d8b-034465193e40', 'OPEN'),
  ('f16cb223-f74a-4492-bbcb-ce766306de13', '2024-01-15 10:00:00+00', NULL, '3cd4e71f-3646-4370-b09c-6aa712da3c77', 'fe639291-1ee1-40a9-b303-d72ce367f4af', '4e0448f9-72ff-46e2-9764-c3137db9931f', 'OPEN'),
  ('1096eaf4-df72-47ce-bba7-840ef8b3de61', '2024-01-15 10:00:00+00', NULL, '043ba167-70a5-49ba-9361-7fd170135803', 'fe639291-1ee1-40a9-b303-d72ce367f4af', '4e0448f9-72ff-46e2-9764-c3137db9931f', 'OPEN'),
  ('801b1afa-9ed5-4a9a-990d-39951a17387f', '2024-01-15 10:00:00+00', NULL, '24ed6100-5ad5-4b5c-8b56-1adf77ea098c', '78d935fd-b8af-4fc1-90dd-0ba5753b6040', '5dd5fd56-0a08-4958-9887-ca12c3589b5c', 'OPEN'),
  ('1490174b-ffe4-4b4d-a879-97f5e1417160', '2024-01-15 10:00:00+00', NULL, 'd26d9e17-1d6c-4822-9147-9c2f02270eb6', '78d935fd-b8af-4fc1-90dd-0ba5753b6040', '5dd5fd56-0a08-4958-9887-ca12c3589b5c', 'OPEN'),
  ('f096d31a-bde7-412c-a41e-a916f55a2271', '2024-01-15 10:00:00+00', NULL, 'd7bbaf25-ace8-45d5-baeb-2fa6cce7ca52', '58da756b-c210-4be4-8d20-57a11f74967c', 'be68b0f8-99d3-4b42-9b4d-644949b2af28', 'OPEN'),
  ('85eb243c-c7dc-4531-b2f0-3d41359fb069', '2024-01-15 10:00:00+00', NULL, '116b370e-f0d2-4bc3-85be-d3664772fd85', '58da756b-c210-4be4-8d20-57a11f74967c', 'be68b0f8-99d3-4b42-9b4d-644949b2af28', 'OPEN'),
  ('9c01f83e-6c23-454c-a251-df0d8282f4a4', '2024-01-15 10:00:00+00', NULL, 'e37f87fa-65d7-4ba1-b06d-b390f12594de', 'c3be43fb-c180-4b84-9596-deb68926688b', 'd2fcef62-6d4a-4020-bb70-2f25798d3044', 'OPEN'),
  ('6ca6729d-20f2-4f92-811b-53320af02abd', '2024-01-15 10:00:00+00', NULL, '46dff890-2337-4f0c-aea9-bf353c94d662', 'c3be43fb-c180-4b84-9596-deb68926688b', 'd2fcef62-6d4a-4020-bb70-2f25798d3044', 'OPEN'),
  ('4c3690bd-9625-405e-8811-4e47bdcd01b3', '2024-01-15 10:00:00+00', NULL, '84ade368-944a-4dac-82d5-e7e06a7d0407', '19c3da0c-f9f2-489d-b7c0-f11c8c948057', '1f78895a-88fd-4555-88ad-84b1f30721af', 'OPEN'),
  ('24812cff-2a9d-4a97-9961-9f0ada457ddd', '2024-01-15 10:00:00+00', NULL, '45e7341b-6961-49a0-9ac7-6ca382ecd63d', '19c3da0c-f9f2-489d-b7c0-f11c8c948057', '1f78895a-88fd-4555-88ad-84b1f30721af', 'OPEN'),
  ('f3a93c1d-bc80-4545-8223-adb1ec7644f0', '2024-01-15 10:00:00+00', NULL, '4e094892-bad9-4c0c-8586-614f20287ca0', '6c4142b1-7c78-40dd-aeaa-7e3fbc4c1d83', '0e345d3a-a66e-4803-bc3b-4ae8d21b5b38', 'OPEN'),
  ('24f7abba-53f3-4e5b-b231-f086b7423804', '2024-01-15 10:00:00+00', NULL, '65f8a471-f0e1-4010-bad2-4ba7c54bd57d', '6c4142b1-7c78-40dd-aeaa-7e3fbc4c1d83', '0e345d3a-a66e-4803-bc3b-4ae8d21b5b38', 'OPEN'),
  ('87ab7e75-e06c-45b5-8086-7745520c7df5', '2024-01-15 10:00:00+00', NULL, '0719514d-aec6-434f-af2b-c1109cd1514a', '7d318183-3790-4515-8d05-d383d100fb2d', 'd0ddf6fe-9329-42e7-b853-0fc871130e2d', 'OPEN'),
  ('b2158a55-5eb1-47ab-8b5c-2fc96625632c', '2024-01-15 10:00:00+00', NULL, '2dae7c94-e9b7-4a23-970e-c4564b8a0ee0', '7d318183-3790-4515-8d05-d383d100fb2d', 'd0ddf6fe-9329-42e7-b853-0fc871130e2d', 'OPEN'),
  ('c5ae0174-70ad-4f91-8a81-8c86659fbb0a', '2024-01-15 10:00:00+00', NULL, '429e0dea-f8d6-442d-9593-233213a4534c', 'da0407c1-80fe-46eb-ba4a-d97f47d147b2', '45067490-469b-459e-8d9a-e3f090543abd', 'OPEN'),
  ('1fea9a61-727c-4997-936b-950846903c58', '2024-01-15 10:00:00+00', NULL, '424c7fa7-8f43-48be-b8e0-d0c1e74dd3b4', 'da0407c1-80fe-46eb-ba4a-d97f47d147b2', '45067490-469b-459e-8d9a-e3f090543abd', 'OPEN'),
  ('a4ce0f69-9991-4f21-9095-d7717189c6d9', '2024-01-15 10:00:00+00', NULL, '44aa137c-4568-46ce-b07c-591468ba9de9', '82d229e9-b350-4329-bdf1-81fa626ff56d', '6462dcc6-fb9c-48e3-abd0-ac000ab40b90', 'OPEN'),
  ('33dab4a8-9687-4273-acbd-5826566cf42f', '2024-01-15 10:00:00+00', NULL, 'e919bb49-27d9-4323-bf8a-828e498e171b', '82d229e9-b350-4329-bdf1-81fa626ff56d', '6462dcc6-fb9c-48e3-abd0-ac000ab40b90', 'OPEN'),
  ('253d7def-050a-4e7e-9a56-c5370c5679e2', '2024-01-15 10:00:00+00', NULL, '7358fcda-4dc5-4029-83d5-b3071fbed0c2', '483b64cd-e65c-47bb-9fb4-d9171dc4cfa6', 'c0459ccb-21c7-4d2b-9a5f-38882a1ab4df', 'OPEN'),
  ('30eed314-3708-4471-9620-c7cdbf1aff2d', '2024-01-15 10:00:00+00', NULL, 'ae04f79b-88a5-4b72-a03b-26650a3e6c8d', '483b64cd-e65c-47bb-9fb4-d9171dc4cfa6', 'c0459ccb-21c7-4d2b-9a5f-38882a1ab4df', 'OPEN'),
  ('dbf68089-a0b1-49ed-bead-4d33ce4a5213', '2024-01-15 10:00:00+00', NULL, 'ff17c130-9b0e-4a20-9240-a0ca21c15090', '76a7b197-eaf7-4eb6-b991-c9eaeef91209', '0c9ce0dd-c56d-4755-8f76-4e5760bbc3b8', 'OPEN'),
  ('1de0ee37-4721-4f95-95fe-7b30adf6f977', '2024-01-15 10:00:00+00', NULL, '4283238c-2367-45f8-acc4-b77f4796a7e5', '76a7b197-eaf7-4eb6-b991-c9eaeef91209', '0c9ce0dd-c56d-4755-8f76-4e5760bbc3b8', 'OPEN'),
  ('d9f5d354-dc45-467d-b0b6-5d10fc274a46', '2024-01-15 10:00:00+00', NULL, '4b9630ba-d7eb-4921-a031-4cbec6480308', '8ef9ab9c-7420-48de-be3d-0e24a0bf58a5', 'ee889847-cf3b-4088-9cc3-894eec3acaa5', 'OPEN'),
  ('207bac4c-ffa9-4da0-a456-b01e19defe1d', '2024-01-15 10:00:00+00', NULL, '4a0b4dd0-0fe6-4a79-814f-659cb0f6768e', '8ef9ab9c-7420-48de-be3d-0e24a0bf58a5', 'ee889847-cf3b-4088-9cc3-894eec3acaa5', 'OPEN'),
  ('9f71a7e8-749a-47c1-9ccb-647bb75990a4', '2024-01-15 10:00:00+00', NULL, 'd2396547-6d38-4b9d-af09-d65c2823d1b4', '80cf3f89-7bf4-4e52-b595-9eb0c589f55c', 'c434611f-7a52-4e0c-ae93-6fdfe980e6a1', 'OPEN'),
  ('4ac2880b-61af-481f-9b4a-22db9b858920', '2024-01-15 10:00:00+00', NULL, '37402d39-ec1a-4e8e-b41a-d9132021f2ba', '80cf3f89-7bf4-4e52-b595-9eb0c589f55c', 'c434611f-7a52-4e0c-ae93-6fdfe980e6a1', 'OPEN'),
  ('ffa715d3-45cd-4e30-b5e9-02236fda2c2a', '2024-01-15 10:00:00+00', NULL, '20e6b21c-8372-4d7f-9734-2d40d466d68b', 'c5a892c6-65b0-42ff-af62-c87161b26402', 'fcdb449c-a93b-477a-a106-7825d5eb57f9', 'OPEN'),
  ('8a9785aa-d690-41a6-8cf3-35807f1146a6', '2024-01-15 10:00:00+00', NULL, 'e024fe6f-d582-4bd8-9d81-ffd61750239d', 'c5a892c6-65b0-42ff-af62-c87161b26402', 'fcdb449c-a93b-477a-a106-7825d5eb57f9', 'OPEN'),
  ('b3d378e6-986d-44cb-8605-53df7a5296e9', '2024-01-15 10:00:00+00', NULL, 'eae3210c-33f3-440c-9f2c-29f9fcf273c1', '760b3976-7bd0-4485-a0e8-4d14358fd9a9', '68512ca0-3ba2-473f-82ab-2f31b968a27e', 'OPEN'),
  ('bb458cd0-e545-45d4-bca3-eff2187583d8', '2024-01-15 10:00:00+00', NULL, 'ed4c0a95-52ea-4862-8af2-277c4345a5ce', '760b3976-7bd0-4485-a0e8-4d14358fd9a9', '68512ca0-3ba2-473f-82ab-2f31b968a27e', 'OPEN'),
  ('cacded85-724f-4605-9f9d-c3670c1a2552', '2024-01-15 10:00:00+00', NULL, '680f0a18-9ed0-4b56-843f-cfc0b7ab8fb8', 'bfee85b3-0760-4d75-a8c6-2f9efa3f6bae', '93db3800-4e2f-4015-b735-33bd1ca051ad', 'OPEN'),
  ('95d5b80c-c3a2-4800-9f88-7922c56ec916', '2024-01-15 10:00:00+00', NULL, '9f44c5ea-09ae-434b-99ab-ae8ce6504394', 'bfee85b3-0760-4d75-a8c6-2f9efa3f6bae', '93db3800-4e2f-4015-b735-33bd1ca051ad', 'OPEN'),
  ('e2fd5cec-b127-4802-9d64-499fa3fb1823', '2024-01-15 10:00:00+00', NULL, 'b73706b0-d57b-4843-b499-00e2d8858be4', 'ee04c68d-1240-4b44-8c92-60af94aabd18', '27df7347-3df3-4ece-8fe1-9cdb95e8e246', 'OPEN'),
  ('ec190cf7-a6b8-4759-9240-d4fa2803dadc', '2024-01-15 10:00:00+00', NULL, '2c8b5174-8991-4edd-8540-3f33ef291ec6', 'ee04c68d-1240-4b44-8c92-60af94aabd18', '27df7347-3df3-4ece-8fe1-9cdb95e8e246', 'OPEN'),
  ('ff643f7b-de7e-40a5-94cb-5ae5d092c86d', '2024-01-15 10:00:00+00', NULL, '847f0b41-5b90-43ef-8fe7-e4f1015a87a1', '918cb86a-a675-4079-b530-7ba7d7017cd3', '0163b10c-a954-40b6-909b-f151df3f5141', 'OPEN'),
  ('248f944e-5ac3-45db-87a8-5d67f64933c9', '2024-01-15 10:00:00+00', NULL, 'ac33e008-f5b8-41c7-9634-736ac5941ef3', '918cb86a-a675-4079-b530-7ba7d7017cd3', '0163b10c-a954-40b6-909b-f151df3f5141', 'OPEN'),
  ('8371a635-fa72-4422-929e-61179f7c6adb', '2024-01-15 10:00:00+00', NULL, '0c8d5f99-f28e-4b85-a8e4-9df06cd04083', '5f112412-9ede-4383-a1ef-eab94eccfe53', '473a2273-2849-4add-b385-b8503f3e959c', 'OPEN'),
  ('da39614e-d73b-40d4-9768-6374728cd4a3', '2024-01-15 10:00:00+00', NULL, '3461eb0a-de12-4f13-8a7f-fe158dafc846', '5f112412-9ede-4383-a1ef-eab94eccfe53', '473a2273-2849-4add-b385-b8503f3e959c', 'OPEN'),
  ('30580e8b-f6a2-4779-8ede-29e7a99d381d', '2024-01-15 10:00:00+00', NULL, 'f1f1f360-da8e-45a5-93c8-1f9893c50318', '3de0da7e-306c-4048-afd2-bbb6c2fd7913', '842aa55d-937b-4ca5-9e2b-3465e557aa97', 'OPEN'),
  ('c31e9b1a-c4e2-4504-85df-3e88eba48f90', '2024-01-15 10:00:00+00', NULL, 'e047a4b9-67a6-4f22-ac66-fe4cbc5e7ac9', '3de0da7e-306c-4048-afd2-bbb6c2fd7913', '842aa55d-937b-4ca5-9e2b-3465e557aa97', 'OPEN'),
  ('fa789558-9d86-48f9-bd8c-213f8ee0cdf1', '2024-01-15 10:00:00+00', NULL, 'edba0b2c-320d-4350-b294-fd023b72114b', 'aabac92b-dbea-4ac3-9b75-cc6ca52f8cb5', '09f5d0b7-d1ad-439f-8e66-2eebd336f1e0', 'OPEN'),
  ('614cfd26-5b50-42ad-b8d0-c9f37e6cc8a6', '2024-01-15 10:00:00+00', NULL, '6d591d4c-c62c-4a4f-a213-4cf68536f59e', 'aabac92b-dbea-4ac3-9b75-cc6ca52f8cb5', '09f5d0b7-d1ad-439f-8e66-2eebd336f1e0', 'OPEN'),
  ('edd7a9b4-c6f3-48f0-8a76-5c07dd55b3d8', '2024-01-15 10:00:00+00', NULL, '3b75c06d-ab3e-42fb-a842-048bdba1720f', '216551ca-0f87-4301-961f-3e5042427b26', '6038516a-9511-4614-93bc-e2454d594526', 'OPEN'),
  ('6c673503-d373-4ba4-b45b-74672eaed2e3', '2024-01-15 10:00:00+00', NULL, '0018f874-f3f3-4e51-904a-d6345a64e242', '216551ca-0f87-4301-961f-3e5042427b26', '6038516a-9511-4614-93bc-e2454d594526', 'OPEN');

-- Bids (300)
INSERT INTO bids (id, created_at, deleted_at, listing_id, bidder_company_id, bidder_user_id, amount, currency, valid_until, status) VALUES
  ('1286e951-6a3c-411d-8080-a7d843a3351b', '2024-01-15 10:00:00+00', NULL, 'd2def691-2ce0-4caf-a83d-83afbc5b679b', '60e569c5-be9a-4f28-b8ef-45ae1269c972', 'a8429627-661e-4a8d-bf5d-fca076eff6c1', 423.29, 'USD', '2026-12-31 23:59:59+00', 'PENDING'),
  ('e27f1e5a-b47b-40ae-9f44-f9252f45e493', '2024-01-15 10:00:00+00', NULL, 'd2def691-2ce0-4caf-a83d-83afbc5b679b', '78d935fd-b8af-4fc1-90dd-0ba5753b6040', 'd5f05f34-ee4c-43c5-810b-deb610a5cb51', 474.34, 'USD', '2026-12-31 23:59:59+00', 'PENDING'),
  ('f92f37c2-3524-4a16-86ff-00d20938332e', '2024-01-15 10:00:00+00', NULL, 'd2def691-2ce0-4caf-a83d-83afbc5b679b', '82d229e9-b350-4329-bdf1-81fa626ff56d', '06828788-aa6c-4982-a6ba-a944d7d08734', 480.21, 'USD', '2026-12-31 23:59:59+00', 'PENDING'),
  ('a13c3ec8-461f-4b8b-a049-d8e942212472', '2024-01-15 10:00:00+00', NULL, '7fb45ab0-f4da-4f37-b645-35251a88262f', 'd40c8145-4e71-4ffc-bd67-19fd12381f14', '0f9f8e98-cad4-4e61-a0e7-60ebcb9d1416', 4512.88, 'EUR', '2026-12-31 23:59:59+00', 'PENDING'),
  ('effc84e3-d9bf-432c-b98d-2108b12426b7', '2024-01-15 10:00:00+00', NULL, '7fb45ab0-f4da-4f37-b645-35251a88262f', 'b0e6362f-ab7a-4388-b2c4-2f19cccac08d', '8e5caff7-5a40-443d-9f17-2518429bc70a', 4786.59, 'EUR', '2026-12-31 23:59:59+00', 'PENDING'),
  ('3df66f96-a150-4f7e-a165-ca7c543ce245', '2024-01-15 10:00:00+00', NULL, '7fb45ab0-f4da-4f37-b645-35251a88262f', 'ddcf50f1-7ed5-4b8f-9e42-29f745ded79e', 'b3374dbb-f70d-4339-bac4-11be7bf051d8', 4446.33, 'EUR', '2026-12-31 23:59:59+00', 'PENDING'),
  ('82d868a9-2ab4-47f8-ad1e-8e03028d0449', '2024-01-15 10:00:00+00', NULL, '51ca1738-2f21-4b91-bcf5-a8264fea05cc', '4917a676-9ecf-4158-8085-b15ec69cd79e', '9d470e97-5f3b-48ba-9d29-5a4daa186b98', 912.89, 'EUR', '2026-12-31 23:59:59+00', 'PENDING'),
  ('c9d45f86-4455-4ab6-89c6-f27657a9f963', '2024-01-15 10:00:00+00', NULL, '51ca1738-2f21-4b91-bcf5-a8264fea05cc', '11d5a311-53e9-4c70-b80d-ec269a067974', 'f066dd22-865f-4303-a958-e5db278d3553', 988.79, 'EUR', '2026-12-31 23:59:59+00', 'PENDING'),
  ('d6f84130-943f-4011-95e0-ff1468a81948', '2024-01-15 10:00:00+00', NULL, '51ca1738-2f21-4b91-bcf5-a8264fea05cc', '58da756b-c210-4be4-8d20-57a11f74967c', 'ee8a0c9c-354d-45bd-93e7-3a5f7f15b7a0', 944.56, 'EUR', '2026-12-31 23:59:59+00', 'PENDING'),
  ('0a4f1901-5868-4589-81cf-ec49f7e64d01', '2024-01-15 10:00:00+00', NULL, 'f7672acf-d22e-417d-8a33-e72af5c7e72b', '19c3da0c-f9f2-489d-b7c0-f11c8c948057', '7f507b28-48cb-4b40-9445-8646ebf31268', 442.83, 'GBP', '2026-12-31 23:59:59+00', 'PENDING'),
  ('a25152ab-b195-46e6-94bb-e79974b71b59', '2024-01-15 10:00:00+00', NULL, 'f7672acf-d22e-417d-8a33-e72af5c7e72b', 'f2ff1981-6625-433b-ad6f-3877d761070a', 'dff881be-a85d-4bfa-8934-a1799be3f04f', 466.8, 'GBP', '2026-12-31 23:59:59+00', 'PENDING'),
  ('b35c804a-f949-44fd-8e15-47af1f03392b', '2024-01-15 10:00:00+00', NULL, 'f7672acf-d22e-417d-8a33-e72af5c7e72b', 'f45cbc89-5dea-4b7c-85ce-30671ac0f61b', '78fee639-4752-48ed-9f74-eaa26b901f96', 432.44, 'GBP', '2026-12-31 23:59:59+00', 'PENDING'),
  ('0376f770-8cca-47ed-ad3a-b7a8c46fcd14', '2024-01-15 10:00:00+00', NULL, '6b55388f-a559-46a0-b5cd-4f46b57a42ba', 'd0ff9e13-e641-4ab5-9b0c-711872d4648b', 'ca6125e5-dda3-424f-ba83-a2d24aafee71', 470.79, 'GBP', '2026-12-31 23:59:59+00', 'PENDING'),
  ('a78c5015-5a71-4404-bc32-67b173c47724', '2024-01-15 10:00:00+00', NULL, '6b55388f-a559-46a0-b5cd-4f46b57a42ba', 'c2af7004-c888-4620-ada4-5a9f37cd8356', '07eb6b28-5229-4e53-8f84-a982fa276a0c', 447.44, 'GBP', '2026-12-31 23:59:59+00', 'PENDING'),
  ('761ccf7f-29a8-4506-bbab-4eaf0f9ece9c', '2024-01-15 10:00:00+00', NULL, '6b55388f-a559-46a0-b5cd-4f46b57a42ba', '76a7b197-eaf7-4eb6-b991-c9eaeef91209', 'efe69540-5e49-477f-905e-9f3a920ec39c', 442.22, 'GBP', '2026-12-31 23:59:59+00', 'PENDING'),
  ('bb5c6f9f-1301-42af-a9bd-3c98b9f9eb40', '2024-01-15 10:00:00+00', NULL, 'a1d381b1-e2d0-48b3-bb4c-55c838716d9d', 'd2479b5c-cf9b-4d7b-a787-8de472ad7254', 'ba3dc1ce-3e0f-4155-81a8-428707fe6a3f', 964.89, 'USD', '2026-12-31 23:59:59+00', 'PENDING'),
  ('f444f787-50fd-4714-aa59-469f93def89e', '2024-01-15 10:00:00+00', NULL, 'a1d381b1-e2d0-48b3-bb4c-55c838716d9d', '60e569c5-be9a-4f28-b8ef-45ae1269c972', 'a8429627-661e-4a8d-bf5d-fca076eff6c1', 928.19, 'USD', '2026-12-31 23:59:59+00', 'PENDING'),
  ('2e526570-7fdc-404c-b801-28f07f48f93f', '2024-01-15 10:00:00+00', NULL, 'a1d381b1-e2d0-48b3-bb4c-55c838716d9d', '8ef9ab9c-7420-48de-be3d-0e24a0bf58a5', '55c4f169-a7bc-4318-bf91-e02833c43b23', 906.89, 'USD', '2026-12-31 23:59:59+00', 'PENDING'),
  ('0a643874-d9b5-4ecc-b3e8-f6a1f2d21cc0', '2024-01-15 10:00:00+00', NULL, '3fc7fe37-2154-47ab-bd2c-7f26e648fa3b', '8ef9ab9c-7420-48de-be3d-0e24a0bf58a5', '11c2035e-0ea8-4c20-9e3c-271c66b2498d', 474.08, 'USD', '2026-12-31 23:59:59+00', 'PENDING'),
  ('af1269ff-a1cb-4ffd-8a72-716b069729f0', '2024-01-15 10:00:00+00', NULL, '3fc7fe37-2154-47ab-bd2c-7f26e648fa3b', '8c01599a-5a96-4e26-aa9e-bcb1ec84816f', '4ac66253-c207-48ba-930c-4084509410dc', 484.14, 'USD', '2026-12-31 23:59:59+00', 'PENDING'),
  ('9869b93b-0942-4cd1-9cd1-9a18d31d30b4', '2024-01-15 10:00:00+00', NULL, '3fc7fe37-2154-47ab-bd2c-7f26e648fa3b', '80cf3f89-7bf4-4e52-b595-9eb0c589f55c', '101ae64c-2c01-4ccf-b5ea-e9b86f8ccbd1', 509.6, 'USD', '2026-12-31 23:59:59+00', 'PENDING'),
  ('24bd6dbf-4cd3-4b0f-9c81-35f2eb5b60f2', '2024-01-15 10:00:00+00', NULL, '8f2ae047-b72b-4bd6-9122-eb176eacdcfb', 'b230456f-fd09-44d3-820d-95b848989105', '8907ba8d-3ff7-4d68-89aa-79ed874dbb88', 9232.91, 'EUR', '2026-12-31 23:59:59+00', 'PENDING'),
  ('b3e8c0f1-f382-44dd-a1f1-09813a8934ee', '2024-01-15 10:00:00+00', NULL, '8f2ae047-b72b-4bd6-9122-eb176eacdcfb', 'bfee85b3-0760-4d75-a8c6-2f9efa3f6bae', 'eca7de2e-9588-417a-90ce-4c063e1be673', 9084.35, 'EUR', '2026-12-31 23:59:59+00', 'PENDING'),
  ('7422132f-dc81-49f5-b0eb-2b9c11817a22', '2024-01-15 10:00:00+00', NULL, '8f2ae047-b72b-4bd6-9122-eb176eacdcfb', '5f112412-9ede-4383-a1ef-eab94eccfe53', '0a5c78c9-437b-4b2a-a666-f3844ac4add9', 9317.4, 'EUR', '2026-12-31 23:59:59+00', 'PENDING'),
  ('3b293942-0786-4d51-b0f1-c1a775b002c4', '2024-01-15 10:00:00+00', NULL, 'c2945ce6-364a-46e5-b895-73275af71990', 'd0ff9e13-e641-4ab5-9b0c-711872d4648b', 'c0937e84-599c-46c2-84ea-b6ed9a4cac23', 4857.72, 'EUR', '2026-12-31 23:59:59+00', 'PENDING'),
  ('3153953c-55e2-455c-8ab9-b317544f608b', '2024-01-15 10:00:00+00', NULL, 'c2945ce6-364a-46e5-b895-73275af71990', '216551ca-0f87-4301-961f-3e5042427b26', '3c8b51fb-6861-4398-a02f-740a1a43b0df', 5235.26, 'EUR', '2026-12-31 23:59:59+00', 'PENDING'),
  ('80ecb236-89fe-4b2f-b356-d92ccf398b6f', '2024-01-15 10:00:00+00', NULL, 'c2945ce6-364a-46e5-b895-73275af71990', '60e569c5-be9a-4f28-b8ef-45ae1269c972', 'a8429627-661e-4a8d-bf5d-fca076eff6c1', 4913.42, 'EUR', '2026-12-31 23:59:59+00', 'PENDING'),
  ('17e19495-c179-40c5-9cfc-42606ae74444', '2024-01-15 10:00:00+00', NULL, '2a7aeeec-9c14-4eff-9f7e-60686d9fd4f3', '6c4142b1-7c78-40dd-aeaa-7e3fbc4c1d83', '1d49f115-6e44-4ffe-8ce2-e0eadfabccef', 515.44, 'GBP', '2026-12-31 23:59:59+00', 'PENDING'),
  ('204317f9-3ac5-4ed9-b058-dfc18ec126dc', '2024-01-15 10:00:00+00', NULL, '2a7aeeec-9c14-4eff-9f7e-60686d9fd4f3', '11d5a311-53e9-4c70-b80d-ec269a067974', '41eec80f-cd50-4812-bdad-b5f0063b579f', 479.54, 'GBP', '2026-12-31 23:59:59+00', 'PENDING'),
  ('67449b6b-bf67-415c-9193-3df845f90b76', '2024-01-15 10:00:00+00', NULL, '2a7aeeec-9c14-4eff-9f7e-60686d9fd4f3', 'fe04ab7f-34ef-49a7-b094-a5b1f7416279', '58b6a732-aefa-42e1-87d3-d3288279fa17', 484.36, 'GBP', '2026-12-31 23:59:59+00', 'PENDING'),
  ('d134b1ee-597e-41ab-a2c5-13f3b554cc78', '2024-01-15 10:00:00+00', NULL, 'eb333fae-9c8b-48e1-9b7a-96feeb8817e8', 'da0407c1-80fe-46eb-ba4a-d97f47d147b2', '6b20c69c-bd6c-476d-9b68-2d706f56afef', 1064.69, 'GBP', '2026-12-31 23:59:59+00', 'PENDING'),
  ('260af75b-23fc-439b-abcd-2c0ab67f2be8', '2024-01-15 10:00:00+00', NULL, 'eb333fae-9c8b-48e1-9b7a-96feeb8817e8', '5f112412-9ede-4383-a1ef-eab94eccfe53', '0a5c78c9-437b-4b2a-a666-f3844ac4add9', 999.64, 'GBP', '2026-12-31 23:59:59+00', 'PENDING'),
  ('8b63e506-554f-405f-8b9b-3466a1cbfd1e', '2024-01-15 10:00:00+00', NULL, 'eb333fae-9c8b-48e1-9b7a-96feeb8817e8', '7472e5e1-020d-47d8-a3f0-b91b02f1a9fb', 'b3c814c1-fff8-4f50-bc02-cee67a1a0d33', 1040.85, 'GBP', '2026-12-31 23:59:59+00', 'PENDING'),
  ('f1e884e4-b29c-4851-a38e-1300a4b19043', '2024-01-15 10:00:00+00', NULL, '901a4ac7-d673-48e0-835c-b7689dabb4d1', '7472e5e1-020d-47d8-a3f0-b91b02f1a9fb', '7c8a7ae3-1e78-4b15-8700-39bbb5970ba1', 4809.09, 'USD', '2026-12-31 23:59:59+00', 'PENDING'),
  ('7a4b58f8-3063-4ee8-9cbb-4241c47fc5f9', '2024-01-15 10:00:00+00', NULL, '901a4ac7-d673-48e0-835c-b7689dabb4d1', 'bfee85b3-0760-4d75-a8c6-2f9efa3f6bae', '07073525-d9f4-4f69-bb45-a6ff382e7e84', 5150.83, 'USD', '2026-12-31 23:59:59+00', 'PENDING'),
  ('60e56544-f310-47d4-aa65-3af7eb8a74d3', '2024-01-15 10:00:00+00', NULL, '901a4ac7-d673-48e0-835c-b7689dabb4d1', '4996c730-5ff9-4726-a4d1-c8ec0e96d867', '6f9d6f1f-3ddd-4ec7-94da-5f7d1e8d2660', 4814.73, 'USD', '2026-12-31 23:59:59+00', 'PENDING'),
  ('5e6d0f02-9237-4ff8-9dd6-42f0de56be35', '2024-01-15 10:00:00+00', NULL, '8b63275f-d13a-4dbe-a44c-7e3d3918f7d8', '8ef9ab9c-7420-48de-be3d-0e24a0bf58a5', '0f5e8042-0b15-4669-9604-bd09c315f335', 970.44, 'USD', '2026-12-31 23:59:59+00', 'PENDING'),
  ('05ad64c5-c006-4601-8a51-d36cceea22a7', '2024-01-15 10:00:00+00', NULL, '8b63275f-d13a-4dbe-a44c-7e3d3918f7d8', 'b230456f-fd09-44d3-820d-95b848989105', 'a3bb7da7-a425-43d8-98e3-20a1dd6318da', 1064.98, 'USD', '2026-12-31 23:59:59+00', 'PENDING'),
  ('755ebd69-bfb2-4a75-a7ac-319a7c9bb456', '2024-01-15 10:00:00+00', NULL, '8b63275f-d13a-4dbe-a44c-7e3d3918f7d8', '5f112412-9ede-4383-a1ef-eab94eccfe53', '0a5c78c9-437b-4b2a-a666-f3844ac4add9', 1011.93, 'USD', '2026-12-31 23:59:59+00', 'PENDING'),
  ('2cb669da-1ca4-4b76-9e61-8dd8175b4925', '2024-01-15 10:00:00+00', NULL, '542ee4c3-4502-45f8-b83d-d0a37c74763e', '3817158e-ebec-495a-9fe7-c53bacbc09c9', '9f3a0f3e-cf41-4583-b95b-e1c0e199385a', 5307.77, 'EUR', '2026-12-31 23:59:59+00', 'PENDING'),
  ('ca0e8e2a-3f7f-42ca-932d-49783fc25839', '2024-01-15 10:00:00+00', NULL, '542ee4c3-4502-45f8-b83d-d0a37c74763e', '60e569c5-be9a-4f28-b8ef-45ae1269c972', 'a8429627-661e-4a8d-bf5d-fca076eff6c1', 4706.58, 'EUR', '2026-12-31 23:59:59+00', 'PENDING'),
  ('42b32634-f6e6-4b6d-b24e-2d9ee6b3a23b', '2024-01-15 10:00:00+00', NULL, '542ee4c3-4502-45f8-b83d-d0a37c74763e', 'c5a892c6-65b0-42ff-af62-c87161b26402', 'ffafacbf-baa0-4574-87d3-0568923b38c0', 5167.82, 'EUR', '2026-12-31 23:59:59+00', 'PENDING'),
  ('48431533-6a98-4f60-84ba-755f4181373b', '2024-01-15 10:00:00+00', NULL, '1856854e-9014-4c93-ac30-da900ab6d6dd', '11d5a311-53e9-4c70-b80d-ec269a067974', 'eb799f2e-48da-4236-bcdf-a4a21802faf0', 10393.59, 'EUR', '2026-12-31 23:59:59+00', 'PENDING'),
  ('3d9eafa4-5552-48d6-be21-1bf300ed7651', '2024-01-15 10:00:00+00', NULL, '1856854e-9014-4c93-ac30-da900ab6d6dd', 'b0e6362f-ab7a-4388-b2c4-2f19cccac08d', '8e5caff7-5a40-443d-9f17-2518429bc70a', 10407.26, 'EUR', '2026-12-31 23:59:59+00', 'PENDING'),
  ('be11748b-7b68-473a-a43d-7e5f41375142', '2024-01-15 10:00:00+00', NULL, '1856854e-9014-4c93-ac30-da900ab6d6dd', 'aabac92b-dbea-4ac3-9b75-cc6ca52f8cb5', '117b4a67-8140-475d-b23b-d56719eb9069', 9687.51, 'EUR', '2026-12-31 23:59:59+00', 'PENDING'),
  ('f68589e4-a97d-4456-9c00-df111cc1412f', '2024-01-15 10:00:00+00', NULL, 'bdd886a7-7516-47c9-b14e-ad95e8fac4e9', '918cb86a-a675-4079-b530-7ba7d7017cd3', 'f3b64d8d-ce72-44e9-9338-d696bb526761', 5406.43, 'GBP', '2026-12-31 23:59:59+00', 'PENDING'),
  ('1f38ed23-6cc4-430c-8145-7ae08fbeab39', '2024-01-15 10:00:00+00', NULL, 'bdd886a7-7516-47c9-b14e-ad95e8fac4e9', 'f2ff1981-6625-433b-ad6f-3877d761070a', 'f06d01a9-f2df-4384-8be2-2eadae2b8d5e', 5197.42, 'GBP', '2026-12-31 23:59:59+00', 'PENDING'),
  ('e0404bba-f8f3-4278-93f0-0c06c5c92214', '2024-01-15 10:00:00+00', NULL, 'bdd886a7-7516-47c9-b14e-ad95e8fac4e9', 'da0407c1-80fe-46eb-ba4a-d97f47d147b2', '359bb7b7-403f-492b-b5dd-5cfddb67d750', 4882.44, 'GBP', '2026-12-31 23:59:59+00', 'PENDING'),
  ('275960f0-db1a-474b-91ff-f34e3548986f', '2024-01-15 10:00:00+00', NULL, '12d50c33-8682-4fca-af73-f77084e99398', '7472e5e1-020d-47d8-a3f0-b91b02f1a9fb', '791a1601-3fe3-4700-9f9d-101cbf9bdff8', 503.04, 'GBP', '2026-12-31 23:59:59+00', 'PENDING'),
  ('0b114c21-1164-4c7a-a422-2be8ead3682f', '2024-01-15 10:00:00+00', NULL, '12d50c33-8682-4fca-af73-f77084e99398', 'dd3bfd77-7bce-4e83-91a1-9d5b9ba6fb7a', '25002af0-7e21-4b49-b8fb-522dfcdc9b73', 537.49, 'GBP', '2026-12-31 23:59:59+00', 'PENDING'),
  ('ba4edb57-46d8-43a7-a181-53e44fa47274', '2024-01-15 10:00:00+00', NULL, '12d50c33-8682-4fca-af73-f77084e99398', '8c01599a-5a96-4e26-aa9e-bcb1ec84816f', '6c0f2df3-97f5-4995-830d-7ffe9bf831f5', 546.02, 'GBP', '2026-12-31 23:59:59+00', 'PENDING'),
  ('0e86fa2d-c19c-4f65-b48c-7165237b67a1', '2024-01-15 10:00:00+00', NULL, '42a77321-4eec-414c-9b8a-d97631b60b13', 'ddcf50f1-7ed5-4b8f-9e42-29f745ded79e', 'b3374dbb-f70d-4339-bac4-11be7bf051d8', 557.0, 'USD', '2026-12-31 23:59:59+00', 'PENDING'),
  ('e8590a65-9d0a-4be4-bbd7-d912ec691627', '2024-01-15 10:00:00+00', NULL, '42a77321-4eec-414c-9b8a-d97631b60b13', '80cf3f89-7bf4-4e52-b595-9eb0c589f55c', '03917e00-663a-4bd1-9399-3f430b2743a1', 552.39, 'USD', '2026-12-31 23:59:59+00', 'PENDING'),
  ('114865f5-29f4-4062-90a0-6e0df09b1a8c', '2024-01-15 10:00:00+00', NULL, '42a77321-4eec-414c-9b8a-d97631b60b13', 'aabac92b-dbea-4ac3-9b75-cc6ca52f8cb5', '117b4a67-8140-475d-b23b-d56719eb9069', 553.66, 'USD', '2026-12-31 23:59:59+00', 'PENDING'),
  ('70d304f2-e0b2-4894-86d9-6a353ebb5282', '2024-01-15 10:00:00+00', NULL, '364351c1-4d5e-4424-a25d-b3276a21f364', '6ff8d2e2-6244-4019-bc34-39bd9b9b5f88', '3e2aa9a0-4992-4b81-82d0-cde66ad28586', 11112.18, 'USD', '2026-12-31 23:59:59+00', 'PENDING'),
  ('c34f379c-fced-4b47-9a4c-023c9fa7dfe5', '2024-01-15 10:00:00+00', NULL, '364351c1-4d5e-4424-a25d-b3276a21f364', 'd2479b5c-cf9b-4d7b-a787-8de472ad7254', '1e2e2fa5-8a85-4133-9f70-db916f1507d8', 11142.63, 'USD', '2026-12-31 23:59:59+00', 'PENDING'),
  ('45824e90-6b3b-4320-9dfe-b651f767eb5a', '2024-01-15 10:00:00+00', NULL, '364351c1-4d5e-4424-a25d-b3276a21f364', 'aabac92b-dbea-4ac3-9b75-cc6ca52f8cb5', '59fc259b-99bb-4935-9c54-ea9de709dbe0', 11155.69, 'USD', '2026-12-31 23:59:59+00', 'PENDING'),
  ('58a13aa6-2075-4cb7-a728-c4c5dd4b336d', '2024-01-15 10:00:00+00', NULL, '796b3e57-1981-4fd3-b369-67d55e6334a8', '16c7dbe6-cac0-4dac-a0b6-e85d036114c8', '82b9c588-5cc2-428c-a233-7c4a3fcd2e24', 5249.41, 'EUR', '2026-12-31 23:59:59+00', 'PENDING'),
  ('13ee21fe-7ec4-40cb-8fb6-6c10f6ad2a61', '2024-01-15 10:00:00+00', NULL, '796b3e57-1981-4fd3-b369-67d55e6334a8', 'b0e6362f-ab7a-4388-b2c4-2f19cccac08d', '606dadee-8196-4112-845a-2b42c431bf12', 5614.54, 'EUR', '2026-12-31 23:59:59+00', 'PENDING'),
  ('772410eb-083f-48ce-892f-ecfbd5a0cb12', '2024-01-15 10:00:00+00', NULL, '796b3e57-1981-4fd3-b369-67d55e6334a8', '918cb86a-a675-4079-b530-7ba7d7017cd3', 'f3b64d8d-ce72-44e9-9338-d696bb526761', 5109.07, 'EUR', '2026-12-31 23:59:59+00', 'PENDING'),
  ('d70afbee-21ac-411f-9148-da76aff283e6', '2024-01-15 10:00:00+00', NULL, '7a9e36ac-d652-4819-8eb2-03700e177da7', '58da756b-c210-4be4-8d20-57a11f74967c', '612ffeb2-afa0-40a6-b4c7-626423dbface', 5213.88, 'EUR', '2026-12-31 23:59:59+00', 'PENDING'),
  ('4d79da1c-9438-4662-a45d-2c6811b4de4a', '2024-01-15 10:00:00+00', NULL, '7a9e36ac-d652-4819-8eb2-03700e177da7', '57be48c1-5522-44e7-bcf8-1e631e79a229', '9ab505ba-52e5-4ee1-a575-0079ed61585f', 5190.64, 'EUR', '2026-12-31 23:59:59+00', 'PENDING'),
  ('9fab8bf3-efc4-4e6f-aeff-5deea2784cd4', '2024-01-15 10:00:00+00', NULL, '7a9e36ac-d652-4819-8eb2-03700e177da7', '7472e5e1-020d-47d8-a3f0-b91b02f1a9fb', '791a1601-3fe3-4700-9f9d-101cbf9bdff8', 5257.31, 'EUR', '2026-12-31 23:59:59+00', 'PENDING'),
  ('02761d71-74e7-4927-b16f-eb1fb07c5b77', '2024-01-15 10:00:00+00', NULL, '964ea9db-46fc-4aa3-b64f-2d0d8fbf15b7', 'c2af7004-c888-4620-ada4-5a9f37cd8356', '07eb6b28-5229-4e53-8f84-a982fa276a0c', 543.73, 'GBP', '2026-12-31 23:59:59+00', 'PENDING'),
  ('700880c8-1763-4bde-9192-09ee33b5a09c', '2024-01-15 10:00:00+00', NULL, '964ea9db-46fc-4aa3-b64f-2d0d8fbf15b7', '16c7dbe6-cac0-4dac-a0b6-e85d036114c8', 'caf0574d-79e5-4f0b-a60c-c685eb886ee6', 580.53, 'GBP', '2026-12-31 23:59:59+00', 'PENDING'),
  ('65eb985d-acb2-43f2-8e38-f7b8b184a757', '2024-01-15 10:00:00+00', NULL, '964ea9db-46fc-4aa3-b64f-2d0d8fbf15b7', '57be48c1-5522-44e7-bcf8-1e631e79a229', '9ab505ba-52e5-4ee1-a575-0079ed61585f', 529.83, 'GBP', '2026-12-31 23:59:59+00', 'PENDING'),
  ('ba72c8cb-2186-4c1a-9b3b-47eef97d77e6', '2024-01-15 10:00:00+00', NULL, '4a073088-d961-4928-aad9-b0fdbb9e20f9', '6ff8d2e2-6244-4019-bc34-39bd9b9b5f88', '8fb4e8ae-1d8d-4287-a659-b579996407a0', 1116.88, 'GBP', '2026-12-31 23:59:59+00', 'PENDING'),
  ('cedac6cc-df77-44d5-af90-6899565a52a4', '2024-01-15 10:00:00+00', NULL, '4a073088-d961-4928-aad9-b0fdbb9e20f9', '4996c730-5ff9-4726-a4d1-c8ec0e96d867', '5d31132f-a2bc-44e0-9a0c-7f6c69ff02bd', 1030.87, 'GBP', '2026-12-31 23:59:59+00', 'PENDING'),
  ('a40f2365-3b90-429b-8b7e-023effa8da67', '2024-01-15 10:00:00+00', NULL, '4a073088-d961-4928-aad9-b0fdbb9e20f9', '11d5a311-53e9-4c70-b80d-ec269a067974', 'f066dd22-865f-4303-a958-e5db278d3553', 1093.72, 'GBP', '2026-12-31 23:59:59+00', 'PENDING'),
  ('2f56cce9-7392-47a9-9a77-678399e047a4', '2024-01-15 10:00:00+00', NULL, '50086624-3b16-44c2-bd2a-c863bf6b68ea', '3de0da7e-306c-4048-afd2-bbb6c2fd7913', '7c82e773-0c0a-4f06-8cf0-02d590a2ad62', 590.45, 'USD', '2026-12-31 23:59:59+00', 'PENDING'),
  ('9d21dc28-cc18-4797-a6ae-f6023c956976', '2024-01-15 10:00:00+00', NULL, '50086624-3b16-44c2-bd2a-c863bf6b68ea', 'd0ff9e13-e641-4ab5-9b0c-711872d4648b', 'c0937e84-599c-46c2-84ea-b6ed9a4cac23', 542.95, 'USD', '2026-12-31 23:59:59+00', 'PENDING'),
  ('51a16976-5c87-4632-9139-92045dbcd71e', '2024-01-15 10:00:00+00', NULL, '50086624-3b16-44c2-bd2a-c863bf6b68ea', 'fe639291-1ee1-40a9-b303-d72ce367f4af', '232dc9df-9df1-449b-93b2-b749cd1e80c7', 527.47, 'USD', '2026-12-31 23:59:59+00', 'PENDING'),
  ('9e6bd03b-a0b6-4c51-a512-b5b3370ad761', '2024-01-15 10:00:00+00', NULL, '58bf04c5-5489-4d4b-8542-f64e1a27f45d', '8c01599a-5a96-4e26-aa9e-bcb1ec84816f', 'b935a945-1103-4757-b48b-9e623f599682', 562.71, 'USD', '2026-12-31 23:59:59+00', 'PENDING'),
  ('f565962d-a02c-4949-a07e-943a7af5beaa', '2024-01-15 10:00:00+00', NULL, '58bf04c5-5489-4d4b-8542-f64e1a27f45d', '5f112412-9ede-4383-a1ef-eab94eccfe53', '0a5c78c9-437b-4b2a-a666-f3844ac4add9', 576.16, 'USD', '2026-12-31 23:59:59+00', 'PENDING'),
  ('df676abf-6530-4839-9bad-ee9e88dc7d0a', '2024-01-15 10:00:00+00', NULL, '58bf04c5-5489-4d4b-8542-f64e1a27f45d', 'fe639291-1ee1-40a9-b303-d72ce367f4af', '232dc9df-9df1-449b-93b2-b749cd1e80c7', 580.21, 'USD', '2026-12-31 23:59:59+00', 'PENDING'),
  ('3695a37e-bd25-4407-a153-42f93c191027', '2024-01-15 10:00:00+00', NULL, '8d2d14e1-9823-4d73-a5f8-23a409646f27', 'f45cbc89-5dea-4b7c-85ce-30671ac0f61b', '601d8b14-f8e6-4103-8b84-ff04890d0ce0', 11945.59, 'EUR', '2026-12-31 23:59:59+00', 'PENDING'),
  ('c8099585-4dbe-4305-bbf1-5a138b06db2d', '2024-01-15 10:00:00+00', NULL, '8d2d14e1-9823-4d73-a5f8-23a409646f27', 'dd3bfd77-7bce-4e83-91a1-9d5b9ba6fb7a', 'f08f2fa9-cb8f-48aa-953d-e85c8c85dbbf', 11420.53, 'EUR', '2026-12-31 23:59:59+00', 'PENDING'),
  ('2300750a-77eb-469e-a3ea-e4293a302ee2', '2024-01-15 10:00:00+00', NULL, '8d2d14e1-9823-4d73-a5f8-23a409646f27', 'fe639291-1ee1-40a9-b303-d72ce367f4af', '232dc9df-9df1-449b-93b2-b749cd1e80c7', 11783.0, 'EUR', '2026-12-31 23:59:59+00', 'PENDING'),
  ('1fe6df42-8b6a-426e-abc0-26d12803f735', '2024-01-15 10:00:00+00', NULL, 'f1868aff-3f9c-4086-8292-6169cd5b358a', '3de0da7e-306c-4048-afd2-bbb6c2fd7913', '6adae854-ccd0-48db-aac6-c3ea58cae1ee', 5838.19, 'EUR', '2026-12-31 23:59:59+00', 'PENDING'),
  ('62f824c5-b8a0-4a09-8df2-ed6a18d4aad4', '2024-01-15 10:00:00+00', NULL, 'f1868aff-3f9c-4086-8292-6169cd5b358a', '7472e5e1-020d-47d8-a3f0-b91b02f1a9fb', '791a1601-3fe3-4700-9f9d-101cbf9bdff8', 5621.57, 'EUR', '2026-12-31 23:59:59+00', 'PENDING'),
  ('6e343ede-43b8-4c1d-8e4a-b767ce8cd808', '2024-01-15 10:00:00+00', NULL, 'f1868aff-3f9c-4086-8292-6169cd5b358a', '6c4142b1-7c78-40dd-aeaa-7e3fbc4c1d83', '1d49f115-6e44-4ffe-8ce2-e0eadfabccef', 5746.06, 'EUR', '2026-12-31 23:59:59+00', 'PENDING'),
  ('bafb770c-1bae-41ff-9ad9-8f633d33b109', '2024-01-15 10:00:00+00', NULL, '63a76c56-b38e-46c4-9573-adbf8a89eb7c', 'd2479b5c-cf9b-4d7b-a787-8de472ad7254', '1e2e2fa5-8a85-4133-9f70-db916f1507d8', 5846.72, 'GBP', '2026-12-31 23:59:59+00', 'PENDING'),
  ('bb2dbbf5-bdea-4b17-be16-c6b1e6c34098', '2024-01-15 10:00:00+00', NULL, '63a76c56-b38e-46c4-9573-adbf8a89eb7c', 'ddcf50f1-7ed5-4b8f-9e42-29f745ded79e', 'b3374dbb-f70d-4339-bac4-11be7bf051d8', 5796.11, 'GBP', '2026-12-31 23:59:59+00', 'PENDING'),
  ('b32642e5-db7b-4fd1-bb55-c84a471ca90e', '2024-01-15 10:00:00+00', NULL, '63a76c56-b38e-46c4-9573-adbf8a89eb7c', 'bfee85b3-0760-4d75-a8c6-2f9efa3f6bae', 'eca7de2e-9588-417a-90ce-4c063e1be673', 5624.58, 'GBP', '2026-12-31 23:59:59+00', 'PENDING'),
  ('c9cf3cf3-f83e-4d88-8b55-f02fe32adc16', '2024-01-15 10:00:00+00', NULL, 'ce425b76-16bc-4579-a887-2a58c00bdcc4', '588993e6-5d17-4f1f-92e2-a256b6c63f94', '589be30b-ad84-4139-ac94-3835e197fbb5', 5733.67, 'GBP', '2026-12-31 23:59:59+00', 'PENDING'),
  ('e8ee4bc3-6db2-4dce-8b98-d671baf40931', '2024-01-15 10:00:00+00', NULL, 'ce425b76-16bc-4579-a887-2a58c00bdcc4', '7472e5e1-020d-47d8-a3f0-b91b02f1a9fb', 'b3c814c1-fff8-4f50-bc02-cee67a1a0d33', 5880.74, 'GBP', '2026-12-31 23:59:59+00', 'PENDING'),
  ('f8b83237-3c81-40cd-a028-f01e9ccea5c6', '2024-01-15 10:00:00+00', NULL, 'ce425b76-16bc-4579-a887-2a58c00bdcc4', 'abd24e13-4d92-4b91-b428-bcccfd6443ca', '675eaa0a-9947-456e-85ac-126822dc51c0', 5762.87, 'GBP', '2026-12-31 23:59:59+00', 'PENDING'),
  ('916f1821-a984-4967-8a69-cce83416a197', '2024-01-15 10:00:00+00', NULL, '1635ada6-23d7-4cef-bbb7-da44f5b7fa9e', '78d935fd-b8af-4fc1-90dd-0ba5753b6040', 'd5f05f34-ee4c-43c5-810b-deb610a5cb51', 576.97, 'USD', '2026-12-31 23:59:59+00', 'PENDING'),
  ('e3d8096b-5c39-4e11-bd6f-d69a5357ec6e', '2024-01-15 10:00:00+00', NULL, '1635ada6-23d7-4cef-bbb7-da44f5b7fa9e', 'ee04c68d-1240-4b44-8c92-60af94aabd18', '46c97bbb-e355-42ea-8102-36964bd05557', 551.72, 'USD', '2026-12-31 23:59:59+00', 'PENDING'),
  ('3a053ba0-c8b1-4fce-a777-bcff47a93de2', '2024-01-15 10:00:00+00', NULL, '1635ada6-23d7-4cef-bbb7-da44f5b7fa9e', 'f45cbc89-5dea-4b7c-85ce-30671ac0f61b', '601d8b14-f8e6-4103-8b84-ff04890d0ce0', 561.21, 'USD', '2026-12-31 23:59:59+00', 'PENDING'),
  ('03531586-700e-4bdb-bd16-f589eb6eb288', '2024-01-15 10:00:00+00', NULL, 'd2df677a-6679-413a-91cc-c7a2b6fffbaa', 'bfee85b3-0760-4d75-a8c6-2f9efa3f6bae', 'eca7de2e-9588-417a-90ce-4c063e1be673', 1107.78, 'USD', '2026-12-31 23:59:59+00', 'PENDING'),
  ('53cc2947-8c57-441d-acbf-e64b110f0471', '2024-01-15 10:00:00+00', NULL, 'd2df677a-6679-413a-91cc-c7a2b6fffbaa', 'c5a892c6-65b0-42ff-af62-c87161b26402', 'ffafacbf-baa0-4574-87d3-0568923b38c0', 1205.7, 'USD', '2026-12-31 23:59:59+00', 'PENDING'),
  ('b6b70ff6-3ed8-4c7e-a3ba-89f97c771ebf', '2024-01-15 10:00:00+00', NULL, 'd2df677a-6679-413a-91cc-c7a2b6fffbaa', '80cf3f89-7bf4-4e52-b595-9eb0c589f55c', '03917e00-663a-4bd1-9399-3f430b2743a1', 1228.31, 'USD', '2026-12-31 23:59:59+00', 'PENDING'),
  ('5b05b56a-3560-4951-a540-f2d432f3d645', '2024-01-15 10:00:00+00', NULL, '30517eaa-8518-4ac6-a4d7-694d4b4a4a01', 'fe04ab7f-34ef-49a7-b094-a5b1f7416279', '58b6a732-aefa-42e1-87d3-d3288279fa17', 1258.29, 'EUR', '2026-12-31 23:59:59+00', 'PENDING'),
  ('242a1ba8-d2b5-4eb7-9a62-8f7206af1d15', '2024-01-15 10:00:00+00', NULL, '30517eaa-8518-4ac6-a4d7-694d4b4a4a01', '6ff8d2e2-6244-4019-bc34-39bd9b9b5f88', '1680c3ee-2c1b-4667-a551-f29b6c337a81', 1235.61, 'EUR', '2026-12-31 23:59:59+00', 'PENDING'),
  ('752d4c3c-c57a-4798-8341-176d2f2fc0a4', '2024-01-15 10:00:00+00', NULL, '30517eaa-8518-4ac6-a4d7-694d4b4a4a01', '8c01599a-5a96-4e26-aa9e-bcb1ec84816f', 'b935a945-1103-4757-b48b-9e623f599682', 1168.97, 'EUR', '2026-12-31 23:59:59+00', 'PENDING'),
  ('3bca5ec7-ed4e-4c1b-bcf9-3a4887d66235', '2024-01-15 10:00:00+00', NULL, 'b4198cf7-bbce-4448-aa65-22feb2b34385', 'c5a892c6-65b0-42ff-af62-c87161b26402', '862610c4-9af3-4b1f-82ef-faa8acda3a69', 12282.94, 'EUR', '2026-12-31 23:59:59+00', 'PENDING'),
  ('1e8547e8-0d9d-459f-879f-c401b0d1386f', '2024-01-15 10:00:00+00', NULL, 'b4198cf7-bbce-4448-aa65-22feb2b34385', '483b64cd-e65c-47bb-9fb4-d9171dc4cfa6', 'e005496b-9194-42a7-b25a-054a5e65c17b', 11773.8, 'EUR', '2026-12-31 23:59:59+00', 'PENDING'),
  ('9ea1173d-0414-4c1b-95dd-92831af79d10', '2024-01-15 10:00:00+00', NULL, 'b4198cf7-bbce-4448-aa65-22feb2b34385', 'd2479b5c-cf9b-4d7b-a787-8de472ad7254', 'ba3dc1ce-3e0f-4155-81a8-428707fe6a3f', 12213.8, 'EUR', '2026-12-31 23:59:59+00', 'PENDING'),
  ('bce20396-d5e4-4469-acd5-0c6a3508a6c3', '2024-01-15 10:00:00+00', NULL, '24a15af8-c159-4e4c-8a65-a163ef8bdc17', '588993e6-5d17-4f1f-92e2-a256b6c63f94', '0b1014c5-3c12-4eab-9735-b6c8da5a65e0', 1146.35, 'GBP', '2026-12-31 23:59:59+00', 'PENDING'),
  ('82f73bde-59ad-44b6-be0d-e1b9cea33f5f', '2024-01-15 10:00:00+00', NULL, '24a15af8-c159-4e4c-8a65-a163ef8bdc17', '216551ca-0f87-4301-961f-3e5042427b26', '3c8b51fb-6861-4398-a02f-740a1a43b0df', 1197.68, 'GBP', '2026-12-31 23:59:59+00', 'PENDING'),
  ('75d018ec-6226-4021-82f8-dd28bbbb55f0', '2024-01-15 10:00:00+00', NULL, '24a15af8-c159-4e4c-8a65-a163ef8bdc17', 'b8e22350-b981-47aa-b687-5d716bd3bee9', 'c4217144-1aef-4ccb-95e5-ff70ff88c25f', 1204.45, 'GBP', '2026-12-31 23:59:59+00', 'PENDING'),
  ('625531e8-9cc7-46ce-80c6-0effb52a473f', '2024-01-15 10:00:00+00', NULL, '78a0103f-d29a-4f0f-82a4-9cd0229399e1', '4996c730-5ff9-4726-a4d1-c8ec0e96d867', '5d31132f-a2bc-44e0-9a0c-7f6c69ff02bd', 620.95, 'GBP', '2026-12-31 23:59:59+00', 'PENDING'),
  ('140df80c-9247-4da1-be57-54fcbc8a40e9', '2024-01-15 10:00:00+00', NULL, '78a0103f-d29a-4f0f-82a4-9cd0229399e1', '58da756b-c210-4be4-8d20-57a11f74967c', 'ee8a0c9c-354d-45bd-93e7-3a5f7f15b7a0', 614.66, 'GBP', '2026-12-31 23:59:59+00', 'PENDING'),
  ('2fcc1ad6-0939-4244-bdfe-f6bf529526f0', '2024-01-15 10:00:00+00', NULL, '78a0103f-d29a-4f0f-82a4-9cd0229399e1', '3915a226-2d4e-41d2-9e8b-29af03e6c5ed', '184132d4-ed19-4bdb-a1e1-4942ab6934b9', 616.16, 'GBP', '2026-12-31 23:59:59+00', 'PENDING'),
  ('118c0e6a-ac33-4514-acb8-fda159a07b25', '2024-01-15 10:00:00+00', NULL, 'f35f19e1-0104-4762-930d-a1aff6d3289a', '3de0da7e-306c-4048-afd2-bbb6c2fd7913', '7c82e773-0c0a-4f06-8cf0-02d590a2ad62', 601.64, 'USD', '2026-12-31 23:59:59+00', 'PENDING'),
  ('8e955bbd-2019-4db7-8d6a-596479bfaf6a', '2024-01-15 10:00:00+00', NULL, 'f35f19e1-0104-4762-930d-a1aff6d3289a', '6c4142b1-7c78-40dd-aeaa-7e3fbc4c1d83', '02a22750-98a5-4964-812b-3d7c0291c7ba', 627.57, 'USD', '2026-12-31 23:59:59+00', 'PENDING'),
  ('2f44c270-7bea-4743-8da5-e952de11103f', '2024-01-15 10:00:00+00', NULL, 'f35f19e1-0104-4762-930d-a1aff6d3289a', 'fe639291-1ee1-40a9-b303-d72ce367f4af', 'fd716d88-54d6-4754-b282-562364f3afc3', 602.0, 'USD', '2026-12-31 23:59:59+00', 'PENDING'),
  ('5e87c08c-248b-4f6d-a9f4-dcdb9c28cd18', '2024-01-15 10:00:00+00', NULL, 'baecb806-5dfd-4864-8a87-51aa9dfef0bd', '216551ca-0f87-4301-961f-3e5042427b26', '0f0d8b97-8f1e-42bc-9001-ba373913cf7a', 12777.96, 'USD', '2026-12-31 23:59:59+00', 'PENDING'),
  ('f3f2a819-e257-466c-97b5-99a391c091a5', '2024-01-15 10:00:00+00', NULL, 'baecb806-5dfd-4864-8a87-51aa9dfef0bd', 'a5d80929-663a-457b-9dc8-597d13a4b6b9', 'f5bf3653-a358-4c6c-992c-e23cd0d94cb7', 12280.77, 'USD', '2026-12-31 23:59:59+00', 'PENDING'),
  ('4ba32842-f4a9-4db6-b79a-f333ca03c584', '2024-01-15 10:00:00+00', NULL, 'baecb806-5dfd-4864-8a87-51aa9dfef0bd', 'c5a892c6-65b0-42ff-af62-c87161b26402', 'ffafacbf-baa0-4574-87d3-0568923b38c0', 11909.49, 'USD', '2026-12-31 23:59:59+00', 'PENDING'),
  ('769afd6c-e753-4e9b-912d-56b453312f49', '2024-01-15 10:00:00+00', NULL, 'b3b3d048-c498-4f07-afda-17cfe1a31597', 'c2af7004-c888-4620-ada4-5a9f37cd8356', 'e6b86eea-1fa2-4b36-8c22-34900ea3b4e5', 1190.44, 'EUR', '2026-12-31 23:59:59+00', 'PENDING'),
  ('434ef3ff-f171-499f-a0ca-b901cd650a43', '2024-01-15 10:00:00+00', NULL, 'b3b3d048-c498-4f07-afda-17cfe1a31597', '5f112412-9ede-4383-a1ef-eab94eccfe53', '8cd15dbb-1527-4e60-b2ed-599ee6e327ff', 1300.29, 'EUR', '2026-12-31 23:59:59+00', 'PENDING'),
  ('481b90fe-25f2-4176-862e-230a9c23b401', '2024-01-15 10:00:00+00', NULL, 'b3b3d048-c498-4f07-afda-17cfe1a31597', 'abd24e13-4d92-4b91-b428-bcccfd6443ca', 'e60ef711-7ffe-4dce-a4f5-39547b0f8984', 1166.86, 'EUR', '2026-12-31 23:59:59+00', 'PENDING'),
  ('186fc2d3-89c2-4b94-a2c7-9c8a9ef81c47', '2024-01-15 10:00:00+00', NULL, 'a3f1e0f0-6960-4189-9748-c69a6ba0a565', 'b230456f-fd09-44d3-820d-95b848989105', 'c48ce3df-622b-452e-a2d5-9fef7e078c95', 6429.66, 'EUR', '2026-12-31 23:59:59+00', 'PENDING'),
  ('62b32452-3fcc-41a4-ab40-aa87638dec1a', '2024-01-15 10:00:00+00', NULL, 'a3f1e0f0-6960-4189-9748-c69a6ba0a565', '4917a676-9ecf-4158-8085-b15ec69cd79e', '2d48aef7-72c8-482e-ad06-1e15095d77d2', 6168.14, 'EUR', '2026-12-31 23:59:59+00', 'PENDING'),
  ('33ac8e9a-2993-4b66-bbc8-9a60e5616ea4', '2024-01-15 10:00:00+00', NULL, 'a3f1e0f0-6960-4189-9748-c69a6ba0a565', '918cb86a-a675-4079-b530-7ba7d7017cd3', '0dd67761-f295-486b-a7b9-8dba50597c98', 6282.72, 'EUR', '2026-12-31 23:59:59+00', 'PENDING'),
  ('6c8afaa3-5fe8-4909-8df7-14c324caf142', '2024-01-15 10:00:00+00', NULL, 'c591c069-cef8-4627-9eba-31828a9c4af4', 'ddcf50f1-7ed5-4b8f-9e42-29f745ded79e', 'a0e3c70e-99e1-4f6d-aa59-b7191aa4c1ef', 12290.72, 'GBP', '2026-12-31 23:59:59+00', 'PENDING'),
  ('ed386150-abcb-42fb-af79-69b5483847d3', '2024-01-15 10:00:00+00', NULL, 'c591c069-cef8-4627-9eba-31828a9c4af4', '3817158e-ebec-495a-9fe7-c53bacbc09c9', '2772890e-d269-4bd1-b210-d7337da7aa04', 13289.24, 'GBP', '2026-12-31 23:59:59+00', 'PENDING'),
  ('03191c1c-465f-40de-a392-f340c0bd2f0a', '2024-01-15 10:00:00+00', NULL, 'c591c069-cef8-4627-9eba-31828a9c4af4', 'f45cbc89-5dea-4b7c-85ce-30671ac0f61b', '601d8b14-f8e6-4103-8b84-ff04890d0ce0', 13128.98, 'GBP', '2026-12-31 23:59:59+00', 'PENDING'),
  ('3a43afe3-f2b6-451d-b314-26e72bffbd25', '2024-01-15 10:00:00+00', NULL, '3050b8a7-5c46-43a3-8ceb-5e4826cd9977', '216551ca-0f87-4301-961f-3e5042427b26', '0f0d8b97-8f1e-42bc-9001-ba373913cf7a', 11770.73, 'GBP', '2026-12-31 23:59:59+00', 'PENDING'),
  ('c4ecf8dc-2b16-4428-a436-e20f66aaebf2', '2024-01-15 10:00:00+00', NULL, '3050b8a7-5c46-43a3-8ceb-5e4826cd9977', '483b64cd-e65c-47bb-9fb4-d9171dc4cfa6', 'e005496b-9194-42a7-b25a-054a5e65c17b', 12303.48, 'GBP', '2026-12-31 23:59:59+00', 'PENDING'),
  ('097bea89-f809-40c1-b3d4-1c8d20749c08', '2024-01-15 10:00:00+00', NULL, '3050b8a7-5c46-43a3-8ceb-5e4826cd9977', '4917a676-9ecf-4158-8085-b15ec69cd79e', '9d470e97-5f3b-48ba-9d29-5a4daa186b98', 13313.28, 'GBP', '2026-12-31 23:59:59+00', 'PENDING'),
  ('f02ea2b5-e6e9-408f-af1d-379a547a6275', '2024-01-15 10:00:00+00', NULL, '84441e51-0499-47b4-8ada-56a31b35a372', 'ddcf50f1-7ed5-4b8f-9e42-29f745ded79e', '50047f2c-5fcb-4a5a-b7fd-0db7cb2f8818', 1275.4, 'USD', '2026-12-31 23:59:59+00', 'PENDING'),
  ('27128477-5448-418e-8ff3-3c8a188d5c8d', '2024-01-15 10:00:00+00', NULL, '84441e51-0499-47b4-8ada-56a31b35a372', 'da0407c1-80fe-46eb-ba4a-d97f47d147b2', '6b20c69c-bd6c-476d-9b68-2d706f56afef', 1339.4, 'USD', '2026-12-31 23:59:59+00', 'PENDING'),
  ('953086e3-7624-4d76-b95b-e9d9d88c3571', '2024-01-15 10:00:00+00', NULL, '84441e51-0499-47b4-8ada-56a31b35a372', 'aabac92b-dbea-4ac3-9b75-cc6ca52f8cb5', '3cd1d7c3-18fe-4690-9073-29f5b09279de', 1215.93, 'USD', '2026-12-31 23:59:59+00', 'PENDING'),
  ('7a64c0e9-224e-408f-b470-52b77e713be5', '2024-01-15 10:00:00+00', NULL, '924e99a0-adde-4eeb-bd2a-13bda44ab52b', 'fe639291-1ee1-40a9-b303-d72ce367f4af', 'fd716d88-54d6-4754-b282-562364f3afc3', 6274.25, 'USD', '2026-12-31 23:59:59+00', 'PENDING'),
  ('04f9f24f-6bf2-45d3-af92-3a5e96cfc624', '2024-01-15 10:00:00+00', NULL, '924e99a0-adde-4eeb-bd2a-13bda44ab52b', '19c3da0c-f9f2-489d-b7c0-f11c8c948057', '51ea3e2c-1f97-4f1a-b3f3-0de876586c11', 6700.69, 'USD', '2026-12-31 23:59:59+00', 'PENDING'),
  ('856b642a-9551-4a7b-bd81-20898ab60c0d', '2024-01-15 10:00:00+00', NULL, '924e99a0-adde-4eeb-bd2a-13bda44ab52b', '6ff8d2e2-6244-4019-bc34-39bd9b9b5f88', '1680c3ee-2c1b-4667-a551-f29b6c337a81', 6116.34, 'USD', '2026-12-31 23:59:59+00', 'PENDING'),
  ('da0c73f0-2b1b-4b1b-901a-69783f414c04', '2024-01-15 10:00:00+00', NULL, '4871e293-7982-4cfc-8738-667dcd866a05', '58da756b-c210-4be4-8d20-57a11f74967c', 'ee8a0c9c-354d-45bd-93e7-3a5f7f15b7a0', 11977.78, 'EUR', '2026-12-31 23:59:59+00', 'PENDING'),
  ('06177fbe-bd1c-4caa-9951-50625b954e85', '2024-01-15 10:00:00+00', NULL, '4871e293-7982-4cfc-8738-667dcd866a05', '3915a226-2d4e-41d2-9e8b-29af03e6c5ed', '184132d4-ed19-4bdb-a1e1-4942ab6934b9', 13020.63, 'EUR', '2026-12-31 23:59:59+00', 'PENDING'),
  ('0a56fb61-9d1d-4aa2-b751-d44bd1426916', '2024-01-15 10:00:00+00', NULL, '4871e293-7982-4cfc-8738-667dcd866a05', '80cf3f89-7bf4-4e52-b595-9eb0c589f55c', 'c51d4968-2c3a-4756-8f57-8789fecef2a8', 11978.03, 'EUR', '2026-12-31 23:59:59+00', 'PENDING'),
  ('aa3a2a42-84e3-4290-83fe-13a956f7f001', '2024-01-15 10:00:00+00', NULL, 'a575fab5-a14e-4a6d-8a3b-59641d80297f', '760b3976-7bd0-4485-a0e8-4d14358fd9a9', '9833cf0b-f2f8-4e84-8eb4-6352bdac856a', 12436.2, 'EUR', '2026-12-31 23:59:59+00', 'PENDING'),
  ('da0a6391-e8ba-4804-8703-6a7ab709807e', '2024-01-15 10:00:00+00', NULL, 'a575fab5-a14e-4a6d-8a3b-59641d80297f', 'fe639291-1ee1-40a9-b303-d72ce367f4af', 'fd716d88-54d6-4754-b282-562364f3afc3', 12805.68, 'EUR', '2026-12-31 23:59:59+00', 'PENDING'),
  ('728ae508-db6e-4327-864e-31e7ce97ce82', '2024-01-15 10:00:00+00', NULL, 'a575fab5-a14e-4a6d-8a3b-59641d80297f', '3915a226-2d4e-41d2-9e8b-29af03e6c5ed', 'a92d4857-25bc-437e-96fa-d6d1a41a1812', 12947.2, 'EUR', '2026-12-31 23:59:59+00', 'PENDING'),
  ('0cd56f1c-271b-4db3-a239-6f93154e6027', '2024-01-15 10:00:00+00', NULL, 'fa89aaac-86fb-49d1-a982-f99da32020a9', 'd0ff9e13-e641-4ab5-9b0c-711872d4648b', 'ca6125e5-dda3-424f-ba83-a2d24aafee71', 1350.38, 'GBP', '2026-12-31 23:59:59+00', 'PENDING'),
  ('09c804f1-65e9-46cb-bf12-875d24d8917b', '2024-01-15 10:00:00+00', NULL, 'fa89aaac-86fb-49d1-a982-f99da32020a9', '216551ca-0f87-4301-961f-3e5042427b26', '0f0d8b97-8f1e-42bc-9001-ba373913cf7a', 1256.83, 'GBP', '2026-12-31 23:59:59+00', 'PENDING'),
  ('5d9cd238-d72a-48ed-98f5-ef7a8c877624', '2024-01-15 10:00:00+00', NULL, 'fa89aaac-86fb-49d1-a982-f99da32020a9', '4917a676-9ecf-4158-8085-b15ec69cd79e', '2d48aef7-72c8-482e-ad06-1e15095d77d2', 1297.64, 'GBP', '2026-12-31 23:59:59+00', 'PENDING'),
  ('1274803c-3778-4ef0-935a-04790d289f73', '2024-01-15 10:00:00+00', NULL, 'e87a3f94-03f5-4082-9384-1b48808ed78d', 'aabac92b-dbea-4ac3-9b75-cc6ca52f8cb5', '3cd1d7c3-18fe-4690-9073-29f5b09279de', 634.48, 'GBP', '2026-12-31 23:59:59+00', 'PENDING'),
  ('38046c70-710c-495f-a3bd-b47ab3583850', '2024-01-15 10:00:00+00', NULL, 'e87a3f94-03f5-4082-9384-1b48808ed78d', 'da0407c1-80fe-46eb-ba4a-d97f47d147b2', 'bc292bc2-c109-4749-8f34-a4f97990a31b', 687.34, 'GBP', '2026-12-31 23:59:59+00', 'PENDING'),
  ('ea240144-f366-4dff-a260-1851333aeef1', '2024-01-15 10:00:00+00', NULL, 'e87a3f94-03f5-4082-9384-1b48808ed78d', '3817158e-ebec-495a-9fe7-c53bacbc09c9', '2772890e-d269-4bd1-b210-d7337da7aa04', 617.02, 'GBP', '2026-12-31 23:59:59+00', 'PENDING'),
  ('2d829ec6-de2d-419d-a570-e1251210d319', '2024-01-15 10:00:00+00', NULL, 'de52d315-0e66-4155-9c56-10205af55a7a', '6ff8d2e2-6244-4019-bc34-39bd9b9b5f88', '8fb4e8ae-1d8d-4287-a659-b579996407a0', 672.16, 'USD', '2026-12-31 23:59:59+00', 'PENDING'),
  ('9a681589-1ca1-4125-a031-5eee9f6c461b', '2024-01-15 10:00:00+00', NULL, 'de52d315-0e66-4155-9c56-10205af55a7a', 'a5d80929-663a-457b-9dc8-597d13a4b6b9', 'a9736dac-0163-4452-a836-e7b450eb1259', 625.18, 'USD', '2026-12-31 23:59:59+00', 'PENDING'),
  ('2d5cb8ad-6fcc-4ddf-8350-602dcaec26f3', '2024-01-15 10:00:00+00', NULL, 'de52d315-0e66-4155-9c56-10205af55a7a', 'd2479b5c-cf9b-4d7b-a787-8de472ad7254', '99b55681-ddbb-4a0a-827a-a430d2087e01', 624.06, 'USD', '2026-12-31 23:59:59+00', 'PENDING'),
  ('2c4d6259-b581-4edc-8bb0-6679d6b7f839', '2024-01-15 10:00:00+00', NULL, 'bca881ce-94ae-4d6f-bdf4-da108bc5a1f1', 'f45cbc89-5dea-4b7c-85ce-30671ac0f61b', '9d8b2411-0020-450b-a425-bb7acc9817aa', 1390.75, 'USD', '2026-12-31 23:59:59+00', 'PENDING'),
  ('4e025838-15f5-4555-a530-b28dd467f458', '2024-01-15 10:00:00+00', NULL, 'bca881ce-94ae-4d6f-bdf4-da108bc5a1f1', '58da756b-c210-4be4-8d20-57a11f74967c', '612ffeb2-afa0-40a6-b4c7-626423dbface', 1359.77, 'USD', '2026-12-31 23:59:59+00', 'PENDING'),
  ('659d84e6-7e39-4276-a1c4-5bd545913c6f', '2024-01-15 10:00:00+00', NULL, 'bca881ce-94ae-4d6f-bdf4-da108bc5a1f1', '918cb86a-a675-4079-b530-7ba7d7017cd3', 'd5660f62-5a8a-4738-b111-58d2270e2922', 1381.41, 'USD', '2026-12-31 23:59:59+00', 'PENDING'),
  ('21f35ac0-a986-4c23-89ca-c225850f359b', '2024-01-15 10:00:00+00', NULL, '8cf7da6f-de37-46cb-a8bf-75ee8c91c940', 'f2ff1981-6625-433b-ad6f-3877d761070a', 'f06d01a9-f2df-4384-8be2-2eadae2b8d5e', 12481.41, 'EUR', '2026-12-31 23:59:59+00', 'PENDING'),
  ('31f21dd0-7979-41fe-93a4-ec21912ae29a', '2024-01-15 10:00:00+00', NULL, '8cf7da6f-de37-46cb-a8bf-75ee8c91c940', 'abd24e13-4d92-4b91-b428-bcccfd6443ca', '675eaa0a-9947-456e-85ac-126822dc51c0', 13539.83, 'EUR', '2026-12-31 23:59:59+00', 'PENDING'),
  ('7b8325da-faae-4e74-aead-731ec03ebf28', '2024-01-15 10:00:00+00', NULL, '8cf7da6f-de37-46cb-a8bf-75ee8c91c940', 'b8e22350-b981-47aa-b687-5d716bd3bee9', '2c8ff322-319f-4577-9921-8b30c5649169', 13195.16, 'EUR', '2026-12-31 23:59:59+00', 'PENDING'),
  ('149daf28-18f5-4c17-b4f2-1e97d57bc0a6', '2024-01-15 10:00:00+00', NULL, '749f9e30-601d-4585-9867-4e62e0af76b5', '5f112412-9ede-4383-a1ef-eab94eccfe53', '0a5c78c9-437b-4b2a-a666-f3844ac4add9', 13946.7, 'EUR', '2026-12-31 23:59:59+00', 'PENDING'),
  ('fac96941-fcc8-4841-8e0a-26f507131581', '2024-01-15 10:00:00+00', NULL, '749f9e30-601d-4585-9867-4e62e0af76b5', 'd2479b5c-cf9b-4d7b-a787-8de472ad7254', '99b55681-ddbb-4a0a-827a-a430d2087e01', 13073.56, 'EUR', '2026-12-31 23:59:59+00', 'PENDING'),
  ('2565a59c-dc49-4396-8a96-acfcb94db1ee', '2024-01-15 10:00:00+00', NULL, '749f9e30-601d-4585-9867-4e62e0af76b5', 'c2af7004-c888-4620-ada4-5a9f37cd8356', '07eb6b28-5229-4e53-8f84-a982fa276a0c', 14106.34, 'EUR', '2026-12-31 23:59:59+00', 'PENDING'),
  ('0073ed1f-adbd-4c3b-a9cb-fb163798f80a', '2024-01-15 10:00:00+00', NULL, '1a28444a-5478-4f97-b096-35f77fbb07e7', 'ee04c68d-1240-4b44-8c92-60af94aabd18', '46c97bbb-e355-42ea-8102-36964bd05557', 14126.14, 'GBP', '2026-12-31 23:59:59+00', 'PENDING'),
  ('8e8d7323-2459-430a-8a4c-6dce5d4a6fff', '2024-01-15 10:00:00+00', NULL, '1a28444a-5478-4f97-b096-35f77fbb07e7', '8ef9ab9c-7420-48de-be3d-0e24a0bf58a5', '0f5e8042-0b15-4669-9604-bd09c315f335', 13638.85, 'GBP', '2026-12-31 23:59:59+00', 'PENDING'),
  ('c2a75752-2421-47c4-8cd7-d6a1c9366100', '2024-01-15 10:00:00+00', NULL, '1a28444a-5478-4f97-b096-35f77fbb07e7', '4996c730-5ff9-4726-a4d1-c8ec0e96d867', '8210cd5d-0e3a-4079-a25f-26940296b799', 13322.61, 'GBP', '2026-12-31 23:59:59+00', 'PENDING'),
  ('ea1912c4-b976-48f2-abb4-8045c29f5af9', '2024-01-15 10:00:00+00', NULL, '0ac42077-7942-4f20-ac34-51e69fa3468a', '6c4142b1-7c78-40dd-aeaa-7e3fbc4c1d83', '02a22750-98a5-4964-812b-3d7c0291c7ba', 722.34, 'GBP', '2026-12-31 23:59:59+00', 'PENDING'),
  ('0b2024ef-1b90-4b7b-b406-f490664ed5ec', '2024-01-15 10:00:00+00', NULL, '0ac42077-7942-4f20-ac34-51e69fa3468a', '760b3976-7bd0-4485-a0e8-4d14358fd9a9', '9833cf0b-f2f8-4e84-8eb4-6352bdac856a', 648.83, 'GBP', '2026-12-31 23:59:59+00', 'PENDING'),
  ('113c794b-270f-423c-af16-0f57fc184e15', '2024-01-15 10:00:00+00', NULL, '0ac42077-7942-4f20-ac34-51e69fa3468a', 'd0ff9e13-e641-4ab5-9b0c-711872d4648b', 'ca6125e5-dda3-424f-ba83-a2d24aafee71', 701.2, 'GBP', '2026-12-31 23:59:59+00', 'PENDING'),
  ('09996c95-dc0b-484d-b2f0-a95cd083a14e', '2024-01-15 10:00:00+00', NULL, '201568f2-ae27-44c1-97f6-393a7f539c8e', '58da756b-c210-4be4-8d20-57a11f74967c', '1802c771-511f-4216-864d-9443abb35998', 655.8, 'USD', '2026-12-31 23:59:59+00', 'PENDING'),
  ('a6756b3f-16d6-47c7-9a28-b29772ad094d', '2024-01-15 10:00:00+00', NULL, '201568f2-ae27-44c1-97f6-393a7f539c8e', '5f112412-9ede-4383-a1ef-eab94eccfe53', '0a5c78c9-437b-4b2a-a666-f3844ac4add9', 733.79, 'USD', '2026-12-31 23:59:59+00', 'PENDING'),
  ('eae6bbfd-8e3e-4a86-8239-62b5c2a89ea2', '2024-01-15 10:00:00+00', NULL, '201568f2-ae27-44c1-97f6-393a7f539c8e', 'fe04ab7f-34ef-49a7-b094-a5b1f7416279', 'c9f30299-620b-44cc-a92c-2db173ec2ea5', 699.25, 'USD', '2026-12-31 23:59:59+00', 'PENDING'),
  ('f5927771-9184-4a63-baaf-7e8be7344d9e', '2024-01-15 10:00:00+00', NULL, '333b0410-1f47-4523-8660-963284324b84', 'da0407c1-80fe-46eb-ba4a-d97f47d147b2', '359bb7b7-403f-492b-b5dd-5cfddb67d750', 7294.56, 'USD', '2026-12-31 23:59:59+00', 'PENDING'),
  ('270ec9b8-3b0e-4e25-b3f3-f7d91ad3ee80', '2024-01-15 10:00:00+00', NULL, '333b0410-1f47-4523-8660-963284324b84', 'c3be43fb-c180-4b84-9596-deb68926688b', '120e7648-bd82-4aa8-8748-b641fd7b2f9d', 6736.66, 'USD', '2026-12-31 23:59:59+00', 'PENDING'),
  ('db8c928a-af72-4f2f-909b-470f5a26e0fb', '2024-01-15 10:00:00+00', NULL, '333b0410-1f47-4523-8660-963284324b84', '58da756b-c210-4be4-8d20-57a11f74967c', '612ffeb2-afa0-40a6-b4c7-626423dbface', 7299.56, 'USD', '2026-12-31 23:59:59+00', 'PENDING'),
  ('16348dcd-6169-459c-8746-df1a9619a71d', '2024-01-15 10:00:00+00', NULL, 'b3a4b780-5db6-4acd-968c-fad9a3c93026', '60e569c5-be9a-4f28-b8ef-45ae1269c972', 'a8429627-661e-4a8d-bf5d-fca076eff6c1', 7219.23, 'EUR', '2026-12-31 23:59:59+00', 'PENDING'),
  ('ab40c77e-0818-48a9-929f-2d2be84a69e0', '2024-01-15 10:00:00+00', NULL, 'b3a4b780-5db6-4acd-968c-fad9a3c93026', '11d5a311-53e9-4c70-b80d-ec269a067974', 'f066dd22-865f-4303-a958-e5db278d3553', 7078.94, 'EUR', '2026-12-31 23:59:59+00', 'PENDING'),
  ('8400ae6a-1332-49fd-b43f-06955aa8dbd2', '2024-01-15 10:00:00+00', NULL, 'b3a4b780-5db6-4acd-968c-fad9a3c93026', '78d935fd-b8af-4fc1-90dd-0ba5753b6040', '125db93e-3bf2-46a8-858f-faee056d4118', 6804.73, 'EUR', '2026-12-31 23:59:59+00', 'PENDING'),
  ('331ba346-4d0c-4b2c-8c3e-f1d3f6ab5d92', '2024-01-15 10:00:00+00', NULL, 'f16cb223-f74a-4492-bbcb-ce766306de13', '19c3da0c-f9f2-489d-b7c0-f11c8c948057', '7f507b28-48cb-4b40-9445-8646ebf31268', 13534.18, 'EUR', '2026-12-31 23:59:59+00', 'PENDING'),
  ('332b7c9d-cd36-41fd-8d16-25f63a135805', '2024-01-15 10:00:00+00', NULL, 'f16cb223-f74a-4492-bbcb-ce766306de13', '7472e5e1-020d-47d8-a3f0-b91b02f1a9fb', '791a1601-3fe3-4700-9f9d-101cbf9bdff8', 13794.21, 'EUR', '2026-12-31 23:59:59+00', 'PENDING'),
  ('76016d4b-f7f9-41ad-ace2-a13275800d32', '2024-01-15 10:00:00+00', NULL, 'f16cb223-f74a-4492-bbcb-ce766306de13', 'b0e6362f-ab7a-4388-b2c4-2f19cccac08d', 'e046e1c4-bf92-4f6d-ba7d-ea4bf9ddfeef', 14526.0, 'EUR', '2026-12-31 23:59:59+00', 'PENDING'),
  ('8020f5c1-5e58-4326-8e6f-fb5e62c16133', '2024-01-15 10:00:00+00', NULL, '1096eaf4-df72-47ce-bba7-840ef8b3de61', '11d5a311-53e9-4c70-b80d-ec269a067974', 'f066dd22-865f-4303-a958-e5db278d3553', 751.33, 'GBP', '2026-12-31 23:59:59+00', 'PENDING'),
  ('dd7fc9ca-98ab-41f6-b378-11728839b0c7', '2024-01-15 10:00:00+00', NULL, '1096eaf4-df72-47ce-bba7-840ef8b3de61', '82d229e9-b350-4329-bdf1-81fa626ff56d', '06828788-aa6c-4982-a6ba-a944d7d08734', 679.67, 'GBP', '2026-12-31 23:59:59+00', 'PENDING'),
  ('b57117c9-8565-4991-ac95-dd8db5f2136b', '2024-01-15 10:00:00+00', NULL, '1096eaf4-df72-47ce-bba7-840ef8b3de61', '588993e6-5d17-4f1f-92e2-a256b6c63f94', '0b1014c5-3c12-4eab-9735-b6c8da5a65e0', 704.74, 'GBP', '2026-12-31 23:59:59+00', 'PENDING'),
  ('0342be13-1cb3-4acd-b7b2-eb9bd02b653c', '2024-01-15 10:00:00+00', NULL, '801b1afa-9ed5-4a9a-990d-39951a17387f', '216551ca-0f87-4301-961f-3e5042427b26', '0f0d8b97-8f1e-42bc-9001-ba373913cf7a', 7299.34, 'GBP', '2026-12-31 23:59:59+00', 'PENDING'),
  ('7ae0dfda-1563-411f-a113-02de247a7d7a', '2024-01-15 10:00:00+00', NULL, '801b1afa-9ed5-4a9a-990d-39951a17387f', 'a5d80929-663a-457b-9dc8-597d13a4b6b9', '6513ce00-c8f4-475c-b61a-2b58ed98548c', 7096.28, 'GBP', '2026-12-31 23:59:59+00', 'PENDING'),
  ('3aed0757-e977-4a5a-8379-9d64d9925309', '2024-01-15 10:00:00+00', NULL, '801b1afa-9ed5-4a9a-990d-39951a17387f', '918cb86a-a675-4079-b530-7ba7d7017cd3', 'f3b64d8d-ce72-44e9-9338-d696bb526761', 6731.57, 'GBP', '2026-12-31 23:59:59+00', 'PENDING'),
  ('5f17c7cd-c5a9-4b80-b7e8-583d0deabb9f', '2024-01-15 10:00:00+00', NULL, '1490174b-ffe4-4b4d-a879-97f5e1417160', 'b230456f-fd09-44d3-820d-95b848989105', 'c48ce3df-622b-452e-a2d5-9fef7e078c95', 1390.09, 'USD', '2026-12-31 23:59:59+00', 'PENDING'),
  ('7d5a6ea2-1f5f-4d6c-9bc8-9d132cf1a637', '2024-01-15 10:00:00+00', NULL, '1490174b-ffe4-4b4d-a879-97f5e1417160', '4917a676-9ecf-4158-8085-b15ec69cd79e', '23c22518-d97d-4900-ac47-d52565ede17d', 1403.0, 'USD', '2026-12-31 23:59:59+00', 'PENDING'),
  ('e2e1b32c-62a4-49ee-a365-5965a57cf6d9', '2024-01-15 10:00:00+00', NULL, '1490174b-ffe4-4b4d-a879-97f5e1417160', '918cb86a-a675-4079-b530-7ba7d7017cd3', 'd5660f62-5a8a-4738-b111-58d2270e2922', 1436.25, 'USD', '2026-12-31 23:59:59+00', 'PENDING'),
  ('5f80036d-12e7-4458-bfa5-061e078c2f26', '2024-01-15 10:00:00+00', NULL, 'f096d31a-bde7-412c-a41e-a916f55a2271', 'ddcf50f1-7ed5-4b8f-9e42-29f745ded79e', 'a0e3c70e-99e1-4f6d-aa59-b7191aa4c1ef', 708.59, 'USD', '2026-12-31 23:59:59+00', 'PENDING'),
  ('98a86717-50d0-4b54-a09e-6ade5beccb8c', '2024-01-15 10:00:00+00', NULL, 'f096d31a-bde7-412c-a41e-a916f55a2271', 'aabac92b-dbea-4ac3-9b75-cc6ca52f8cb5', '3cd1d7c3-18fe-4690-9073-29f5b09279de', 700.18, 'USD', '2026-12-31 23:59:59+00', 'PENDING'),
  ('4a76bcde-9ed8-4cae-8050-59ac29480ea8', '2024-01-15 10:00:00+00', NULL, 'f096d31a-bde7-412c-a41e-a916f55a2271', '82d229e9-b350-4329-bdf1-81fa626ff56d', '68298927-e5a8-47cc-87a0-4a461284d483', 695.98, 'USD', '2026-12-31 23:59:59+00', 'PENDING'),
  ('2c942c32-9d5f-4ca5-9de2-86f2ecef9552', '2024-01-15 10:00:00+00', NULL, '85eb243c-c7dc-4531-b2f0-3d41359fb069', '3de0da7e-306c-4048-afd2-bbb6c2fd7913', '40109515-cb57-407b-8845-efd68fcbc899', 7492.6, 'EUR', '2026-12-31 23:59:59+00', 'PENDING'),
  ('8c16593c-5d09-4c12-8998-b94d6ec735a6', '2024-01-15 10:00:00+00', NULL, '85eb243c-c7dc-4531-b2f0-3d41359fb069', 'd2479b5c-cf9b-4d7b-a787-8de472ad7254', '99b55681-ddbb-4a0a-827a-a430d2087e01', 6912.56, 'EUR', '2026-12-31 23:59:59+00', 'PENDING'),
  ('ce64471c-a85b-44ea-b93b-8b565452af8c', '2024-01-15 10:00:00+00', NULL, '85eb243c-c7dc-4531-b2f0-3d41359fb069', '7472e5e1-020d-47d8-a3f0-b91b02f1a9fb', '7c8a7ae3-1e78-4b15-8700-39bbb5970ba1', 7488.15, 'EUR', '2026-12-31 23:59:59+00', 'PENDING'),
  ('8c44e5fe-e2af-4650-b689-48f706c1a2ea', '2024-01-15 10:00:00+00', NULL, '9c01f83e-6c23-454c-a251-df0d8282f4a4', '11d5a311-53e9-4c70-b80d-ec269a067974', 'f066dd22-865f-4303-a958-e5db278d3553', 1486.48, 'EUR', '2026-12-31 23:59:59+00', 'PENDING'),
  ('fe678fd2-8a11-469e-9a81-bc6aee907cce', '2024-01-15 10:00:00+00', NULL, '9c01f83e-6c23-454c-a251-df0d8282f4a4', '3de0da7e-306c-4048-afd2-bbb6c2fd7913', '40109515-cb57-407b-8845-efd68fcbc899', 1536.15, 'EUR', '2026-12-31 23:59:59+00', 'PENDING'),
  ('c34f8a1e-d849-4b70-ab40-ff8cff471a1b', '2024-01-15 10:00:00+00', NULL, '9c01f83e-6c23-454c-a251-df0d8282f4a4', '76a7b197-eaf7-4eb6-b991-c9eaeef91209', '4b58216e-c5d0-4090-b7fc-b6a18ba1cb47', 1408.71, 'EUR', '2026-12-31 23:59:59+00', 'PENDING'),
  ('321c87ee-8691-486e-ba55-fb192f72f3a6', '2024-01-15 10:00:00+00', NULL, '6ca6729d-20f2-4f92-811b-53320af02abd', 'b0e6362f-ab7a-4388-b2c4-2f19cccac08d', 'e046e1c4-bf92-4f6d-ba7d-ea4bf9ddfeef', 1473.29, 'GBP', '2026-12-31 23:59:59+00', 'PENDING'),
  ('3634724d-8b22-4147-8b04-7b8fe2de12ba', '2024-01-15 10:00:00+00', NULL, '6ca6729d-20f2-4f92-811b-53320af02abd', 'abd24e13-4d92-4b91-b428-bcccfd6443ca', '675eaa0a-9947-456e-85ac-126822dc51c0', 1370.39, 'GBP', '2026-12-31 23:59:59+00', 'PENDING'),
  ('c5fc7a7e-f91b-4c90-a81b-540b3a0eb752', '2024-01-15 10:00:00+00', NULL, '6ca6729d-20f2-4f92-811b-53320af02abd', '588993e6-5d17-4f1f-92e2-a256b6c63f94', '589be30b-ad84-4139-ac94-3835e197fbb5', 1477.34, 'GBP', '2026-12-31 23:59:59+00', 'PENDING'),
  ('e71874ca-e928-4734-8982-a64568d6d3ad', '2024-01-15 10:00:00+00', NULL, '4c3690bd-9625-405e-8811-4e47bdcd01b3', '918cb86a-a675-4079-b530-7ba7d7017cd3', '0dd67761-f295-486b-a7b9-8dba50597c98', 699.74, 'GBP', '2026-12-31 23:59:59+00', 'PENDING'),
  ('26b837e7-0d0b-400e-9b9a-546c96054ec9', '2024-01-15 10:00:00+00', NULL, '4c3690bd-9625-405e-8811-4e47bdcd01b3', '3915a226-2d4e-41d2-9e8b-29af03e6c5ed', 'a92d4857-25bc-437e-96fa-d6d1a41a1812', 750.0, 'GBP', '2026-12-31 23:59:59+00', 'PENDING'),
  ('6ef91ebf-f815-4a67-8178-245b3458b9cc', '2024-01-15 10:00:00+00', NULL, '4c3690bd-9625-405e-8811-4e47bdcd01b3', 'c5a892c6-65b0-42ff-af62-c87161b26402', '9d875faf-613e-4916-b2fa-a4e459581ea9', 739.83, 'GBP', '2026-12-31 23:59:59+00', 'PENDING'),
  ('d1c0f7a1-0b4c-4ea8-ad15-0f3bce7a7972', '2024-01-15 10:00:00+00', NULL, '24812cff-2a9d-4a97-9961-9f0ada457ddd', 'd0ff9e13-e641-4ab5-9b0c-711872d4648b', 'ca6125e5-dda3-424f-ba83-a2d24aafee71', 15782.35, 'USD', '2026-12-31 23:59:59+00', 'PENDING'),
  ('6fe33333-95fd-4b6f-9023-8fff99e70e4f', '2024-01-15 10:00:00+00', NULL, '24812cff-2a9d-4a97-9961-9f0ada457ddd', 'b0e6362f-ab7a-4388-b2c4-2f19cccac08d', '8e5caff7-5a40-443d-9f17-2518429bc70a', 14019.23, 'USD', '2026-12-31 23:59:59+00', 'PENDING'),
  ('c7de6ed8-8edc-408e-a8ab-f84311bfe55b', '2024-01-15 10:00:00+00', NULL, '24812cff-2a9d-4a97-9961-9f0ada457ddd', '3817158e-ebec-495a-9fe7-c53bacbc09c9', '01fae744-8b7f-4914-bb5e-b89e3cf98fdb', 14630.31, 'USD', '2026-12-31 23:59:59+00', 'PENDING'),
  ('c1af3d55-5ef1-4b99-b65b-6bb8b5dc0197', '2024-01-15 10:00:00+00', NULL, 'f3a93c1d-bc80-4545-8223-adb1ec7644f0', 'c2af7004-c888-4620-ada4-5a9f37cd8356', '07eb6b28-5229-4e53-8f84-a982fa276a0c', 7029.84, 'USD', '2026-12-31 23:59:59+00', 'PENDING'),
  ('44067833-a00a-4def-8d37-b2d77312f3bf', '2024-01-15 10:00:00+00', NULL, 'f3a93c1d-bc80-4545-8223-adb1ec7644f0', '483b64cd-e65c-47bb-9fb4-d9171dc4cfa6', 'f3d95815-96ee-42e9-a9bf-3bf2f032f7ff', 7847.22, 'USD', '2026-12-31 23:59:59+00', 'PENDING'),
  ('83057a00-940b-46ff-b140-6886756192ac', '2024-01-15 10:00:00+00', NULL, 'f3a93c1d-bc80-4545-8223-adb1ec7644f0', 'c5a892c6-65b0-42ff-af62-c87161b26402', '9d875faf-613e-4916-b2fa-a4e459581ea9', 7063.91, 'USD', '2026-12-31 23:59:59+00', 'PENDING'),
  ('7e2960ba-dc67-4bc7-9384-1899ec0e3010', '2024-01-15 10:00:00+00', NULL, '24f7abba-53f3-4e5b-b231-f086b7423804', 'a5d80929-663a-457b-9dc8-597d13a4b6b9', '6513ce00-c8f4-475c-b61a-2b58ed98548c', 7626.22, 'EUR', '2026-12-31 23:59:59+00', 'PENDING'),
  ('a64cfad0-17f6-4acc-a633-623b13a3ca68', '2024-01-15 10:00:00+00', NULL, '24f7abba-53f3-4e5b-b231-f086b7423804', '4996c730-5ff9-4726-a4d1-c8ec0e96d867', '8210cd5d-0e3a-4079-a25f-26940296b799', 7215.52, 'EUR', '2026-12-31 23:59:59+00', 'PENDING'),
  ('65396813-62c9-48d6-b119-6ca82918ef5c', '2024-01-15 10:00:00+00', NULL, '24f7abba-53f3-4e5b-b231-f086b7423804', '82d229e9-b350-4329-bdf1-81fa626ff56d', '2f0aa7b4-ce33-4ba0-854e-4c001880ba1b', 7382.43, 'EUR', '2026-12-31 23:59:59+00', 'PENDING'),
  ('cc5442bb-689d-4c67-b762-59bb6b34ba01', '2024-01-15 10:00:00+00', NULL, '87ab7e75-e06c-45b5-8086-7745520c7df5', 'fe639291-1ee1-40a9-b303-d72ce367f4af', 'fd716d88-54d6-4754-b282-562364f3afc3', 1477.9, 'EUR', '2026-12-31 23:59:59+00', 'PENDING'),
  ('af139c72-b271-448d-ad33-1da0195ea29d', '2024-01-15 10:00:00+00', NULL, '87ab7e75-e06c-45b5-8086-7745520c7df5', 'abd24e13-4d92-4b91-b428-bcccfd6443ca', '5ca02b39-497b-4077-9109-e01fe3475c75', 1424.35, 'EUR', '2026-12-31 23:59:59+00', 'PENDING'),
  ('3889351a-c1b9-4fa7-852a-bdd58e6e652c', '2024-01-15 10:00:00+00', NULL, '87ab7e75-e06c-45b5-8086-7745520c7df5', '76a7b197-eaf7-4eb6-b991-c9eaeef91209', 'efe69540-5e49-477f-905e-9f3a920ec39c', 1432.87, 'EUR', '2026-12-31 23:59:59+00', 'PENDING'),
  ('c753220d-7c2f-43d3-bf3f-6516fc27a94e', '2024-01-15 10:00:00+00', NULL, 'b2158a55-5eb1-47ab-8b5c-2fc96625632c', '216551ca-0f87-4301-961f-3e5042427b26', '1aeb183a-1bda-4990-9834-8e9fc2631a3a', 734.5, 'GBP', '2026-12-31 23:59:59+00', 'PENDING'),
  ('c181ed18-6f86-4ceb-9c85-0fd614a58456', '2024-01-15 10:00:00+00', NULL, 'b2158a55-5eb1-47ab-8b5c-2fc96625632c', 'f45cbc89-5dea-4b7c-85ce-30671ac0f61b', '601d8b14-f8e6-4103-8b84-ff04890d0ce0', 722.75, 'GBP', '2026-12-31 23:59:59+00', 'PENDING'),
  ('78a514b4-68b5-43a2-9a2b-9b8086f7ada0', '2024-01-15 10:00:00+00', NULL, 'b2158a55-5eb1-47ab-8b5c-2fc96625632c', 'c5a892c6-65b0-42ff-af62-c87161b26402', 'ffafacbf-baa0-4574-87d3-0568923b38c0', 765.88, 'GBP', '2026-12-31 23:59:59+00', 'PENDING'),
  ('e4ae851a-e615-4333-9b0e-ab2830f664f4', '2024-01-15 10:00:00+00', NULL, 'c5ae0174-70ad-4f91-8a81-8c86659fbb0a', 'f2ff1981-6625-433b-ad6f-3877d761070a', '5a3ca964-6786-4d61-978d-3778c6e3c2a3', 15803.51, 'GBP', '2026-12-31 23:59:59+00', 'PENDING'),
  ('480d6715-0ea4-4caf-95e5-a822ac8f6a21', '2024-01-15 10:00:00+00', NULL, 'c5ae0174-70ad-4f91-8a81-8c86659fbb0a', '588993e6-5d17-4f1f-92e2-a256b6c63f94', '0b1014c5-3c12-4eab-9735-b6c8da5a65e0', 14923.68, 'GBP', '2026-12-31 23:59:59+00', 'PENDING'),
  ('08f41a7f-d184-48f7-87a2-3f6905ee0d07', '2024-01-15 10:00:00+00', NULL, 'c5ae0174-70ad-4f91-8a81-8c86659fbb0a', 'a86d619e-c708-44db-9398-11590accdd13', 'b295eb60-2d02-428a-90f3-d384a9684169', 14916.71, 'GBP', '2026-12-31 23:59:59+00', 'PENDING'),
  ('ea5040d8-4a4e-43bb-a775-8d28776a2f54', '2024-01-15 10:00:00+00', NULL, '1fea9a61-727c-4997-936b-950846903c58', '16c7dbe6-cac0-4dac-a0b6-e85d036114c8', '82b9c588-5cc2-428c-a233-7c4a3fcd2e24', 1579.91, 'USD', '2026-12-31 23:59:59+00', 'PENDING'),
  ('88b22b13-1a50-4f14-a895-10fe089bb424', '2024-01-15 10:00:00+00', NULL, '1fea9a61-727c-4997-936b-950846903c58', '918cb86a-a675-4079-b530-7ba7d7017cd3', '0dd67761-f295-486b-a7b9-8dba50597c98', 1602.11, 'USD', '2026-12-31 23:59:59+00', 'PENDING'),
  ('5506fc49-d6c5-42f1-a502-5bb68edb8ca4', '2024-01-15 10:00:00+00', NULL, '1fea9a61-727c-4997-936b-950846903c58', '78d935fd-b8af-4fc1-90dd-0ba5753b6040', 'd5f05f34-ee4c-43c5-810b-deb610a5cb51', 1558.34, 'USD', '2026-12-31 23:59:59+00', 'PENDING'),
  ('cd28abcf-4e0d-4a63-b9ce-ca4a2e582df1', '2024-01-15 10:00:00+00', NULL, 'a4ce0f69-9991-4f21-9095-d7717189c6d9', 'd2479b5c-cf9b-4d7b-a787-8de472ad7254', '99b55681-ddbb-4a0a-827a-a430d2087e01', 14950.67, 'USD', '2026-12-31 23:59:59+00', 'PENDING'),
  ('f8e7d05b-ddb0-4bbf-8076-5adb1ffafbc1', '2024-01-15 10:00:00+00', NULL, 'a4ce0f69-9991-4f21-9095-d7717189c6d9', 'ddcf50f1-7ed5-4b8f-9e42-29f745ded79e', 'b3374dbb-f70d-4339-bac4-11be7bf051d8', 16479.21, 'USD', '2026-12-31 23:59:59+00', 'PENDING'),
  ('84dd5177-6d1d-43e1-80d4-677e9cabbd07', '2024-01-15 10:00:00+00', NULL, 'a4ce0f69-9991-4f21-9095-d7717189c6d9', '4996c730-5ff9-4726-a4d1-c8ec0e96d867', '6f9d6f1f-3ddd-4ec7-94da-5f7d1e8d2660', 14607.67, 'USD', '2026-12-31 23:59:59+00', 'PENDING'),
  ('369caa02-99f8-4050-a09e-86147fa019ae', '2024-01-15 10:00:00+00', NULL, '33dab4a8-9687-4273-acbd-5826566cf42f', 'f2ff1981-6625-433b-ad6f-3877d761070a', 'f06d01a9-f2df-4384-8be2-2eadae2b8d5e', 1629.1, 'EUR', '2026-12-31 23:59:59+00', 'PENDING'),
  ('5b47f556-462b-4c2b-8df7-013e84994407', '2024-01-15 10:00:00+00', NULL, '33dab4a8-9687-4273-acbd-5826566cf42f', 'abd24e13-4d92-4b91-b428-bcccfd6443ca', '675eaa0a-9947-456e-85ac-126822dc51c0', 1542.99, 'EUR', '2026-12-31 23:59:59+00', 'PENDING'),
  ('3394181f-fa64-4ee4-8aba-ddcb7d143f21', '2024-01-15 10:00:00+00', NULL, '33dab4a8-9687-4273-acbd-5826566cf42f', '8ef9ab9c-7420-48de-be3d-0e24a0bf58a5', '0f5e8042-0b15-4669-9604-bd09c315f335', 1598.79, 'EUR', '2026-12-31 23:59:59+00', 'PENDING'),
  ('33b142d3-e0b0-455b-a2c7-d368a8d69bba', '2024-01-15 10:00:00+00', NULL, '253d7def-050a-4e7e-9a56-c5370c5679e2', '918cb86a-a675-4079-b530-7ba7d7017cd3', 'd5660f62-5a8a-4738-b111-58d2270e2922', 15837.44, 'EUR', '2026-12-31 23:59:59+00', 'PENDING'),
  ('cd187aee-0e65-4a29-8cb6-78e019dd11c4', '2024-01-15 10:00:00+00', NULL, '253d7def-050a-4e7e-9a56-c5370c5679e2', '4917a676-9ecf-4158-8085-b15ec69cd79e', '9d470e97-5f3b-48ba-9d29-5a4daa186b98', 14797.96, 'EUR', '2026-12-31 23:59:59+00', 'PENDING'),
  ('da82378e-4a5d-4172-aa45-3475a0840200', '2024-01-15 10:00:00+00', NULL, '253d7def-050a-4e7e-9a56-c5370c5679e2', '11d5a311-53e9-4c70-b80d-ec269a067974', '41eec80f-cd50-4812-bdad-b5f0063b579f', 16627.87, 'EUR', '2026-12-31 23:59:59+00', 'PENDING'),
  ('77b95e1c-027e-457c-91bb-d77ec39b234d', '2024-01-15 10:00:00+00', NULL, '30eed314-3708-4471-9620-c7cdbf1aff2d', 'aabac92b-dbea-4ac3-9b75-cc6ca52f8cb5', '3cd1d7c3-18fe-4690-9073-29f5b09279de', 1467.45, 'GBP', '2026-12-31 23:59:59+00', 'PENDING'),
  ('b53ef4b9-d0f6-41dc-b432-92f3247875c5', '2024-01-15 10:00:00+00', NULL, '30eed314-3708-4471-9620-c7cdbf1aff2d', '7472e5e1-020d-47d8-a3f0-b91b02f1a9fb', '7c8a7ae3-1e78-4b15-8700-39bbb5970ba1', 1679.18, 'GBP', '2026-12-31 23:59:59+00', 'PENDING'),
  ('8a146556-b66f-4741-9165-5bdada12e566', '2024-01-15 10:00:00+00', NULL, '30eed314-3708-4471-9620-c7cdbf1aff2d', '8ef9ab9c-7420-48de-be3d-0e24a0bf58a5', '55c4f169-a7bc-4318-bf91-e02833c43b23', 1594.41, 'GBP', '2026-12-31 23:59:59+00', 'PENDING'),
  ('de65e21c-9de4-4bed-bfc4-e7d457abff9c', '2024-01-15 10:00:00+00', NULL, 'dbf68089-a0b1-49ed-bead-4d33ce4a5213', '6ff8d2e2-6244-4019-bc34-39bd9b9b5f88', '3e2aa9a0-4992-4b81-82d0-cde66ad28586', 16102.45, 'GBP', '2026-12-31 23:59:59+00', 'PENDING'),
  ('66330a50-f325-4466-9e5d-7a4c1bd67b4b', '2024-01-15 10:00:00+00', NULL, 'dbf68089-a0b1-49ed-bead-4d33ce4a5213', '216551ca-0f87-4301-961f-3e5042427b26', '1aeb183a-1bda-4990-9834-8e9fc2631a3a', 15860.51, 'GBP', '2026-12-31 23:59:59+00', 'PENDING'),
  ('3f681bf4-3e16-489c-ae7b-d3f8a7a17a24', '2024-01-15 10:00:00+00', NULL, 'dbf68089-a0b1-49ed-bead-4d33ce4a5213', 'ee04c68d-1240-4b44-8c92-60af94aabd18', '46c97bbb-e355-42ea-8102-36964bd05557', 15795.82, 'GBP', '2026-12-31 23:59:59+00', 'PENDING'),
  ('ad324ba4-80a5-4ba1-ae45-9e7bfd0d8f9b', '2024-01-15 10:00:00+00', NULL, '1de0ee37-4721-4f95-95fe-7b30adf6f977', '11d5a311-53e9-4c70-b80d-ec269a067974', 'eb799f2e-48da-4236-bcdf-a4a21802faf0', 8118.19, 'USD', '2026-12-31 23:59:59+00', 'PENDING'),
  ('ae89e363-5cb5-4c3e-8da9-1383d91457d0', '2024-01-15 10:00:00+00', NULL, '1de0ee37-4721-4f95-95fe-7b30adf6f977', 'b0e6362f-ab7a-4388-b2c4-2f19cccac08d', '8e5caff7-5a40-443d-9f17-2518429bc70a', 8500.6, 'USD', '2026-12-31 23:59:59+00', 'PENDING'),
  ('b6a91c80-57e0-4e1a-a7c0-68647b73f077', '2024-01-15 10:00:00+00', NULL, '1de0ee37-4721-4f95-95fe-7b30adf6f977', '483b64cd-e65c-47bb-9fb4-d9171dc4cfa6', 'e005496b-9194-42a7-b25a-054a5e65c17b', 7790.07, 'USD', '2026-12-31 23:59:59+00', 'PENDING'),
  ('c01fdc92-7966-4803-9b7e-bb90bea24e38', '2024-01-15 10:00:00+00', NULL, 'd9f5d354-dc45-467d-b0b6-5d10fc274a46', 'd0ff9e13-e641-4ab5-9b0c-711872d4648b', 'c0937e84-599c-46c2-84ea-b6ed9a4cac23', 16936.79, 'USD', '2026-12-31 23:59:59+00', 'PENDING'),
  ('b1b7f48e-a46e-42e9-85f3-92ac3c54fd9d', '2024-01-15 10:00:00+00', NULL, 'd9f5d354-dc45-467d-b0b6-5d10fc274a46', '7472e5e1-020d-47d8-a3f0-b91b02f1a9fb', '791a1601-3fe3-4700-9f9d-101cbf9bdff8', 15904.55, 'USD', '2026-12-31 23:59:59+00', 'PENDING'),
  ('05288bf8-0b21-4a58-84f3-b7e83dabb07f', '2024-01-15 10:00:00+00', NULL, 'd9f5d354-dc45-467d-b0b6-5d10fc274a46', 'bfee85b3-0760-4d75-a8c6-2f9efa3f6bae', 'eca7de2e-9588-417a-90ce-4c063e1be673', 15618.94, 'USD', '2026-12-31 23:59:59+00', 'PENDING'),
  ('d5f151a9-f19b-46dc-8df5-7ea6573b0462', '2024-01-15 10:00:00+00', NULL, '207bac4c-ffa9-4da0-a456-b01e19defe1d', '4917a676-9ecf-4158-8085-b15ec69cd79e', '2d48aef7-72c8-482e-ad06-1e15095d77d2', 1600.45, 'EUR', '2026-12-31 23:59:59+00', 'PENDING'),
  ('e1ef96e8-d4da-4986-9b37-d35bb2526907', '2024-01-15 10:00:00+00', NULL, '207bac4c-ffa9-4da0-a456-b01e19defe1d', '216551ca-0f87-4301-961f-3e5042427b26', '0f0d8b97-8f1e-42bc-9001-ba373913cf7a', 1553.61, 'EUR', '2026-12-31 23:59:59+00', 'PENDING'),
  ('11d35c91-cdbc-4c51-b81f-9fbb876586e2', '2024-01-15 10:00:00+00', NULL, '207bac4c-ffa9-4da0-a456-b01e19defe1d', 'da0407c1-80fe-46eb-ba4a-d97f47d147b2', 'bc292bc2-c109-4749-8f34-a4f97990a31b', 1719.7, 'EUR', '2026-12-31 23:59:59+00', 'PENDING'),
  ('bae23fbf-48b3-40e2-86b0-00975fe3203c', '2024-01-15 10:00:00+00', NULL, '9f71a7e8-749a-47c1-9ccb-647bb75990a4', '4917a676-9ecf-4158-8085-b15ec69cd79e', '23c22518-d97d-4900-ac47-d52565ede17d', 857.72, 'EUR', '2026-12-31 23:59:59+00', 'PENDING'),
  ('1e93835d-bedd-41dd-96f3-d186e1249500', '2024-01-15 10:00:00+00', NULL, '9f71a7e8-749a-47c1-9ccb-647bb75990a4', '19c3da0c-f9f2-489d-b7c0-f11c8c948057', '7f507b28-48cb-4b40-9445-8646ebf31268', 804.35, 'EUR', '2026-12-31 23:59:59+00', 'PENDING'),
  ('dde21b10-3dd5-477c-ae5e-f64246921283', '2024-01-15 10:00:00+00', NULL, '9f71a7e8-749a-47c1-9ccb-647bb75990a4', '588993e6-5d17-4f1f-92e2-a256b6c63f94', '589be30b-ad84-4139-ac94-3835e197fbb5', 816.66, 'EUR', '2026-12-31 23:59:59+00', 'PENDING'),
  ('a9d61748-6097-4491-9c00-69dd18d09a24', '2024-01-15 10:00:00+00', NULL, '4ac2880b-61af-481f-9b4a-22db9b858920', '8ef9ab9c-7420-48de-be3d-0e24a0bf58a5', '55c4f169-a7bc-4318-bf91-e02833c43b23', 1615.44, 'GBP', '2026-12-31 23:59:59+00', 'PENDING'),
  ('a13a9191-cbbc-4e9d-9e0a-10484cae1fe2', '2024-01-15 10:00:00+00', NULL, '4ac2880b-61af-481f-9b4a-22db9b858920', '216551ca-0f87-4301-961f-3e5042427b26', '1aeb183a-1bda-4990-9834-8e9fc2631a3a', 1559.63, 'GBP', '2026-12-31 23:59:59+00', 'PENDING'),
  ('43f34a39-2d60-452e-905f-6f14455d005c', '2024-01-15 10:00:00+00', NULL, '4ac2880b-61af-481f-9b4a-22db9b858920', 'c3be43fb-c180-4b84-9596-deb68926688b', '120e7648-bd82-4aa8-8748-b641fd7b2f9d', 1542.66, 'GBP', '2026-12-31 23:59:59+00', 'PENDING'),
  ('6e060f58-e87f-4a49-a3b1-c678a5e7934c', '2024-01-15 10:00:00+00', NULL, 'ffa715d3-45cd-4e30-b5e9-02236fda2c2a', '16c7dbe6-cac0-4dac-a0b6-e85d036114c8', '3251e29b-b963-44b6-9b9d-e85be6eb5226', 778.76, 'GBP', '2026-12-31 23:59:59+00', 'PENDING'),
  ('06349263-ad3d-491f-9eef-7570721aff7f', '2024-01-15 10:00:00+00', NULL, 'ffa715d3-45cd-4e30-b5e9-02236fda2c2a', 'fe639291-1ee1-40a9-b303-d72ce367f4af', '232dc9df-9df1-449b-93b2-b749cd1e80c7', 836.43, 'GBP', '2026-12-31 23:59:59+00', 'PENDING'),
  ('8f4efcd5-44ce-497c-a1a3-2692fab95c93', '2024-01-15 10:00:00+00', NULL, 'ffa715d3-45cd-4e30-b5e9-02236fda2c2a', '918cb86a-a675-4079-b530-7ba7d7017cd3', 'f3b64d8d-ce72-44e9-9338-d696bb526761', 848.37, 'GBP', '2026-12-31 23:59:59+00', 'PENDING'),
  ('0bb54f4b-50fd-4294-a51a-25ae737dc835', '2024-01-15 10:00:00+00', NULL, '8a9785aa-d690-41a6-8cf3-35807f1146a6', 'abd24e13-4d92-4b91-b428-bcccfd6443ca', '5ca02b39-497b-4077-9109-e01fe3475c75', 812.67, 'USD', '2026-12-31 23:59:59+00', 'PENDING'),
  ('7d84df9d-3ab1-4a7b-8ecd-cd022a5ffe23', '2024-01-15 10:00:00+00', NULL, '8a9785aa-d690-41a6-8cf3-35807f1146a6', 'da0407c1-80fe-46eb-ba4a-d97f47d147b2', 'bc292bc2-c109-4749-8f34-a4f97990a31b', 881.78, 'USD', '2026-12-31 23:59:59+00', 'PENDING'),
  ('40df4ea0-d86c-44b3-9b44-e71d17ed28a7', '2024-01-15 10:00:00+00', NULL, '8a9785aa-d690-41a6-8cf3-35807f1146a6', '588993e6-5d17-4f1f-92e2-a256b6c63f94', '589be30b-ad84-4139-ac94-3835e197fbb5', 818.99, 'USD', '2026-12-31 23:59:59+00', 'PENDING'),
  ('3a61a508-1c7b-41e6-82ee-1a7a838ad1ee', '2024-01-15 10:00:00+00', NULL, 'b3d378e6-986d-44cb-8605-53df7a5296e9', '4996c730-5ff9-4726-a4d1-c8ec0e96d867', '5d31132f-a2bc-44e0-9a0c-7f6c69ff02bd', 884.35, 'USD', '2026-12-31 23:59:59+00', 'PENDING'),
  ('9fc2d6d2-c940-4d82-9736-c08647cf1ce2', '2024-01-15 10:00:00+00', NULL, 'b3d378e6-986d-44cb-8605-53df7a5296e9', 'c5a892c6-65b0-42ff-af62-c87161b26402', '9d875faf-613e-4916-b2fa-a4e459581ea9', 833.66, 'USD', '2026-12-31 23:59:59+00', 'PENDING'),
  ('9c2abd32-81f2-475b-a97f-ce12b53bf55b', '2024-01-15 10:00:00+00', NULL, 'b3d378e6-986d-44cb-8605-53df7a5296e9', 'fe04ab7f-34ef-49a7-b094-a5b1f7416279', 'c9f30299-620b-44cc-a92c-2db173ec2ea5', 822.49, 'USD', '2026-12-31 23:59:59+00', 'PENDING'),
  ('03eabc47-abce-4bee-8ef3-8ea98811c7e7', '2024-01-15 10:00:00+00', NULL, 'bb458cd0-e545-45d4-bca3-eff2187583d8', '58da756b-c210-4be4-8d20-57a11f74967c', 'ee8a0c9c-354d-45bd-93e7-3a5f7f15b7a0', 790.1, 'EUR', '2026-12-31 23:59:59+00', 'PENDING'),
  ('6357c9fc-0b8a-4bb9-b97d-f5bed5fea9fd', '2024-01-15 10:00:00+00', NULL, 'bb458cd0-e545-45d4-bca3-eff2187583d8', 'a5d80929-663a-457b-9dc8-597d13a4b6b9', 'a9736dac-0163-4452-a836-e7b450eb1259', 883.06, 'EUR', '2026-12-31 23:59:59+00', 'PENDING'),
  ('749eb942-9864-4ad3-afd7-0807b68a56c4', '2024-01-15 10:00:00+00', NULL, 'bb458cd0-e545-45d4-bca3-eff2187583d8', '78d935fd-b8af-4fc1-90dd-0ba5753b6040', 'd5f05f34-ee4c-43c5-810b-deb610a5cb51', 862.06, 'EUR', '2026-12-31 23:59:59+00', 'PENDING'),
  ('f24dbcc1-4119-482e-9ab3-7e1cbaa14b15', '2024-01-15 10:00:00+00', NULL, 'cacded85-724f-4605-9f9d-c3670c1a2552', '3915a226-2d4e-41d2-9e8b-29af03e6c5ed', '184132d4-ed19-4bdb-a1e1-4942ab6934b9', 8222.91, 'EUR', '2026-12-31 23:59:59+00', 'PENDING'),
  ('3b4d8b2a-070e-458d-bacd-3ccb7c555d14', '2024-01-15 10:00:00+00', NULL, 'cacded85-724f-4605-9f9d-c3670c1a2552', 'c2af7004-c888-4620-ada4-5a9f37cd8356', '07eb6b28-5229-4e53-8f84-a982fa276a0c', 8135.01, 'EUR', '2026-12-31 23:59:59+00', 'PENDING'),
  ('64520ea0-5e79-442c-88b8-dc0471436cba', '2024-01-15 10:00:00+00', NULL, 'cacded85-724f-4605-9f9d-c3670c1a2552', '11d5a311-53e9-4c70-b80d-ec269a067974', '41eec80f-cd50-4812-bdad-b5f0063b579f', 8153.95, 'EUR', '2026-12-31 23:59:59+00', 'PENDING'),
  ('9cbad182-c137-4513-a652-de6b8b14f454', '2024-01-15 10:00:00+00', NULL, '95d5b80c-c3a2-4800-9f88-7922c56ec916', 'abd24e13-4d92-4b91-b428-bcccfd6443ca', '675eaa0a-9947-456e-85ac-126822dc51c0', 1771.62, 'GBP', '2026-12-31 23:59:59+00', 'PENDING'),
  ('6e266de6-de64-4e60-bc85-2edb5add1b3c', '2024-01-15 10:00:00+00', NULL, '95d5b80c-c3a2-4800-9f88-7922c56ec916', '483b64cd-e65c-47bb-9fb4-d9171dc4cfa6', 'e005496b-9194-42a7-b25a-054a5e65c17b', 1692.63, 'GBP', '2026-12-31 23:59:59+00', 'PENDING'),
  ('fca75fd1-5af2-472a-b6fd-5ebd2f5f543a', '2024-01-15 10:00:00+00', NULL, '95d5b80c-c3a2-4800-9f88-7922c56ec916', '760b3976-7bd0-4485-a0e8-4d14358fd9a9', '9833cf0b-f2f8-4e84-8eb4-6352bdac856a', 1642.78, 'GBP', '2026-12-31 23:59:59+00', 'PENDING'),
  ('878c264e-ab64-4eed-98d8-c3de1ffde2fd', '2024-01-15 10:00:00+00', NULL, 'e2fd5cec-b127-4802-9d64-499fa3fb1823', '216551ca-0f87-4301-961f-3e5042427b26', '0f0d8b97-8f1e-42bc-9001-ba373913cf7a', 18071.89, 'GBP', '2026-12-31 23:59:59+00', 'PENDING'),
  ('00ab05ea-6a08-4ba3-a7f6-5ac11db1170b', '2024-01-15 10:00:00+00', NULL, 'e2fd5cec-b127-4802-9d64-499fa3fb1823', '7d318183-3790-4515-8d05-d383d100fb2d', '1ac5e4d6-f30c-478b-9732-df8eb055ad7c', 18189.01, 'GBP', '2026-12-31 23:59:59+00', 'PENDING'),
  ('f39af112-499c-464c-bfa6-e554b8dbd6fa', '2024-01-15 10:00:00+00', NULL, 'e2fd5cec-b127-4802-9d64-499fa3fb1823', 'dd3bfd77-7bce-4e83-91a1-9d5b9ba6fb7a', '25002af0-7e21-4b49-b8fb-522dfcdc9b73', 17189.47, 'GBP', '2026-12-31 23:59:59+00', 'PENDING'),
  ('96010dab-bbc7-4021-b4c1-268facca00a9', '2024-01-15 10:00:00+00', NULL, 'ec190cf7-a6b8-4759-9240-d4fa2803dadc', 'b230456f-fd09-44d3-820d-95b848989105', '8907ba8d-3ff7-4d68-89aa-79ed874dbb88', 17612.06, 'USD', '2026-12-31 23:59:59+00', 'PENDING'),
  ('a44b32d6-2539-4fe0-a099-f2062fa19db8', '2024-01-15 10:00:00+00', NULL, 'ec190cf7-a6b8-4759-9240-d4fa2803dadc', 'a86d619e-c708-44db-9398-11590accdd13', '44dcb6db-7f3a-4b5b-9060-19c960dbe32f', 18024.42, 'USD', '2026-12-31 23:59:59+00', 'PENDING'),
  ('ff6d96f2-915d-44df-ae9e-0f05527429d6', '2024-01-15 10:00:00+00', NULL, 'ec190cf7-a6b8-4759-9240-d4fa2803dadc', '8c01599a-5a96-4e26-aa9e-bcb1ec84816f', '6c0f2df3-97f5-4995-830d-7ffe9bf831f5', 16735.58, 'USD', '2026-12-31 23:59:59+00', 'PENDING'),
  ('5080ec96-3a41-4b08-b40b-3a97c5881729', '2024-01-15 10:00:00+00', NULL, 'ff643f7b-de7e-40a5-94cb-5ae5d092c86d', '760b3976-7bd0-4485-a0e8-4d14358fd9a9', '9833cf0b-f2f8-4e84-8eb4-6352bdac856a', 1834.31, 'USD', '2026-12-31 23:59:59+00', 'PENDING'),
  ('ca680613-ae3a-4530-8083-622861d24b11', '2024-01-15 10:00:00+00', NULL, 'ff643f7b-de7e-40a5-94cb-5ae5d092c86d', 'c5a892c6-65b0-42ff-af62-c87161b26402', 'ffafacbf-baa0-4574-87d3-0568923b38c0', 1720.07, 'USD', '2026-12-31 23:59:59+00', 'PENDING'),
  ('31c250df-9ab6-4908-b524-315e3f14b604', '2024-01-15 10:00:00+00', NULL, 'ff643f7b-de7e-40a5-94cb-5ae5d092c86d', 'fe04ab7f-34ef-49a7-b094-a5b1f7416279', '1d8ad16f-4328-4352-b6fa-1dd0bd1856e1', 1678.0, 'USD', '2026-12-31 23:59:59+00', 'PENDING'),
  ('ed868fdf-f18a-41c4-8c56-b150f2572d14', '2024-01-15 10:00:00+00', NULL, '248f944e-5ac3-45db-87a8-5d67f64933c9', 'b8e22350-b981-47aa-b687-5d716bd3bee9', '2c8ff322-319f-4577-9921-8b30c5649169', 15997.91, 'EUR', '2026-12-31 23:59:59+00', 'PENDING'),
  ('d597bcb2-a90f-4217-ae92-7fcdfbb0d5d8', '2024-01-15 10:00:00+00', NULL, '248f944e-5ac3-45db-87a8-5d67f64933c9', 'fe639291-1ee1-40a9-b303-d72ce367f4af', '5245a6c8-80db-4f17-9429-4518fdc52f45', 16972.65, 'EUR', '2026-12-31 23:59:59+00', 'PENDING'),
  ('88d1447c-7b68-4f89-a7bd-243685e14534', '2024-01-15 10:00:00+00', NULL, '248f944e-5ac3-45db-87a8-5d67f64933c9', '6c4142b1-7c78-40dd-aeaa-7e3fbc4c1d83', '720fa1bb-171a-4d83-8550-f6f5b5255552', 18355.79, 'EUR', '2026-12-31 23:59:59+00', 'PENDING'),
  ('7fd233f5-7e57-4c55-ac61-904cee727bf1', '2024-01-15 10:00:00+00', NULL, '8371a635-fa72-4422-929e-61179f7c6adb', 'c2af7004-c888-4620-ada4-5a9f37cd8356', '79286410-f62e-4fe8-8675-9e6a47dd4962', 17683.66, 'EUR', '2026-12-31 23:59:59+00', 'PENDING'),
  ('3e3f0b2f-25c6-41a4-95cc-31799b607a67', '2024-01-15 10:00:00+00', NULL, '8371a635-fa72-4422-929e-61179f7c6adb', '58da756b-c210-4be4-8d20-57a11f74967c', '1802c771-511f-4216-864d-9443abb35998', 17749.99, 'EUR', '2026-12-31 23:59:59+00', 'PENDING'),
  ('8093b098-e918-48d3-a4b0-248639e96a54', '2024-01-15 10:00:00+00', NULL, '8371a635-fa72-4422-929e-61179f7c6adb', 'd40c8145-4e71-4ffc-bd67-19fd12381f14', '0f9f8e98-cad4-4e61-a0e7-60ebcb9d1416', 18255.44, 'EUR', '2026-12-31 23:59:59+00', 'PENDING'),
  ('0261b16c-a25d-487b-9dbc-3ec36ee6ee0e', '2024-01-15 10:00:00+00', NULL, 'da39614e-d73b-40d4-9768-6374728cd4a3', '7d318183-3790-4515-8d05-d383d100fb2d', 'b6557714-a7e5-4302-921d-17626b39dd35', 896.1, 'GBP', '2026-12-31 23:59:59+00', 'PENDING'),
  ('0f31a4f5-2362-461c-b71e-c4745af05ce7', '2024-01-15 10:00:00+00', NULL, 'da39614e-d73b-40d4-9768-6374728cd4a3', 'dd3bfd77-7bce-4e83-91a1-9d5b9ba6fb7a', 'f08f2fa9-cb8f-48aa-953d-e85c8c85dbbf', 915.27, 'GBP', '2026-12-31 23:59:59+00', 'PENDING'),
  ('c280c360-0e9a-448c-aa55-bfddaabe6746', '2024-01-15 10:00:00+00', NULL, 'da39614e-d73b-40d4-9768-6374728cd4a3', '7472e5e1-020d-47d8-a3f0-b91b02f1a9fb', '7c8a7ae3-1e78-4b15-8700-39bbb5970ba1', 883.46, 'GBP', '2026-12-31 23:59:59+00', 'PENDING'),
  ('fe2a0c21-2047-4aec-841e-6c69f2f770b9', '2024-01-15 10:00:00+00', NULL, '30580e8b-f6a2-4779-8ede-29e7a99d381d', 'a5d80929-663a-457b-9dc8-597d13a4b6b9', '6513ce00-c8f4-475c-b61a-2b58ed98548c', 940.58, 'GBP', '2026-12-31 23:59:59+00', 'PENDING'),
  ('49cbceba-99b2-4be1-b98e-07626873ccf7', '2024-01-15 10:00:00+00', NULL, '30580e8b-f6a2-4779-8ede-29e7a99d381d', '80cf3f89-7bf4-4e52-b595-9eb0c589f55c', 'c51d4968-2c3a-4756-8f57-8789fecef2a8', 826.2, 'GBP', '2026-12-31 23:59:59+00', 'PENDING'),
  ('ab371237-b4d5-4068-9375-2b91110ba458', '2024-01-15 10:00:00+00', NULL, '30580e8b-f6a2-4779-8ede-29e7a99d381d', 'bfee85b3-0760-4d75-a8c6-2f9efa3f6bae', '07073525-d9f4-4f69-bb45-a6ff382e7e84', 910.68, 'GBP', '2026-12-31 23:59:59+00', 'PENDING'),
  ('023e6d28-8415-4551-8867-5045e8cd200e', '2024-01-15 10:00:00+00', NULL, 'c31e9b1a-c4e2-4504-85df-3e88eba48f90', '918cb86a-a675-4079-b530-7ba7d7017cd3', 'f3b64d8d-ce72-44e9-9338-d696bb526761', 9023.14, 'USD', '2026-12-31 23:59:59+00', 'PENDING'),
  ('daac70dd-4ccb-4adb-91a0-1848d768399f', '2024-01-15 10:00:00+00', NULL, 'c31e9b1a-c4e2-4504-85df-3e88eba48f90', 'b8e22350-b981-47aa-b687-5d716bd3bee9', 'c4217144-1aef-4ccb-95e5-ff70ff88c25f', 8205.99, 'USD', '2026-12-31 23:59:59+00', 'PENDING'),
  ('0236f558-3f23-4997-8beb-f3337240575e', '2024-01-15 10:00:00+00', NULL, 'c31e9b1a-c4e2-4504-85df-3e88eba48f90', 'fe639291-1ee1-40a9-b303-d72ce367f4af', '5245a6c8-80db-4f17-9429-4518fdc52f45', 8517.94, 'USD', '2026-12-31 23:59:59+00', 'PENDING'),
  ('7084c94b-13ab-4f52-8910-de2dc8e24304', '2024-01-15 10:00:00+00', NULL, 'fa789558-9d86-48f9-bd8c-213f8ee0cdf1', '57be48c1-5522-44e7-bcf8-1e631e79a229', '10ca2ad9-39de-472d-8506-6eacd52817c2', 890.87, 'USD', '2026-12-31 23:59:59+00', 'PENDING'),
  ('cb459982-5d1c-4039-9668-acb395b874fe', '2024-01-15 10:00:00+00', NULL, 'fa789558-9d86-48f9-bd8c-213f8ee0cdf1', 'ddcf50f1-7ed5-4b8f-9e42-29f745ded79e', '50047f2c-5fcb-4a5a-b7fd-0db7cb2f8818', 910.06, 'USD', '2026-12-31 23:59:59+00', 'PENDING'),
  ('d57297d7-71f6-433b-a6ed-1d4c6771da7f', '2024-01-15 10:00:00+00', NULL, 'fa789558-9d86-48f9-bd8c-213f8ee0cdf1', 'fe04ab7f-34ef-49a7-b094-a5b1f7416279', '58b6a732-aefa-42e1-87d3-d3288279fa17', 844.86, 'USD', '2026-12-31 23:59:59+00', 'PENDING'),
  ('86a703a0-d163-4e92-a28a-5df6c75060cc', '2024-01-15 10:00:00+00', NULL, '614cfd26-5b50-42ad-b8d0-c9f37e6cc8a6', '60e569c5-be9a-4f28-b8ef-45ae1269c972', 'fa916eae-2cfe-4ed7-9999-7f180b7114c5', 1820.46, 'EUR', '2026-12-31 23:59:59+00', 'PENDING'),
  ('d2efa162-355e-4408-9f96-8233939e6cbb', '2024-01-15 10:00:00+00', NULL, '614cfd26-5b50-42ad-b8d0-c9f37e6cc8a6', '8ef9ab9c-7420-48de-be3d-0e24a0bf58a5', '0f5e8042-0b15-4669-9604-bd09c315f335', 1878.99, 'EUR', '2026-12-31 23:59:59+00', 'PENDING'),
  ('d1b244b1-f278-45a6-a709-bc8acb345642', '2024-01-15 10:00:00+00', NULL, '614cfd26-5b50-42ad-b8d0-c9f37e6cc8a6', 'dd3bfd77-7bce-4e83-91a1-9d5b9ba6fb7a', '25002af0-7e21-4b49-b8fb-522dfcdc9b73', 1705.56, 'EUR', '2026-12-31 23:59:59+00', 'PENDING'),
  ('9a8cd443-6c15-4be0-a8ac-1bfbfdce41a0', '2024-01-15 10:00:00+00', NULL, 'edd7a9b4-c6f3-48f0-8a76-5c07dd55b3d8', '80cf3f89-7bf4-4e52-b595-9eb0c589f55c', '101ae64c-2c01-4ccf-b5ea-e9b86f8ccbd1', 1834.84, 'EUR', '2026-12-31 23:59:59+00', 'PENDING'),
  ('69d92ff0-1b26-4573-a756-fe0736c469ad', '2024-01-15 10:00:00+00', NULL, 'edd7a9b4-c6f3-48f0-8a76-5c07dd55b3d8', 'd40c8145-4e71-4ffc-bd67-19fd12381f14', '0f9f8e98-cad4-4e61-a0e7-60ebcb9d1416', 1895.17, 'EUR', '2026-12-31 23:59:59+00', 'PENDING'),
  ('0c00fc30-bb79-456a-ba3a-bd4279a75dcf', '2024-01-15 10:00:00+00', NULL, 'edd7a9b4-c6f3-48f0-8a76-5c07dd55b3d8', '78d935fd-b8af-4fc1-90dd-0ba5753b6040', 'd5f05f34-ee4c-43c5-810b-deb610a5cb51', 1803.89, 'EUR', '2026-12-31 23:59:59+00', 'PENDING'),
  ('f22f2284-c006-4865-aedd-fd7831da84d7', '2024-01-15 10:00:00+00', NULL, '6c673503-d373-4ba4-b45b-74672eaed2e3', 'c2af7004-c888-4620-ada4-5a9f37cd8356', '07eb6b28-5229-4e53-8f84-a982fa276a0c', 8701.01, 'GBP', '2026-12-31 23:59:59+00', 'PENDING'),
  ('844dcb43-bc2e-4b60-be38-decaae3586d4', '2024-01-15 10:00:00+00', NULL, '6c673503-d373-4ba4-b45b-74672eaed2e3', 'fe639291-1ee1-40a9-b303-d72ce367f4af', 'fd716d88-54d6-4754-b282-562364f3afc3', 9204.43, 'GBP', '2026-12-31 23:59:59+00', 'PENDING'),
  ('7f00b8ba-3a67-415f-a050-7bf7d5339515', '2024-01-15 10:00:00+00', NULL, '6c673503-d373-4ba4-b45b-74672eaed2e3', '10df12f8-e545-4935-bb53-bc16b220df2a', 'd7138cf3-94c3-4a30-81aa-27af6ec3858a', 9403.91, 'GBP', '2026-12-31 23:59:59+00', 'PENDING');

-- Asks (300)
INSERT INTO asks (id, created_at, deleted_at, listing_id, asker_company_id, asker_user_id, amount, currency, valid_until, execution_mode, binding, status) VALUES
  ('57d5e926-c8ab-4846-a385-e1dde1637f8e', '2024-01-15 10:00:00+00', NULL, 'd2def691-2ce0-4caf-a83d-83afbc5b679b', 'f45cbc89-5dea-4b7c-85ce-30671ac0f61b', '1865b8d7-0d5a-4ec9-8803-e07cbef5a978', 526.6, 'USD', '2026-12-31 23:59:59+00', 'MANUAL', TRUE, 'ACTIVE'),
  ('a702a7dd-74cd-4e3b-952f-b826603903de', '2024-01-15 10:00:00+00', NULL, 'd2def691-2ce0-4caf-a83d-83afbc5b679b', '4917a676-9ecf-4158-8085-b15ec69cd79e', 'e8835d68-85ee-475b-8e2f-77966cbd14d5', 511.54, 'USD', '2026-12-31 23:59:59+00', 'MANUAL', FALSE, 'ACTIVE'),
  ('6da8f747-a9bd-4e7d-9cf6-5ce9793c4ea9', '2024-01-15 10:00:00+00', NULL, 'd2def691-2ce0-4caf-a83d-83afbc5b679b', 'c3be43fb-c180-4b84-9596-deb68926688b', 'd2fcef62-6d4a-4020-bb70-2f25798d3044', 573.74, 'USD', '2026-12-31 23:59:59+00', 'MANUAL', TRUE, 'ACTIVE'),
  ('77319ef6-7c7a-4850-8a7a-4897d4a98967', '2024-01-15 10:00:00+00', NULL, '7fb45ab0-f4da-4f37-b645-35251a88262f', 'abd24e13-4d92-4b91-b428-bcccfd6443ca', 'e938df54-365b-4e31-bb10-e23ece63a3b4', 5253.3, 'EUR', '2026-12-31 23:59:59+00', 'AUTO', TRUE, 'ACTIVE'),
  ('8e27e37e-b294-43b0-b33c-bcf9a9ba375a', '2024-01-15 10:00:00+00', NULL, '7fb45ab0-f4da-4f37-b645-35251a88262f', 'a5d80929-663a-457b-9dc8-597d13a4b6b9', '5a3e0e1c-47d3-4f72-b65e-5df6b6b166a5', 5539.77, 'EUR', '2026-12-31 23:59:59+00', 'AUTO', FALSE, 'ACTIVE'),
  ('7c5dd7c5-ff80-4cb1-8a4f-c1bded716ba6', '2024-01-15 10:00:00+00', NULL, '7fb45ab0-f4da-4f37-b645-35251a88262f', '8ef9ab9c-7420-48de-be3d-0e24a0bf58a5', '36f5301a-1d74-4b54-acea-752e8c6f3f4a', 5123.36, 'EUR', '2026-12-31 23:59:59+00', 'MANUAL', TRUE, 'ACTIVE'),
  ('58c29ab9-3430-4fe9-899b-c0d840ee3e01', '2024-01-15 10:00:00+00', NULL, '51ca1738-2f21-4b91-bcf5-a8264fea05cc', 'b8e22350-b981-47aa-b687-5d716bd3bee9', 'd65bc775-dfd8-4680-a6c4-b076c793521d', 1065.48, 'EUR', '2026-12-31 23:59:59+00', 'AUTO', TRUE, 'ACTIVE'),
  ('255aff61-6696-42e4-8bc7-eb3f6fa8ca0d', '2024-01-15 10:00:00+00', NULL, '51ca1738-2f21-4b91-bcf5-a8264fea05cc', 'abd24e13-4d92-4b91-b428-bcccfd6443ca', 'e938df54-365b-4e31-bb10-e23ece63a3b4', 1116.21, 'EUR', '2026-12-31 23:59:59+00', 'MANUAL', TRUE, 'ACTIVE'),
  ('cd022e02-3d18-4b3e-b03a-27e646466981', '2024-01-15 10:00:00+00', NULL, '51ca1738-2f21-4b91-bcf5-a8264fea05cc', 'd0ff9e13-e641-4ab5-9b0c-711872d4648b', '9ef16013-a186-4b73-a381-69f6eb1837be', 1170.93, 'EUR', '2026-12-31 23:59:59+00', 'MANUAL', TRUE, 'ACTIVE'),
  ('1b7ec597-4d90-4bb3-9eb8-0a2e86b254f2', '2024-01-15 10:00:00+00', NULL, 'f7672acf-d22e-417d-8a33-e72af5c7e72b', 'abd24e13-4d92-4b91-b428-bcccfd6443ca', 'cf05d5de-fcfa-4b8a-b80f-748960a28dcd', 553.64, 'GBP', '2026-12-31 23:59:59+00', 'AUTO', FALSE, 'ACTIVE'),
  ('08ee4fe3-44f7-49d0-9109-c8b5e6ffd07f', '2024-01-15 10:00:00+00', NULL, 'f7672acf-d22e-417d-8a33-e72af5c7e72b', 'aabac92b-dbea-4ac3-9b75-cc6ca52f8cb5', '09f5d0b7-d1ad-439f-8e66-2eebd336f1e0', 581.61, 'GBP', '2026-12-31 23:59:59+00', 'MANUAL', TRUE, 'ACTIVE'),
  ('5fb96ab2-3cfb-4bfb-86fc-2610b3301870', '2024-01-15 10:00:00+00', NULL, 'f7672acf-d22e-417d-8a33-e72af5c7e72b', '10df12f8-e545-4935-bb53-bc16b220df2a', '7ed59d85-fc32-40a8-84e2-cff85bfbf23b', 526.65, 'GBP', '2026-12-31 23:59:59+00', 'MANUAL', FALSE, 'ACTIVE'),
  ('b2d9c99d-6f1a-4856-975e-369966ea7d9e', '2024-01-15 10:00:00+00', NULL, '6b55388f-a559-46a0-b5cd-4f46b57a42ba', 'da0407c1-80fe-46eb-ba4a-d97f47d147b2', '507f18b6-c14c-4dea-b4b9-40df2cfd3ab5', 579.38, 'GBP', '2026-12-31 23:59:59+00', 'MANUAL', TRUE, 'ACTIVE'),
  ('dc39446d-524f-44ae-bd67-7c7bf587b36f', '2024-01-15 10:00:00+00', NULL, '6b55388f-a559-46a0-b5cd-4f46b57a42ba', '3915a226-2d4e-41d2-9e8b-29af03e6c5ed', 'c22bc7a5-eb1c-499f-96a9-78f6d5250989', 538.29, 'GBP', '2026-12-31 23:59:59+00', 'AUTO', FALSE, 'ACTIVE'),
  ('c5c5f0d0-f189-4167-acf6-39d0a9894c80', '2024-01-15 10:00:00+00', NULL, '6b55388f-a559-46a0-b5cd-4f46b57a42ba', '58da756b-c210-4be4-8d20-57a11f74967c', 'aa3f3ce6-e99b-4b8e-b191-4bd30f5b446e', 597.03, 'GBP', '2026-12-31 23:59:59+00', 'AUTO', TRUE, 'ACTIVE'),
  ('53a3a15a-131c-4c71-aed2-fa2d589d404b', '2024-01-15 10:00:00+00', NULL, 'a1d381b1-e2d0-48b3-bb4c-55c838716d9d', 'c5a892c6-65b0-42ff-af62-c87161b26402', '83793466-53e1-4c98-8d46-0fdae6ae7e3f', 1155.33, 'USD', '2026-12-31 23:59:59+00', 'AUTO', FALSE, 'ACTIVE'),
  ('9c58c595-580d-4cb0-898a-40ffd94ad1ca', '2024-01-15 10:00:00+00', NULL, 'a1d381b1-e2d0-48b3-bb4c-55c838716d9d', '58da756b-c210-4be4-8d20-57a11f74967c', 'be68b0f8-99d3-4b42-9b4d-644949b2af28', 1105.12, 'USD', '2026-12-31 23:59:59+00', 'MANUAL', FALSE, 'ACTIVE'),
  ('2ac47bd4-2d72-4d9e-b109-ac0d1ed4592b', '2024-01-15 10:00:00+00', NULL, 'a1d381b1-e2d0-48b3-bb4c-55c838716d9d', '918cb86a-a675-4079-b530-7ba7d7017cd3', '0163b10c-a954-40b6-909b-f151df3f5141', 1189.98, 'USD', '2026-12-31 23:59:59+00', 'AUTO', FALSE, 'ACTIVE'),
  ('b1e90f3e-7ca0-4165-8eab-c8f753a8dfb8', '2024-01-15 10:00:00+00', NULL, '3fc7fe37-2154-47ab-bd2c-7f26e648fa3b', 'dd3bfd77-7bce-4e83-91a1-9d5b9ba6fb7a', 'c3f6ccc1-6c7d-4531-a306-3e558ffc3341', 584.18, 'USD', '2026-12-31 23:59:59+00', 'AUTO', TRUE, 'ACTIVE'),
  ('9fc74e5b-fc0b-4a34-b7d9-b3aa1cabd8c7', '2024-01-15 10:00:00+00', NULL, '3fc7fe37-2154-47ab-bd2c-7f26e648fa3b', 'bfee85b3-0760-4d75-a8c6-2f9efa3f6bae', '93db3800-4e2f-4015-b735-33bd1ca051ad', 602.46, 'USD', '2026-12-31 23:59:59+00', 'MANUAL', TRUE, 'ACTIVE'),
  ('96bde130-3da2-4796-a29e-54026c4e6f02', '2024-01-15 10:00:00+00', NULL, '3fc7fe37-2154-47ab-bd2c-7f26e648fa3b', 'aabac92b-dbea-4ac3-9b75-cc6ca52f8cb5', '6e6c3b2c-321e-4a41-962e-a4dc2d5735a6', 543.03, 'USD', '2026-12-31 23:59:59+00', 'MANUAL', FALSE, 'ACTIVE'),
  ('67a17797-40d6-437e-bff0-091a1ac7ee1d', '2024-01-15 10:00:00+00', NULL, '8f2ae047-b72b-4bd6-9122-eb176eacdcfb', '78d935fd-b8af-4fc1-90dd-0ba5753b6040', '5dd5fd56-0a08-4958-9887-ca12c3589b5c', 12267.7, 'EUR', '2026-12-31 23:59:59+00', 'MANUAL', TRUE, 'ACTIVE'),
  ('13d5dfba-330e-4513-9467-110a2d58d8b2', '2024-01-15 10:00:00+00', NULL, '8f2ae047-b72b-4bd6-9122-eb176eacdcfb', 'd40c8145-4e71-4ffc-bd67-19fd12381f14', '48430a6a-61aa-4140-82fe-93ad5380b3ed', 10901.86, 'EUR', '2026-12-31 23:59:59+00', 'MANUAL', FALSE, 'ACTIVE'),
  ('d9956540-a2aa-4a00-aa02-fdd3bdd05637', '2024-01-15 10:00:00+00', NULL, '8f2ae047-b72b-4bd6-9122-eb176eacdcfb', 'dd3bfd77-7bce-4e83-91a1-9d5b9ba6fb7a', '0e84b7d2-2c76-4d94-9e14-a68045cd31c9', 12220.33, 'EUR', '2026-12-31 23:59:59+00', 'MANUAL', FALSE, 'ACTIVE'),
  ('25d189d0-64ca-427c-ac68-9cd3407a7b4d', '2024-01-15 10:00:00+00', NULL, 'c2945ce6-364a-46e5-b895-73275af71990', 'b230456f-fd09-44d3-820d-95b848989105', '6eb34c15-a82c-4549-a6bb-c2603e865467', 5546.24, 'EUR', '2026-12-31 23:59:59+00', 'MANUAL', FALSE, 'ACTIVE'),
  ('576da8f5-b2d8-40e4-8386-215a53d336dc', '2024-01-15 10:00:00+00', NULL, 'c2945ce6-364a-46e5-b895-73275af71990', '760b3976-7bd0-4485-a0e8-4d14358fd9a9', '68512ca0-3ba2-473f-82ab-2f31b968a27e', 6102.96, 'EUR', '2026-12-31 23:59:59+00', 'AUTO', FALSE, 'ACTIVE'),
  ('b021daf0-0395-4193-a573-b7713e90f76b', '2024-01-15 10:00:00+00', NULL, 'c2945ce6-364a-46e5-b895-73275af71990', 'c5a892c6-65b0-42ff-af62-c87161b26402', 'fcdb449c-a93b-477a-a106-7825d5eb57f9', 5951.31, 'EUR', '2026-12-31 23:59:59+00', 'AUTO', FALSE, 'ACTIVE'),
  ('c3d4f66f-e18c-46e1-b8b2-cd509437cffa', '2024-01-15 10:00:00+00', NULL, '2a7aeeec-9c14-4eff-9f7e-60686d9fd4f3', 'f2ff1981-6625-433b-ad6f-3877d761070a', '3c986f38-c42e-4931-b3a9-ca65f6070931', 615.7, 'GBP', '2026-12-31 23:59:59+00', 'AUTO', TRUE, 'ACTIVE'),
  ('6172d932-ce32-401d-b5d8-48a8b3f0ee2b', '2024-01-15 10:00:00+00', NULL, '2a7aeeec-9c14-4eff-9f7e-60686d9fd4f3', '8ef9ab9c-7420-48de-be3d-0e24a0bf58a5', '36f5301a-1d74-4b54-acea-752e8c6f3f4a', 611.17, 'GBP', '2026-12-31 23:59:59+00', 'AUTO', TRUE, 'ACTIVE'),
  ('58fcd75c-4765-4d9a-9094-740eea6bf793', '2024-01-15 10:00:00+00', NULL, '2a7aeeec-9c14-4eff-9f7e-60686d9fd4f3', '588993e6-5d17-4f1f-92e2-a256b6c63f94', '66f26274-8bfd-4db9-b596-5fab4623299c', 560.76, 'GBP', '2026-12-31 23:59:59+00', 'MANUAL', TRUE, 'ACTIVE'),
  ('cf3fae6f-6056-4fc2-94e6-0f3600ceb6a9', '2024-01-15 10:00:00+00', NULL, 'eb333fae-9c8b-48e1-9b7a-96feeb8817e8', 'd40c8145-4e71-4ffc-bd67-19fd12381f14', 'ac34d9c4-c8a5-4f6e-9464-c81ddad0324e', 1148.83, 'GBP', '2026-12-31 23:59:59+00', 'AUTO', FALSE, 'ACTIVE'),
  ('8118d8ff-9056-42a0-8f62-d97e95dac0c2', '2024-01-15 10:00:00+00', NULL, 'eb333fae-9c8b-48e1-9b7a-96feeb8817e8', '76a7b197-eaf7-4eb6-b991-c9eaeef91209', '58854715-531e-4aee-bbe3-fc71b4c67ff3', 1203.02, 'GBP', '2026-12-31 23:59:59+00', 'AUTO', FALSE, 'ACTIVE'),
  ('63218e7e-9d59-4844-8598-201ea0d4cec5', '2024-01-15 10:00:00+00', NULL, 'eb333fae-9c8b-48e1-9b7a-96feeb8817e8', 'd0ff9e13-e641-4ab5-9b0c-711872d4648b', '9ef16013-a186-4b73-a381-69f6eb1837be', 1201.04, 'GBP', '2026-12-31 23:59:59+00', 'AUTO', FALSE, 'ACTIVE'),
  ('77fe1fe4-3bb7-4c32-9812-2073c3a67716', '2024-01-15 10:00:00+00', NULL, '901a4ac7-d673-48e0-835c-b7689dabb4d1', 'a5d80929-663a-457b-9dc8-597d13a4b6b9', '1255f818-8906-4c66-9f80-f5b9895200b7', 5962.69, 'USD', '2026-12-31 23:59:59+00', 'AUTO', FALSE, 'ACTIVE'),
  ('7e4e2b3a-1e2a-41a6-8e47-23baf859edf5', '2024-01-15 10:00:00+00', NULL, '901a4ac7-d673-48e0-835c-b7689dabb4d1', '80cf3f89-7bf4-4e52-b595-9eb0c589f55c', '45f94d60-c58f-4091-8674-8b3e2e6b887f', 6262.42, 'USD', '2026-12-31 23:59:59+00', 'MANUAL', TRUE, 'ACTIVE'),
  ('c942531d-d7b7-49bb-9fb6-cb4f6d99a4ba', '2024-01-15 10:00:00+00', NULL, '901a4ac7-d673-48e0-835c-b7689dabb4d1', '8c01599a-5a96-4e26-aa9e-bcb1ec84816f', 'f96c6055-5f9f-4d44-b45c-997888f2492b', 6158.55, 'USD', '2026-12-31 23:59:59+00', 'MANUAL', FALSE, 'ACTIVE'),
  ('58a15719-94f3-47de-ae5d-a4a0e5675fa1', '2024-01-15 10:00:00+00', NULL, '8b63275f-d13a-4dbe-a44c-7e3d3918f7d8', '60e569c5-be9a-4f28-b8ef-45ae1269c972', '84d68521-040e-4d1e-9364-f0f77fc3d10d', 1152.7, 'USD', '2026-12-31 23:59:59+00', 'MANUAL', TRUE, 'ACTIVE'),
  ('ffca155e-4c74-4c5b-8973-5a235bfd4039', '2024-01-15 10:00:00+00', NULL, '8b63275f-d13a-4dbe-a44c-7e3d3918f7d8', 'd0ff9e13-e641-4ab5-9b0c-711872d4648b', '9ef16013-a186-4b73-a381-69f6eb1837be', 1202.13, 'USD', '2026-12-31 23:59:59+00', 'MANUAL', FALSE, 'ACTIVE'),
  ('ee2a36eb-a8c8-4d86-8c35-b9b775a28c1d', '2024-01-15 10:00:00+00', NULL, '8b63275f-d13a-4dbe-a44c-7e3d3918f7d8', '8ef9ab9c-7420-48de-be3d-0e24a0bf58a5', '36f5301a-1d74-4b54-acea-752e8c6f3f4a', 1157.95, 'USD', '2026-12-31 23:59:59+00', 'AUTO', TRUE, 'ACTIVE'),
  ('572769b7-2e38-4337-b311-dc4619502d47', '2024-01-15 10:00:00+00', NULL, '542ee4c3-4502-45f8-b83d-d0a37c74763e', '760b3976-7bd0-4485-a0e8-4d14358fd9a9', '68512ca0-3ba2-473f-82ab-2f31b968a27e', 6049.17, 'EUR', '2026-12-31 23:59:59+00', 'AUTO', FALSE, 'ACTIVE'),
  ('2f264d12-25f4-41c7-a55a-8714a2f00eeb', '2024-01-15 10:00:00+00', NULL, '542ee4c3-4502-45f8-b83d-d0a37c74763e', '82d229e9-b350-4329-bdf1-81fa626ff56d', 'e31c5dba-2cac-4b46-9f36-63119c3ce70d', 6024.6, 'EUR', '2026-12-31 23:59:59+00', 'AUTO', FALSE, 'ACTIVE'),
  ('914b944f-2f41-4ef8-a02d-5294e226cfdc', '2024-01-15 10:00:00+00', NULL, '542ee4c3-4502-45f8-b83d-d0a37c74763e', '3de0da7e-306c-4048-afd2-bbb6c2fd7913', '931f066a-bee0-43d5-bb50-a01adeaf66b9', 6233.44, 'EUR', '2026-12-31 23:59:59+00', 'MANUAL', TRUE, 'ACTIVE'),
  ('c47eff88-9284-492b-8a5b-cea88ff533a9', '2024-01-15 10:00:00+00', NULL, '1856854e-9014-4c93-ac30-da900ab6d6dd', 'ee04c68d-1240-4b44-8c92-60af94aabd18', '27df7347-3df3-4ece-8fe1-9cdb95e8e246', 12955.51, 'EUR', '2026-12-31 23:59:59+00', 'AUTO', FALSE, 'ACTIVE'),
  ('e5602ab5-fa3a-4767-bd63-aee064ae0ee2', '2024-01-15 10:00:00+00', NULL, '1856854e-9014-4c93-ac30-da900ab6d6dd', 'c3be43fb-c180-4b84-9596-deb68926688b', '05b2ffe9-c5be-498e-961c-9eb9e4ea21a2', 12923.58, 'EUR', '2026-12-31 23:59:59+00', 'AUTO', TRUE, 'ACTIVE'),
  ('763e53e4-8d08-41cc-8332-5f760f7e6442', '2024-01-15 10:00:00+00', NULL, '1856854e-9014-4c93-ac30-da900ab6d6dd', 'c2af7004-c888-4620-ada4-5a9f37cd8356', 'fc28fdb7-9e99-4099-900c-efa551a2f5f1', 12697.34, 'EUR', '2026-12-31 23:59:59+00', 'MANUAL', FALSE, 'ACTIVE'),
  ('35807c81-96d4-4827-8a97-7808202c62a0', '2024-01-15 10:00:00+00', NULL, 'bdd886a7-7516-47c9-b14e-ad95e8fac4e9', 'bfee85b3-0760-4d75-a8c6-2f9efa3f6bae', '93db3800-4e2f-4015-b735-33bd1ca051ad', 6586.78, 'GBP', '2026-12-31 23:59:59+00', 'MANUAL', FALSE, 'ACTIVE'),
  ('8e007152-a9d9-423b-82ec-6aead74ca1da', '2024-01-15 10:00:00+00', NULL, 'bdd886a7-7516-47c9-b14e-ad95e8fac4e9', '216551ca-0f87-4301-961f-3e5042427b26', '6038516a-9511-4614-93bc-e2454d594526', 5937.47, 'GBP', '2026-12-31 23:59:59+00', 'MANUAL', FALSE, 'ACTIVE'),
  ('53d0e117-0b8d-410d-a640-d61205080f0f', '2024-01-15 10:00:00+00', NULL, 'bdd886a7-7516-47c9-b14e-ad95e8fac4e9', 'fe639291-1ee1-40a9-b303-d72ce367f4af', '4e0448f9-72ff-46e2-9764-c3137db9931f', 6093.39, 'GBP', '2026-12-31 23:59:59+00', 'MANUAL', FALSE, 'ACTIVE'),
  ('52b1d6f3-719c-4fe4-96a8-61fa9c4cb3eb', '2024-01-15 10:00:00+00', NULL, '12d50c33-8682-4fca-af73-f77084e99398', '16c7dbe6-cac0-4dac-a0b6-e85d036114c8', 'd58d4e9a-67ca-464e-b2b7-aa2f25d5c049', 660.23, 'GBP', '2026-12-31 23:59:59+00', 'AUTO', TRUE, 'ACTIVE'),
  ('eaf80e15-f466-4594-9d14-80b5ee7b7e21', '2024-01-15 10:00:00+00', NULL, '12d50c33-8682-4fca-af73-f77084e99398', '483b64cd-e65c-47bb-9fb4-d9171dc4cfa6', 'c21b8fb5-7f8f-49fa-946c-ab2a22b0dfa0', 593.95, 'GBP', '2026-12-31 23:59:59+00', 'MANUAL', TRUE, 'ACTIVE'),
  ('6cc18aec-48af-4058-abc7-1314156908d4', '2024-01-15 10:00:00+00', NULL, '12d50c33-8682-4fca-af73-f77084e99398', 'a5d80929-663a-457b-9dc8-597d13a4b6b9', '1255f818-8906-4c66-9f80-f5b9895200b7', 666.43, 'GBP', '2026-12-31 23:59:59+00', 'MANUAL', FALSE, 'ACTIVE'),
  ('c3c0e26b-f1cf-4850-ba0f-de1c2cec4118', '2024-01-15 10:00:00+00', NULL, '42a77321-4eec-414c-9b8a-d97631b60b13', 'f2ff1981-6625-433b-ad6f-3877d761070a', '3c986f38-c42e-4931-b3a9-ca65f6070931', 597.25, 'USD', '2026-12-31 23:59:59+00', 'AUTO', FALSE, 'ACTIVE'),
  ('9c94f56a-78be-4df2-b589-dc15713c394d', '2024-01-15 10:00:00+00', NULL, '42a77321-4eec-414c-9b8a-d97631b60b13', '483b64cd-e65c-47bb-9fb4-d9171dc4cfa6', 'c0459ccb-21c7-4d2b-9a5f-38882a1ab4df', 622.15, 'USD', '2026-12-31 23:59:59+00', 'MANUAL', FALSE, 'ACTIVE'),
  ('f22a0445-428d-48b4-841a-6d109e8e46bf', '2024-01-15 10:00:00+00', NULL, '42a77321-4eec-414c-9b8a-d97631b60b13', 'bfee85b3-0760-4d75-a8c6-2f9efa3f6bae', 'dcd30a9c-b1cf-4542-8a51-88f585908647', 616.9, 'USD', '2026-12-31 23:59:59+00', 'MANUAL', TRUE, 'ACTIVE'),
  ('f339438e-c178-4e1c-9d86-0b06addb04e6', '2024-01-15 10:00:00+00', NULL, '364351c1-4d5e-4424-a25d-b3276a21f364', '483b64cd-e65c-47bb-9fb4-d9171dc4cfa6', 'c0459ccb-21c7-4d2b-9a5f-38882a1ab4df', 12293.02, 'USD', '2026-12-31 23:59:59+00', 'AUTO', TRUE, 'ACTIVE'),
  ('cd476467-19d7-4283-b63c-5b151b705932', '2024-01-15 10:00:00+00', NULL, '364351c1-4d5e-4424-a25d-b3276a21f364', '8ef9ab9c-7420-48de-be3d-0e24a0bf58a5', '36f5301a-1d74-4b54-acea-752e8c6f3f4a', 12768.02, 'USD', '2026-12-31 23:59:59+00', 'MANUAL', FALSE, 'ACTIVE'),
  ('19b919ba-c411-4b9d-aa8c-63bc588c3965', '2024-01-15 10:00:00+00', NULL, '364351c1-4d5e-4424-a25d-b3276a21f364', '60e569c5-be9a-4f28-b8ef-45ae1269c972', '0df8251a-95ad-414f-9a7d-91cac13d7ad2', 12720.23, 'USD', '2026-12-31 23:59:59+00', 'AUTO', TRUE, 'ACTIVE'),
  ('f8c2e9ec-9617-47b5-b480-2083e678148a', '2024-01-15 10:00:00+00', NULL, '796b3e57-1981-4fd3-b369-67d55e6334a8', '4996c730-5ff9-4726-a4d1-c8ec0e96d867', '79ea5904-8e79-4f8d-b3de-dec8b49edccd', 6251.96, 'EUR', '2026-12-31 23:59:59+00', 'MANUAL', TRUE, 'ACTIVE'),
  ('ca31bde9-21fc-486b-a8a1-ca6b714b6d66', '2024-01-15 10:00:00+00', NULL, '796b3e57-1981-4fd3-b369-67d55e6334a8', '57be48c1-5522-44e7-bcf8-1e631e79a229', '7a4d0e07-b896-480e-a16d-cf014747e66e', 6055.51, 'EUR', '2026-12-31 23:59:59+00', 'MANUAL', TRUE, 'ACTIVE'),
  ('546efd16-6724-4747-b2d6-d5655e371d38', '2024-01-15 10:00:00+00', NULL, '796b3e57-1981-4fd3-b369-67d55e6334a8', 'fe639291-1ee1-40a9-b303-d72ce367f4af', '4e0448f9-72ff-46e2-9764-c3137db9931f', 6024.35, 'EUR', '2026-12-31 23:59:59+00', 'MANUAL', TRUE, 'ACTIVE'),
  ('44211411-73bf-4ffe-98f8-9d17584f7012', '2024-01-15 10:00:00+00', NULL, '7a9e36ac-d652-4819-8eb2-03700e177da7', '3915a226-2d4e-41d2-9e8b-29af03e6c5ed', 'c22bc7a5-eb1c-499f-96a9-78f6d5250989', 6395.62, 'EUR', '2026-12-31 23:59:59+00', 'AUTO', FALSE, 'ACTIVE'),
  ('08cd49e6-d591-4797-9965-f076c3e13808', '2024-01-15 10:00:00+00', NULL, '7a9e36ac-d652-4819-8eb2-03700e177da7', '216551ca-0f87-4301-961f-3e5042427b26', 'b6d56c08-aaf2-407c-8b6b-d3c7a28157fe', 6267.58, 'EUR', '2026-12-31 23:59:59+00', 'MANUAL', TRUE, 'ACTIVE'),
  ('af7820b4-5bf4-4356-a5be-804869ba52b3', '2024-01-15 10:00:00+00', NULL, '7a9e36ac-d652-4819-8eb2-03700e177da7', '11d5a311-53e9-4c70-b80d-ec269a067974', 'ac6caa7f-8233-4747-85a7-72934031d904', 6540.22, 'EUR', '2026-12-31 23:59:59+00', 'MANUAL', FALSE, 'ACTIVE'),
  ('bcbca7e4-fd7d-4bd2-a257-ca058a36dacc', '2024-01-15 10:00:00+00', NULL, '964ea9db-46fc-4aa3-b64f-2d0d8fbf15b7', 'aabac92b-dbea-4ac3-9b75-cc6ca52f8cb5', '09f5d0b7-d1ad-439f-8e66-2eebd336f1e0', 650.62, 'GBP', '2026-12-31 23:59:59+00', 'AUTO', TRUE, 'ACTIVE'),
  ('6e7224f2-4b9c-4eba-a942-b6c1e74c98fd', '2024-01-15 10:00:00+00', NULL, '964ea9db-46fc-4aa3-b64f-2d0d8fbf15b7', '8c01599a-5a96-4e26-aa9e-bcb1ec84816f', 'f96c6055-5f9f-4d44-b45c-997888f2492b', 660.17, 'GBP', '2026-12-31 23:59:59+00', 'MANUAL', FALSE, 'ACTIVE'),
  ('88b2c224-68a1-464d-947d-3affec30e3f4', '2024-01-15 10:00:00+00', NULL, '964ea9db-46fc-4aa3-b64f-2d0d8fbf15b7', 'fe639291-1ee1-40a9-b303-d72ce367f4af', 'e11f1c7a-7841-4efb-ad17-8480a78fb454', 613.75, 'GBP', '2026-12-31 23:59:59+00', 'MANUAL', FALSE, 'ACTIVE'),
  ('066ad204-ede7-41e7-ad83-c9ed9775b5f1', '2024-01-15 10:00:00+00', NULL, '4a073088-d961-4928-aad9-b0fdbb9e20f9', '80cf3f89-7bf4-4e52-b595-9eb0c589f55c', '45f94d60-c58f-4091-8674-8b3e2e6b887f', 1259.45, 'GBP', '2026-12-31 23:59:59+00', 'AUTO', FALSE, 'ACTIVE'),
  ('9add5a76-ec02-4a41-b51a-1ad016a085e5', '2024-01-15 10:00:00+00', NULL, '4a073088-d961-4928-aad9-b0fdbb9e20f9', '58da756b-c210-4be4-8d20-57a11f74967c', 'aa3f3ce6-e99b-4b8e-b191-4bd30f5b446e', 1333.89, 'GBP', '2026-12-31 23:59:59+00', 'MANUAL', TRUE, 'ACTIVE'),
  ('5276ad1b-2486-45c0-aadd-8d10c9764adf', '2024-01-15 10:00:00+00', NULL, '4a073088-d961-4928-aad9-b0fdbb9e20f9', '918cb86a-a675-4079-b530-7ba7d7017cd3', '93f347b2-5ac6-4c72-8090-1abb9ef84447', 1282.24, 'GBP', '2026-12-31 23:59:59+00', 'AUTO', FALSE, 'ACTIVE'),
  ('dcce5507-b1a7-40b6-9206-a1f2b2437673', '2024-01-15 10:00:00+00', NULL, '50086624-3b16-44c2-bd2a-c863bf6b68ea', 'c5a892c6-65b0-42ff-af62-c87161b26402', 'fcdb449c-a93b-477a-a106-7825d5eb57f9', 699.57, 'USD', '2026-12-31 23:59:59+00', 'MANUAL', FALSE, 'ACTIVE'),
  ('25fea75b-3410-4779-96ff-5d613ecc3458', '2024-01-15 10:00:00+00', NULL, '50086624-3b16-44c2-bd2a-c863bf6b68ea', '4996c730-5ff9-4726-a4d1-c8ec0e96d867', '79ea5904-8e79-4f8d-b3de-dec8b49edccd', 642.38, 'USD', '2026-12-31 23:59:59+00', 'AUTO', FALSE, 'ACTIVE'),
  ('83f6f95f-bee8-408a-8518-1a33b226b67a', '2024-01-15 10:00:00+00', NULL, '50086624-3b16-44c2-bd2a-c863bf6b68ea', '7d318183-3790-4515-8d05-d383d100fb2d', 'd0ddf6fe-9329-42e7-b853-0fc871130e2d', 673.64, 'USD', '2026-12-31 23:59:59+00', 'AUTO', FALSE, 'ACTIVE'),
  ('cf0d6db4-4b9f-4dd5-bfc4-d0e3d5788bb4', '2024-01-15 10:00:00+00', NULL, '58bf04c5-5489-4d4b-8542-f64e1a27f45d', 'c5a892c6-65b0-42ff-af62-c87161b26402', '83793466-53e1-4c98-8d46-0fdae6ae7e3f', 691.52, 'USD', '2026-12-31 23:59:59+00', 'MANUAL', TRUE, 'ACTIVE'),
  ('10739105-ded3-4111-8a56-bcaf5d454481', '2024-01-15 10:00:00+00', NULL, '58bf04c5-5489-4d4b-8542-f64e1a27f45d', '19c3da0c-f9f2-489d-b7c0-f11c8c948057', 'f0ca6d0a-3750-4f4b-a53d-03eb5b1eea45', 645.5, 'USD', '2026-12-31 23:59:59+00', 'AUTO', FALSE, 'ACTIVE'),
  ('4283df28-7a37-4589-9f5e-57389e250766', '2024-01-15 10:00:00+00', NULL, '58bf04c5-5489-4d4b-8542-f64e1a27f45d', '58da756b-c210-4be4-8d20-57a11f74967c', 'aa3f3ce6-e99b-4b8e-b191-4bd30f5b446e', 701.52, 'USD', '2026-12-31 23:59:59+00', 'AUTO', FALSE, 'ACTIVE'),
  ('f8730be8-6284-4d56-945f-191ae664f898', '2024-01-15 10:00:00+00', NULL, '8d2d14e1-9823-4d73-a5f8-23a409646f27', 'c2af7004-c888-4620-ada4-5a9f37cd8356', 'fc28fdb7-9e99-4099-900c-efa551a2f5f1', 12713.29, 'EUR', '2026-12-31 23:59:59+00', 'MANUAL', TRUE, 'ACTIVE'),
  ('cbfbf1de-5895-4998-a6ad-baab9f3875eb', '2024-01-15 10:00:00+00', NULL, '8d2d14e1-9823-4d73-a5f8-23a409646f27', '7472e5e1-020d-47d8-a3f0-b91b02f1a9fb', 'b4f4f7c9-71b2-4380-aa60-796890ebbb0b', 13767.14, 'EUR', '2026-12-31 23:59:59+00', 'AUTO', TRUE, 'ACTIVE'),
  ('3dae3538-fa54-4ec6-b72d-db93a415da24', '2024-01-15 10:00:00+00', NULL, '8d2d14e1-9823-4d73-a5f8-23a409646f27', '58da756b-c210-4be4-8d20-57a11f74967c', 'aa3f3ce6-e99b-4b8e-b191-4bd30f5b446e', 13451.27, 'EUR', '2026-12-31 23:59:59+00', 'AUTO', FALSE, 'ACTIVE'),
  ('c849bbd5-352d-42bd-848c-692b10e01f02', '2024-01-15 10:00:00+00', NULL, 'f1868aff-3f9c-4086-8292-6169cd5b358a', '483b64cd-e65c-47bb-9fb4-d9171dc4cfa6', 'c21b8fb5-7f8f-49fa-946c-ab2a22b0dfa0', 6959.62, 'EUR', '2026-12-31 23:59:59+00', 'AUTO', TRUE, 'ACTIVE'),
  ('da8376a3-adbf-4b11-9394-557cf83bd44d', '2024-01-15 10:00:00+00', NULL, 'f1868aff-3f9c-4086-8292-6169cd5b358a', '760b3976-7bd0-4485-a0e8-4d14358fd9a9', 'fdb0662e-d1f3-4cb7-889b-07509ef2efb9', 6517.29, 'EUR', '2026-12-31 23:59:59+00', 'MANUAL', TRUE, 'ACTIVE'),
  ('162c79ad-dbc5-4db0-9db3-6d8680fae2ea', '2024-01-15 10:00:00+00', NULL, 'f1868aff-3f9c-4086-8292-6169cd5b358a', 'd2479b5c-cf9b-4d7b-a787-8de472ad7254', '58208b53-b8fe-4679-a53e-cf744b41634d', 6871.01, 'EUR', '2026-12-31 23:59:59+00', 'AUTO', FALSE, 'ACTIVE'),
  ('e95429ea-71de-4448-9489-1ebe6925cee6', '2024-01-15 10:00:00+00', NULL, '63a76c56-b38e-46c4-9573-adbf8a89eb7c', '5f112412-9ede-4383-a1ef-eab94eccfe53', '473a2273-2849-4add-b385-b8503f3e959c', 6746.96, 'GBP', '2026-12-31 23:59:59+00', 'MANUAL', FALSE, 'ACTIVE'),
  ('32d822a5-1e49-41b0-97d4-96b2f0e7f056', '2024-01-15 10:00:00+00', NULL, '63a76c56-b38e-46c4-9573-adbf8a89eb7c', '78d935fd-b8af-4fc1-90dd-0ba5753b6040', 'c2fe922c-3eee-4309-98bb-9228c39398a8', 7024.79, 'GBP', '2026-12-31 23:59:59+00', 'AUTO', TRUE, 'ACTIVE'),
  ('b7af3c8d-b42c-4652-a87b-2e89bfc80cce', '2024-01-15 10:00:00+00', NULL, '63a76c56-b38e-46c4-9573-adbf8a89eb7c', '7d318183-3790-4515-8d05-d383d100fb2d', 'b57017b7-21a4-4136-8731-d265e105eb42', 6484.13, 'GBP', '2026-12-31 23:59:59+00', 'AUTO', TRUE, 'ACTIVE'),
  ('5c58d3fd-d9c4-4818-a5b2-63873f8d4515', '2024-01-15 10:00:00+00', NULL, 'ce425b76-16bc-4579-a887-2a58c00bdcc4', '4917a676-9ecf-4158-8085-b15ec69cd79e', 'f60dadd8-d42f-4e7e-8d04-a6a464d01697', 6826.69, 'GBP', '2026-12-31 23:59:59+00', 'AUTO', TRUE, 'ACTIVE'),
  ('3ce7330e-7e22-4abe-82fd-1153b635345c', '2024-01-15 10:00:00+00', NULL, 'ce425b76-16bc-4579-a887-2a58c00bdcc4', 'abd24e13-4d92-4b91-b428-bcccfd6443ca', 'e938df54-365b-4e31-bb10-e23ece63a3b4', 7395.06, 'GBP', '2026-12-31 23:59:59+00', 'MANUAL', FALSE, 'ACTIVE'),
  ('77315061-144c-4ece-89cf-21d1e8e29c95', '2024-01-15 10:00:00+00', NULL, 'ce425b76-16bc-4579-a887-2a58c00bdcc4', '11d5a311-53e9-4c70-b80d-ec269a067974', 'ac6caa7f-8233-4747-85a7-72934031d904', 6805.39, 'GBP', '2026-12-31 23:59:59+00', 'MANUAL', TRUE, 'ACTIVE'),
  ('4ad02d46-cdaa-4a11-830b-9a738876f887', '2024-01-15 10:00:00+00', NULL, '1635ada6-23d7-4cef-bbb7-da44f5b7fa9e', '10df12f8-e545-4935-bb53-bc16b220df2a', '60c1175a-f470-4157-b405-5cff35ae56d1', 710.68, 'USD', '2026-12-31 23:59:59+00', 'MANUAL', TRUE, 'ACTIVE'),
  ('e3d5795c-d5d9-4b46-bfb2-ca65a13dbae5', '2024-01-15 10:00:00+00', NULL, '1635ada6-23d7-4cef-bbb7-da44f5b7fa9e', '3915a226-2d4e-41d2-9e8b-29af03e6c5ed', '683193ce-5b5c-4841-82ca-54eae3ac8ec3', 685.29, 'USD', '2026-12-31 23:59:59+00', 'AUTO', TRUE, 'ACTIVE'),
  ('a732bce2-201d-4d56-a2cd-45934bbd177b', '2024-01-15 10:00:00+00', NULL, '1635ada6-23d7-4cef-bbb7-da44f5b7fa9e', 'bfee85b3-0760-4d75-a8c6-2f9efa3f6bae', 'dcd30a9c-b1cf-4542-8a51-88f585908647', 737.71, 'USD', '2026-12-31 23:59:59+00', 'MANUAL', FALSE, 'ACTIVE'),
  ('a22cbbdc-ee4e-4446-b4ba-eb8e87a4a8f0', '2024-01-15 10:00:00+00', NULL, 'd2df677a-6679-413a-91cc-c7a2b6fffbaa', '3915a226-2d4e-41d2-9e8b-29af03e6c5ed', 'c22bc7a5-eb1c-499f-96a9-78f6d5250989', 1479.69, 'USD', '2026-12-31 23:59:59+00', 'AUTO', TRUE, 'ACTIVE'),
  ('f9f868e2-f333-4cbd-b49e-43488e18eebf', '2024-01-15 10:00:00+00', NULL, 'd2df677a-6679-413a-91cc-c7a2b6fffbaa', 'fe04ab7f-34ef-49a7-b094-a5b1f7416279', '73e076ac-7f1d-4b60-8af0-e1225f886d97', 1446.47, 'USD', '2026-12-31 23:59:59+00', 'AUTO', TRUE, 'ACTIVE'),
  ('afa4a122-2780-4b22-b3e7-3fd1661642ef', '2024-01-15 10:00:00+00', NULL, 'd2df677a-6679-413a-91cc-c7a2b6fffbaa', 'c2af7004-c888-4620-ada4-5a9f37cd8356', '7cb16a94-479a-4405-b4a7-686727f2c47f', 1355.53, 'USD', '2026-12-31 23:59:59+00', 'AUTO', TRUE, 'ACTIVE'),
  ('7ea0da3f-b7d4-4bb0-a23c-da2975259f07', '2024-01-15 10:00:00+00', NULL, '30517eaa-8518-4ac6-a4d7-694d4b4a4a01', '8c01599a-5a96-4e26-aa9e-bcb1ec84816f', 'ef2b73af-d7f5-4b8f-b83a-15df16822e40', 1502.47, 'EUR', '2026-12-31 23:59:59+00', 'MANUAL', TRUE, 'ACTIVE'),
  ('3ae6ff6a-3ce3-446b-82bf-3fdb3cc6b914', '2024-01-15 10:00:00+00', NULL, '30517eaa-8518-4ac6-a4d7-694d4b4a4a01', 'ddcf50f1-7ed5-4b8f-9e42-29f745ded79e', '87392c18-869f-4a95-aa40-c1de388e6c43', 1368.59, 'EUR', '2026-12-31 23:59:59+00', 'AUTO', FALSE, 'ACTIVE'),
  ('0b2eaed2-448f-49a4-b0b9-2342b9b2c202', '2024-01-15 10:00:00+00', NULL, '30517eaa-8518-4ac6-a4d7-694d4b4a4a01', 'dd3bfd77-7bce-4e83-91a1-9d5b9ba6fb7a', 'c3f6ccc1-6c7d-4531-a306-3e558ffc3341', 1490.52, 'EUR', '2026-12-31 23:59:59+00', 'AUTO', FALSE, 'ACTIVE'),
  ('87c6f6d4-f9b6-4db0-bb71-7b5b431a5e1f', '2024-01-15 10:00:00+00', NULL, 'b4198cf7-bbce-4448-aa65-22feb2b34385', '483b64cd-e65c-47bb-9fb4-d9171dc4cfa6', 'c21b8fb5-7f8f-49fa-946c-ab2a22b0dfa0', 14901.97, 'EUR', '2026-12-31 23:59:59+00', 'MANUAL', TRUE, 'ACTIVE'),
  ('c93ebc5a-3d51-4faa-924a-fa5299b1b321', '2024-01-15 10:00:00+00', NULL, 'b4198cf7-bbce-4448-aa65-22feb2b34385', '78d935fd-b8af-4fc1-90dd-0ba5753b6040', '5dd5fd56-0a08-4958-9887-ca12c3589b5c', 14944.73, 'EUR', '2026-12-31 23:59:59+00', 'AUTO', TRUE, 'ACTIVE'),
  ('5f8267b3-cef4-4e2f-ab57-a93f3e707d89', '2024-01-15 10:00:00+00', NULL, 'b4198cf7-bbce-4448-aa65-22feb2b34385', '58da756b-c210-4be4-8d20-57a11f74967c', 'be68b0f8-99d3-4b42-9b4d-644949b2af28', 14648.9, 'EUR', '2026-12-31 23:59:59+00', 'MANUAL', TRUE, 'ACTIVE'),
  ('c51f46ed-e5e2-4388-8d06-f74c26b80bb7', '2024-01-15 10:00:00+00', NULL, '24a15af8-c159-4e4c-8a65-a163ef8bdc17', 'b8e22350-b981-47aa-b687-5d716bd3bee9', 'ffed17bc-5ffa-4c09-a963-48a03e4772e2', 1399.08, 'GBP', '2026-12-31 23:59:59+00', 'AUTO', FALSE, 'ACTIVE'),
  ('6251750e-eae4-4381-bf7f-25acab189bde', '2024-01-15 10:00:00+00', NULL, '24a15af8-c159-4e4c-8a65-a163ef8bdc17', '5f112412-9ede-4383-a1ef-eab94eccfe53', '473a2273-2849-4add-b385-b8503f3e959c', 1499.98, 'GBP', '2026-12-31 23:59:59+00', 'AUTO', TRUE, 'ACTIVE'),
  ('3a9c89ba-206a-4179-8c23-fb4273f48f1e', '2024-01-15 10:00:00+00', NULL, '24a15af8-c159-4e4c-8a65-a163ef8bdc17', '7d318183-3790-4515-8d05-d383d100fb2d', 'd0ddf6fe-9329-42e7-b853-0fc871130e2d', 1497.33, 'GBP', '2026-12-31 23:59:59+00', 'MANUAL', TRUE, 'ACTIVE'),
  ('a124f60f-a785-47ba-8181-703c6a273007', '2024-01-15 10:00:00+00', NULL, '78a0103f-d29a-4f0f-82a4-9cd0229399e1', 'ddcf50f1-7ed5-4b8f-9e42-29f745ded79e', '87392c18-869f-4a95-aa40-c1de388e6c43', 705.52, 'GBP', '2026-12-31 23:59:59+00', 'AUTO', FALSE, 'ACTIVE'),
  ('d4de8cd2-e29c-4f8a-b85f-b30302e3f84d', '2024-01-15 10:00:00+00', NULL, '78a0103f-d29a-4f0f-82a4-9cd0229399e1', '3817158e-ebec-495a-9fe7-c53bacbc09c9', '1756ea9d-5d0b-46b9-8026-a1263663ade0', 713.29, 'GBP', '2026-12-31 23:59:59+00', 'AUTO', TRUE, 'ACTIVE'),
  ('0ee55fbe-22a8-45c0-b7c2-3b9cbf469ec2', '2024-01-15 10:00:00+00', NULL, '78a0103f-d29a-4f0f-82a4-9cd0229399e1', 'a86d619e-c708-44db-9398-11590accdd13', '0aa269c8-c116-4f7e-a837-f414b1ab1e49', 757.63, 'GBP', '2026-12-31 23:59:59+00', 'AUTO', FALSE, 'ACTIVE'),
  ('1c703a11-3beb-4fd7-887a-d1db1aba2478', '2024-01-15 10:00:00+00', NULL, 'f35f19e1-0104-4762-930d-a1aff6d3289a', 'c3be43fb-c180-4b84-9596-deb68926688b', '05b2ffe9-c5be-498e-961c-9eb9e4ea21a2', 725.48, 'USD', '2026-12-31 23:59:59+00', 'AUTO', TRUE, 'ACTIVE'),
  ('9bf58384-03ee-479a-8a85-61ec23206c1b', '2024-01-15 10:00:00+00', NULL, 'f35f19e1-0104-4762-930d-a1aff6d3289a', '918cb86a-a675-4079-b530-7ba7d7017cd3', '0163b10c-a954-40b6-909b-f151df3f5141', 707.41, 'USD', '2026-12-31 23:59:59+00', 'AUTO', TRUE, 'ACTIVE'),
  ('77745431-854e-4d16-a26d-970fdb3a8b1d', '2024-01-15 10:00:00+00', NULL, 'f35f19e1-0104-4762-930d-a1aff6d3289a', '3915a226-2d4e-41d2-9e8b-29af03e6c5ed', 'c22bc7a5-eb1c-499f-96a9-78f6d5250989', 693.83, 'USD', '2026-12-31 23:59:59+00', 'MANUAL', FALSE, 'ACTIVE'),
  ('09c1f979-7882-4cf4-a592-43c4f46af8f5', '2024-01-15 10:00:00+00', NULL, 'baecb806-5dfd-4864-8a87-51aa9dfef0bd', '4996c730-5ff9-4726-a4d1-c8ec0e96d867', 'ef10bdd9-8216-4ad1-8ab7-1eece939fccc', 15088.56, 'USD', '2026-12-31 23:59:59+00', 'MANUAL', FALSE, 'ACTIVE'),
  ('89dc19bc-2ae7-48b6-b5e6-2cd9af40b9c4', '2024-01-15 10:00:00+00', NULL, 'baecb806-5dfd-4864-8a87-51aa9dfef0bd', '3817158e-ebec-495a-9fe7-c53bacbc09c9', '986045ee-5b05-44c7-9d21-ff6703dc0b56', 15008.19, 'USD', '2026-12-31 23:59:59+00', 'AUTO', TRUE, 'ACTIVE'),
  ('677b3b26-8878-44ee-8adf-87cc54acfc1f', '2024-01-15 10:00:00+00', NULL, 'baecb806-5dfd-4864-8a87-51aa9dfef0bd', 'a5d80929-663a-457b-9dc8-597d13a4b6b9', '5a3e0e1c-47d3-4f72-b65e-5df6b6b166a5', 15240.11, 'USD', '2026-12-31 23:59:59+00', 'MANUAL', FALSE, 'ACTIVE'),
  ('6691b933-966d-43f4-9393-8f69fb3b5359', '2024-01-15 10:00:00+00', NULL, 'b3b3d048-c498-4f07-afda-17cfe1a31597', '80cf3f89-7bf4-4e52-b595-9eb0c589f55c', '45f94d60-c58f-4091-8674-8b3e2e6b887f', 1422.86, 'EUR', '2026-12-31 23:59:59+00', 'AUTO', TRUE, 'ACTIVE'),
  ('903ef549-e3ee-4428-b2ff-9253429d2658', '2024-01-15 10:00:00+00', NULL, 'b3b3d048-c498-4f07-afda-17cfe1a31597', '57be48c1-5522-44e7-bcf8-1e631e79a229', '7a4d0e07-b896-480e-a16d-cf014747e66e', 1400.09, 'EUR', '2026-12-31 23:59:59+00', 'AUTO', FALSE, 'ACTIVE'),
  ('e8aa83c7-ef87-432e-b5af-8d746d0ea74b', '2024-01-15 10:00:00+00', NULL, 'b3b3d048-c498-4f07-afda-17cfe1a31597', 'a5d80929-663a-457b-9dc8-597d13a4b6b9', '1255f818-8906-4c66-9f80-f5b9895200b7', 1395.49, 'EUR', '2026-12-31 23:59:59+00', 'MANUAL', TRUE, 'ACTIVE'),
  ('879becdf-201b-424c-adc2-e6e463a3928c', '2024-01-15 10:00:00+00', NULL, 'a3f1e0f0-6960-4189-9748-c69a6ba0a565', 'd40c8145-4e71-4ffc-bd67-19fd12381f14', '48430a6a-61aa-4140-82fe-93ad5380b3ed', 7799.71, 'EUR', '2026-12-31 23:59:59+00', 'MANUAL', FALSE, 'ACTIVE'),
  ('c6fa85c5-8bb4-4ddb-9846-389c96b38d65', '2024-01-15 10:00:00+00', NULL, 'a3f1e0f0-6960-4189-9748-c69a6ba0a565', 'aabac92b-dbea-4ac3-9b75-cc6ca52f8cb5', '09f5d0b7-d1ad-439f-8e66-2eebd336f1e0', 7783.27, 'EUR', '2026-12-31 23:59:59+00', 'MANUAL', FALSE, 'ACTIVE'),
  ('3cc857e2-1d5d-42f4-b98c-0aaf32ecaf69', '2024-01-15 10:00:00+00', NULL, 'a3f1e0f0-6960-4189-9748-c69a6ba0a565', '6ff8d2e2-6244-4019-bc34-39bd9b9b5f88', 'ed9c2b82-3a28-4bfb-be26-0e8bc6e60dd7', 7565.45, 'EUR', '2026-12-31 23:59:59+00', 'AUTO', TRUE, 'ACTIVE'),
  ('05a854cf-bedf-4eb2-a200-3b9e24d45b0f', '2024-01-15 10:00:00+00', NULL, 'c591c069-cef8-4627-9eba-31828a9c4af4', 'ee04c68d-1240-4b44-8c92-60af94aabd18', '695c00b1-2c83-47b7-9157-dae3fbb251ab', 15296.51, 'GBP', '2026-12-31 23:59:59+00', 'AUTO', FALSE, 'ACTIVE'),
  ('60026b6b-3ca2-484d-ae57-a21f5e4de4b2', '2024-01-15 10:00:00+00', NULL, 'c591c069-cef8-4627-9eba-31828a9c4af4', '58da756b-c210-4be4-8d20-57a11f74967c', 'aa3f3ce6-e99b-4b8e-b191-4bd30f5b446e', 14147.45, 'GBP', '2026-12-31 23:59:59+00', 'AUTO', FALSE, 'ACTIVE'),
  ('929bd5ef-6af7-4bc5-8243-220602f1a916', '2024-01-15 10:00:00+00', NULL, 'c591c069-cef8-4627-9eba-31828a9c4af4', '918cb86a-a675-4079-b530-7ba7d7017cd3', '0163b10c-a954-40b6-909b-f151df3f5141', 15787.35, 'GBP', '2026-12-31 23:59:59+00', 'MANUAL', TRUE, 'ACTIVE'),
  ('df3d2665-1ee9-41b6-9cbc-56a01748c49b', '2024-01-15 10:00:00+00', NULL, '3050b8a7-5c46-43a3-8ceb-5e4826cd9977', '6c4142b1-7c78-40dd-aeaa-7e3fbc4c1d83', '444b6d7b-4fcb-4e3e-87d4-1264562e4f22', 14776.49, 'GBP', '2026-12-31 23:59:59+00', 'AUTO', FALSE, 'ACTIVE'),
  ('ca08584e-4e91-4b4d-8ca3-0551cf0bc608', '2024-01-15 10:00:00+00', NULL, '3050b8a7-5c46-43a3-8ceb-5e4826cd9977', 'a86d619e-c708-44db-9398-11590accdd13', '5377c5ef-dc6a-454c-9d14-aab3a5e34969', 15976.96, 'GBP', '2026-12-31 23:59:59+00', 'MANUAL', FALSE, 'ACTIVE'),
  ('8803a890-8643-487f-973c-4683655429bd', '2024-01-15 10:00:00+00', NULL, '3050b8a7-5c46-43a3-8ceb-5e4826cd9977', 'da0407c1-80fe-46eb-ba4a-d97f47d147b2', '507f18b6-c14c-4dea-b4b9-40df2cfd3ab5', 15136.42, 'GBP', '2026-12-31 23:59:59+00', 'MANUAL', TRUE, 'ACTIVE'),
  ('343ac159-12d5-4435-b083-423c4e9ed178', '2024-01-15 10:00:00+00', NULL, '84441e51-0499-47b4-8ada-56a31b35a372', '4917a676-9ecf-4158-8085-b15ec69cd79e', 'e8835d68-85ee-475b-8e2f-77966cbd14d5', 1563.65, 'USD', '2026-12-31 23:59:59+00', 'MANUAL', TRUE, 'ACTIVE'),
  ('460b632a-f951-4311-95c3-372ad5a4b2a3', '2024-01-15 10:00:00+00', NULL, '84441e51-0499-47b4-8ada-56a31b35a372', '10df12f8-e545-4935-bb53-bc16b220df2a', '7ed59d85-fc32-40a8-84e2-cff85bfbf23b', 1585.03, 'USD', '2026-12-31 23:59:59+00', 'MANUAL', FALSE, 'ACTIVE'),
  ('ca2a4590-0cff-4acc-8b88-9dd64e4bc74c', '2024-01-15 10:00:00+00', NULL, '84441e51-0499-47b4-8ada-56a31b35a372', 'b0e6362f-ab7a-4388-b2c4-2f19cccac08d', 'ce1e0f55-c96c-4563-8cb9-50bcd3d1ef42', 1534.91, 'USD', '2026-12-31 23:59:59+00', 'MANUAL', FALSE, 'ACTIVE'),
  ('5abf6bd8-b417-4af6-b8db-e63f30578db0', '2024-01-15 10:00:00+00', NULL, '924e99a0-adde-4eeb-bd2a-13bda44ab52b', '7472e5e1-020d-47d8-a3f0-b91b02f1a9fb', '643789d7-921b-43a2-885a-a95910a811a1', 7685.24, 'USD', '2026-12-31 23:59:59+00', 'MANUAL', FALSE, 'ACTIVE'),
  ('e68bce45-38f1-4465-9f85-9ac17df137f2', '2024-01-15 10:00:00+00', NULL, '924e99a0-adde-4eeb-bd2a-13bda44ab52b', 'bfee85b3-0760-4d75-a8c6-2f9efa3f6bae', 'dcd30a9c-b1cf-4542-8a51-88f585908647', 7591.44, 'USD', '2026-12-31 23:59:59+00', 'AUTO', TRUE, 'ACTIVE'),
  ('57b5e348-d2c5-4683-96f7-cf19f0be2fb6', '2024-01-15 10:00:00+00', NULL, '924e99a0-adde-4eeb-bd2a-13bda44ab52b', '16c7dbe6-cac0-4dac-a0b6-e85d036114c8', 'd58d4e9a-67ca-464e-b2b7-aa2f25d5c049', 7853.16, 'USD', '2026-12-31 23:59:59+00', 'MANUAL', FALSE, 'ACTIVE'),
  ('17edd2c4-06ad-4441-92c5-c4bbd20ca5fe', '2024-01-15 10:00:00+00', NULL, '4871e293-7982-4cfc-8738-667dcd866a05', '3817158e-ebec-495a-9fe7-c53bacbc09c9', '986045ee-5b05-44c7-9d21-ff6703dc0b56', 15206.26, 'EUR', '2026-12-31 23:59:59+00', 'AUTO', TRUE, 'ACTIVE'),
  ('1ae8557d-70f3-4a34-b924-aee7b603dc2f', '2024-01-15 10:00:00+00', NULL, '4871e293-7982-4cfc-8738-667dcd866a05', 'c2af7004-c888-4620-ada4-5a9f37cd8356', '7cb16a94-479a-4405-b4a7-686727f2c47f', 16171.15, 'EUR', '2026-12-31 23:59:59+00', 'MANUAL', FALSE, 'ACTIVE'),
  ('83fc7abb-631f-4d7c-b79d-7ebd6e55a35e', '2024-01-15 10:00:00+00', NULL, '4871e293-7982-4cfc-8738-667dcd866a05', 'bfee85b3-0760-4d75-a8c6-2f9efa3f6bae', '93db3800-4e2f-4015-b735-33bd1ca051ad', 14953.16, 'EUR', '2026-12-31 23:59:59+00', 'MANUAL', FALSE, 'ACTIVE'),
  ('a64e9edb-b467-4440-8150-9f55bf842bfe', '2024-01-15 10:00:00+00', NULL, 'a575fab5-a14e-4a6d-8a3b-59641d80297f', '483b64cd-e65c-47bb-9fb4-d9171dc4cfa6', 'c0459ccb-21c7-4d2b-9a5f-38882a1ab4df', 16056.99, 'EUR', '2026-12-31 23:59:59+00', 'MANUAL', FALSE, 'ACTIVE'),
  ('fb30b0e9-9848-4242-8edf-d4606ce8d1d0', '2024-01-15 10:00:00+00', NULL, 'a575fab5-a14e-4a6d-8a3b-59641d80297f', '8c01599a-5a96-4e26-aa9e-bcb1ec84816f', 'ef2b73af-d7f5-4b8f-b83a-15df16822e40', 15845.03, 'EUR', '2026-12-31 23:59:59+00', 'MANUAL', FALSE, 'ACTIVE'),
  ('422073e3-0557-4247-8c8e-4c680a3199e6', '2024-01-15 10:00:00+00', NULL, 'a575fab5-a14e-4a6d-8a3b-59641d80297f', '8ef9ab9c-7420-48de-be3d-0e24a0bf58a5', '36f5301a-1d74-4b54-acea-752e8c6f3f4a', 15191.22, 'EUR', '2026-12-31 23:59:59+00', 'AUTO', FALSE, 'ACTIVE'),
  ('d5ebf7f3-3222-418d-9c15-65b5ac0e1c40', '2024-01-15 10:00:00+00', NULL, 'fa89aaac-86fb-49d1-a982-f99da32020a9', 'b0e6362f-ab7a-4388-b2c4-2f19cccac08d', '1d2c9f61-6a3b-4c7e-9788-48578c851b52', 1652.97, 'GBP', '2026-12-31 23:59:59+00', 'AUTO', FALSE, 'ACTIVE'),
  ('0b68aa4a-799f-4d23-80ff-4b078eaf108d', '2024-01-15 10:00:00+00', NULL, 'fa89aaac-86fb-49d1-a982-f99da32020a9', '19c3da0c-f9f2-489d-b7c0-f11c8c948057', 'f0ca6d0a-3750-4f4b-a53d-03eb5b1eea45', 1610.73, 'GBP', '2026-12-31 23:59:59+00', 'AUTO', TRUE, 'ACTIVE'),
  ('b939cbbd-c71c-4f56-9bcf-4508f2492fb9', '2024-01-15 10:00:00+00', NULL, 'fa89aaac-86fb-49d1-a982-f99da32020a9', '7d318183-3790-4515-8d05-d383d100fb2d', 'b57017b7-21a4-4136-8731-d265e105eb42', 1608.71, 'GBP', '2026-12-31 23:59:59+00', 'MANUAL', FALSE, 'ACTIVE'),
  ('fef898c8-e02b-4582-a6fc-2d6b66da31b6', '2024-01-15 10:00:00+00', NULL, 'e87a3f94-03f5-4082-9384-1b48808ed78d', '3915a226-2d4e-41d2-9e8b-29af03e6c5ed', '683193ce-5b5c-4841-82ca-54eae3ac8ec3', 836.44, 'GBP', '2026-12-31 23:59:59+00', 'MANUAL', TRUE, 'ACTIVE'),
  ('4190183a-eb8f-46c0-8436-1f4f2003ca62', '2024-01-15 10:00:00+00', NULL, 'e87a3f94-03f5-4082-9384-1b48808ed78d', 'c2af7004-c888-4620-ada4-5a9f37cd8356', 'fc28fdb7-9e99-4099-900c-efa551a2f5f1', 812.85, 'GBP', '2026-12-31 23:59:59+00', 'AUTO', TRUE, 'ACTIVE'),
  ('50494f73-5292-4400-b411-e072103999fb', '2024-01-15 10:00:00+00', NULL, 'e87a3f94-03f5-4082-9384-1b48808ed78d', '78d935fd-b8af-4fc1-90dd-0ba5753b6040', 'c2fe922c-3eee-4309-98bb-9228c39398a8', 835.69, 'GBP', '2026-12-31 23:59:59+00', 'AUTO', TRUE, 'ACTIVE'),
  ('a0a4d2f3-aa7b-493d-aad0-ddac25dbe7a5', '2024-01-15 10:00:00+00', NULL, 'de52d315-0e66-4155-9c56-10205af55a7a', '918cb86a-a675-4079-b530-7ba7d7017cd3', '93f347b2-5ac6-4c72-8090-1abb9ef84447', 796.59, 'USD', '2026-12-31 23:59:59+00', 'AUTO', TRUE, 'ACTIVE'),
  ('0d446a30-0082-4cbf-84e9-7e8dbc708f43', '2024-01-15 10:00:00+00', NULL, 'de52d315-0e66-4155-9c56-10205af55a7a', 'c5a892c6-65b0-42ff-af62-c87161b26402', 'fcdb449c-a93b-477a-a106-7825d5eb57f9', 768.79, 'USD', '2026-12-31 23:59:59+00', 'MANUAL', FALSE, 'ACTIVE'),
  ('16b30139-4172-4083-b343-3a48078c9989', '2024-01-15 10:00:00+00', NULL, 'de52d315-0e66-4155-9c56-10205af55a7a', 'b0e6362f-ab7a-4388-b2c4-2f19cccac08d', '1d2c9f61-6a3b-4c7e-9788-48578c851b52', 792.37, 'USD', '2026-12-31 23:59:59+00', 'AUTO', TRUE, 'ACTIVE'),
  ('cf59749b-7c0e-4a2d-af85-3247d5580269', '2024-01-15 10:00:00+00', NULL, 'bca881ce-94ae-4d6f-bdf4-da108bc5a1f1', '60e569c5-be9a-4f28-b8ef-45ae1269c972', '0df8251a-95ad-414f-9a7d-91cac13d7ad2', 1716.72, 'USD', '2026-12-31 23:59:59+00', 'MANUAL', TRUE, 'ACTIVE'),
  ('85cc7535-8ed3-4530-b8bf-cab3b092e4ed', '2024-01-15 10:00:00+00', NULL, 'bca881ce-94ae-4d6f-bdf4-da108bc5a1f1', 'c2af7004-c888-4620-ada4-5a9f37cd8356', 'fc28fdb7-9e99-4099-900c-efa551a2f5f1', 1680.2, 'USD', '2026-12-31 23:59:59+00', 'AUTO', FALSE, 'ACTIVE'),
  ('2255fd3e-3952-41c8-95b6-a178a5f55e51', '2024-01-15 10:00:00+00', NULL, 'bca881ce-94ae-4d6f-bdf4-da108bc5a1f1', 'abd24e13-4d92-4b91-b428-bcccfd6443ca', 'e938df54-365b-4e31-bb10-e23ece63a3b4', 1642.69, 'USD', '2026-12-31 23:59:59+00', 'MANUAL', FALSE, 'ACTIVE'),
  ('0bfb82c9-153e-439c-b03c-1647b07d43a2', '2024-01-15 10:00:00+00', NULL, '8cf7da6f-de37-46cb-a8bf-75ee8c91c940', '7d318183-3790-4515-8d05-d383d100fb2d', 'd0ddf6fe-9329-42e7-b853-0fc871130e2d', 16686.84, 'EUR', '2026-12-31 23:59:59+00', 'AUTO', FALSE, 'ACTIVE'),
  ('28047ed0-753b-442f-bbcd-d06cf7903d8c', '2024-01-15 10:00:00+00', NULL, '8cf7da6f-de37-46cb-a8bf-75ee8c91c940', '10df12f8-e545-4935-bb53-bc16b220df2a', '60c1175a-f470-4157-b405-5cff35ae56d1', 16818.64, 'EUR', '2026-12-31 23:59:59+00', 'AUTO', FALSE, 'ACTIVE'),
  ('2e311af0-dba3-454a-8f25-f16f8c2eda01', '2024-01-15 10:00:00+00', NULL, '8cf7da6f-de37-46cb-a8bf-75ee8c91c940', '3915a226-2d4e-41d2-9e8b-29af03e6c5ed', '683193ce-5b5c-4841-82ca-54eae3ac8ec3', 15764.55, 'EUR', '2026-12-31 23:59:59+00', 'AUTO', FALSE, 'ACTIVE'),
  ('22a91795-f03a-4baf-bc2e-99b2c351154d', '2024-01-15 10:00:00+00', NULL, '749f9e30-601d-4585-9867-4e62e0af76b5', '7d318183-3790-4515-8d05-d383d100fb2d', 'b57017b7-21a4-4136-8731-d265e105eb42', 15712.23, 'EUR', '2026-12-31 23:59:59+00', 'MANUAL', FALSE, 'ACTIVE'),
  ('0fb3c3e4-8ed9-462d-8d4e-2c3486f73fd1', '2024-01-15 10:00:00+00', NULL, '749f9e30-601d-4585-9867-4e62e0af76b5', '16c7dbe6-cac0-4dac-a0b6-e85d036114c8', 'd58d4e9a-67ca-464e-b2b7-aa2f25d5c049', 16590.3, 'EUR', '2026-12-31 23:59:59+00', 'AUTO', TRUE, 'ACTIVE'),
  ('3d9cc3bb-a3ce-46a0-95df-c56e07c90a45', '2024-01-15 10:00:00+00', NULL, '749f9e30-601d-4585-9867-4e62e0af76b5', '60e569c5-be9a-4f28-b8ef-45ae1269c972', '84d68521-040e-4d1e-9364-f0f77fc3d10d', 16542.8, 'EUR', '2026-12-31 23:59:59+00', 'AUTO', FALSE, 'ACTIVE'),
  ('e90899d3-a9de-437d-84f9-4d282b525214', '2024-01-15 10:00:00+00', NULL, '1a28444a-5478-4f97-b096-35f77fbb07e7', '80cf3f89-7bf4-4e52-b595-9eb0c589f55c', '45f94d60-c58f-4091-8674-8b3e2e6b887f', 17069.31, 'GBP', '2026-12-31 23:59:59+00', 'AUTO', TRUE, 'ACTIVE'),
  ('7fe7141e-c7da-444c-8e5f-c69001b538a9', '2024-01-15 10:00:00+00', NULL, '1a28444a-5478-4f97-b096-35f77fbb07e7', '3de0da7e-306c-4048-afd2-bbb6c2fd7913', '842aa55d-937b-4ca5-9e2b-3465e557aa97', 15470.57, 'GBP', '2026-12-31 23:59:59+00', 'MANUAL', TRUE, 'ACTIVE'),
  ('c2a953eb-68e1-40aa-9fb4-43a23a05ee1b', '2024-01-15 10:00:00+00', NULL, '1a28444a-5478-4f97-b096-35f77fbb07e7', '8ef9ab9c-7420-48de-be3d-0e24a0bf58a5', '36f5301a-1d74-4b54-acea-752e8c6f3f4a', 16598.03, 'GBP', '2026-12-31 23:59:59+00', 'AUTO', FALSE, 'ACTIVE'),
  ('dc526878-e991-47ed-85d9-eedb5a8c512e', '2024-01-15 10:00:00+00', NULL, '0ac42077-7942-4f20-ac34-51e69fa3468a', 'c5a892c6-65b0-42ff-af62-c87161b26402', '83793466-53e1-4c98-8d46-0fdae6ae7e3f', 826.59, 'GBP', '2026-12-31 23:59:59+00', 'MANUAL', FALSE, 'ACTIVE'),
  ('d4004625-7f81-4ac3-a33d-fbe4b3b5bbbd', '2024-01-15 10:00:00+00', NULL, '0ac42077-7942-4f20-ac34-51e69fa3468a', 'da0407c1-80fe-46eb-ba4a-d97f47d147b2', '45067490-469b-459e-8d9a-e3f090543abd', 848.47, 'GBP', '2026-12-31 23:59:59+00', 'AUTO', FALSE, 'ACTIVE'),
  ('7cb74bf7-b083-42fe-b010-a13c027504cc', '2024-01-15 10:00:00+00', NULL, '0ac42077-7942-4f20-ac34-51e69fa3468a', '16c7dbe6-cac0-4dac-a0b6-e85d036114c8', 'd58d4e9a-67ca-464e-b2b7-aa2f25d5c049', 824.62, 'GBP', '2026-12-31 23:59:59+00', 'MANUAL', TRUE, 'ACTIVE'),
  ('1c3c6de3-99ef-4035-8a12-e80e51dd86bc', '2024-01-15 10:00:00+00', NULL, '201568f2-ae27-44c1-97f6-393a7f539c8e', '7472e5e1-020d-47d8-a3f0-b91b02f1a9fb', '643789d7-921b-43a2-885a-a95910a811a1', 878.98, 'USD', '2026-12-31 23:59:59+00', 'AUTO', TRUE, 'ACTIVE'),
  ('91d8b52d-260d-4259-8ad7-f203bbdb3c67', '2024-01-15 10:00:00+00', NULL, '201568f2-ae27-44c1-97f6-393a7f539c8e', '5f112412-9ede-4383-a1ef-eab94eccfe53', '473a2273-2849-4add-b385-b8503f3e959c', 809.15, 'USD', '2026-12-31 23:59:59+00', 'MANUAL', FALSE, 'ACTIVE'),
  ('abc4d16c-ebfc-4560-9eee-c3331205db58', '2024-01-15 10:00:00+00', NULL, '201568f2-ae27-44c1-97f6-393a7f539c8e', '3de0da7e-306c-4048-afd2-bbb6c2fd7913', '931f066a-bee0-43d5-bb50-a01adeaf66b9', 801.58, 'USD', '2026-12-31 23:59:59+00', 'AUTO', FALSE, 'ACTIVE'),
  ('1ae3441c-9ada-4abb-8c77-b0974e96d22b', '2024-01-15 10:00:00+00', NULL, '333b0410-1f47-4523-8660-963284324b84', 'dd3bfd77-7bce-4e83-91a1-9d5b9ba6fb7a', '0e84b7d2-2c76-4d94-9e14-a68045cd31c9', 8891.78, 'USD', '2026-12-31 23:59:59+00', 'AUTO', TRUE, 'ACTIVE'),
  ('bf69af8a-1021-4429-8693-68cd3e26eccd', '2024-01-15 10:00:00+00', NULL, '333b0410-1f47-4523-8660-963284324b84', '80cf3f89-7bf4-4e52-b595-9eb0c589f55c', '45f94d60-c58f-4091-8674-8b3e2e6b887f', 8058.64, 'USD', '2026-12-31 23:59:59+00', 'AUTO', FALSE, 'ACTIVE'),
  ('58e43032-a098-421e-9992-38d8cab9a902', '2024-01-15 10:00:00+00', NULL, '333b0410-1f47-4523-8660-963284324b84', 'a86d619e-c708-44db-9398-11590accdd13', '0aa269c8-c116-4f7e-a837-f414b1ab1e49', 8391.66, 'USD', '2026-12-31 23:59:59+00', 'MANUAL', FALSE, 'ACTIVE'),
  ('eb08241a-3be3-45f4-8412-27f6930a5c3e', '2024-01-15 10:00:00+00', NULL, 'b3a4b780-5db6-4acd-968c-fad9a3c93026', '60e569c5-be9a-4f28-b8ef-45ae1269c972', '0df8251a-95ad-414f-9a7d-91cac13d7ad2', 8896.09, 'EUR', '2026-12-31 23:59:59+00', 'AUTO', TRUE, 'ACTIVE'),
  ('9b7cd799-9c4e-4843-9eb8-d47f4d82dc24', '2024-01-15 10:00:00+00', NULL, 'b3a4b780-5db6-4acd-968c-fad9a3c93026', '4917a676-9ecf-4158-8085-b15ec69cd79e', 'f60dadd8-d42f-4e7e-8d04-a6a464d01697', 7908.48, 'EUR', '2026-12-31 23:59:59+00', 'MANUAL', TRUE, 'ACTIVE'),
  ('41ee4573-19e5-41d1-a1cc-39108aa744d8', '2024-01-15 10:00:00+00', NULL, 'b3a4b780-5db6-4acd-968c-fad9a3c93026', '6c4142b1-7c78-40dd-aeaa-7e3fbc4c1d83', '444b6d7b-4fcb-4e3e-87d4-1264562e4f22', 8162.04, 'EUR', '2026-12-31 23:59:59+00', 'AUTO', TRUE, 'ACTIVE'),
  ('8a4dd085-715b-4f79-bfb5-13d2b4b0fb4c', '2024-01-15 10:00:00+00', NULL, 'f16cb223-f74a-4492-bbcb-ce766306de13', 'ddcf50f1-7ed5-4b8f-9e42-29f745ded79e', '87392c18-869f-4a95-aa40-c1de388e6c43', 17580.26, 'EUR', '2026-12-31 23:59:59+00', 'MANUAL', FALSE, 'ACTIVE'),
  ('d61e78f4-8cc6-44e4-bfdc-014b012024f1', '2024-01-15 10:00:00+00', NULL, 'f16cb223-f74a-4492-bbcb-ce766306de13', '3915a226-2d4e-41d2-9e8b-29af03e6c5ed', '683193ce-5b5c-4841-82ca-54eae3ac8ec3', 17157.5, 'EUR', '2026-12-31 23:59:59+00', 'AUTO', FALSE, 'ACTIVE'),
  ('8192e659-1d73-40f9-8b23-68b488ff87f2', '2024-01-15 10:00:00+00', NULL, 'f16cb223-f74a-4492-bbcb-ce766306de13', 'd40c8145-4e71-4ffc-bd67-19fd12381f14', '48430a6a-61aa-4140-82fe-93ad5380b3ed', 16072.59, 'EUR', '2026-12-31 23:59:59+00', 'MANUAL', TRUE, 'ACTIVE'),
  ('a3e82dec-3e09-4ea1-bd37-a28fd33a7a7e', '2024-01-15 10:00:00+00', NULL, '1096eaf4-df72-47ce-bba7-840ef8b3de61', '11d5a311-53e9-4c70-b80d-ec269a067974', 'ac6caa7f-8233-4747-85a7-72934031d904', 809.65, 'GBP', '2026-12-31 23:59:59+00', 'AUTO', FALSE, 'ACTIVE'),
  ('f3c55ec4-8bbc-472d-9874-f0ffd49117c0', '2024-01-15 10:00:00+00', NULL, '1096eaf4-df72-47ce-bba7-840ef8b3de61', '80cf3f89-7bf4-4e52-b595-9eb0c589f55c', '45f94d60-c58f-4091-8674-8b3e2e6b887f', 856.52, 'GBP', '2026-12-31 23:59:59+00', 'MANUAL', TRUE, 'ACTIVE'),
  ('fab47def-0b78-4a32-8442-87655393be8d', '2024-01-15 10:00:00+00', NULL, '1096eaf4-df72-47ce-bba7-840ef8b3de61', 'ee04c68d-1240-4b44-8c92-60af94aabd18', '27df7347-3df3-4ece-8fe1-9cdb95e8e246', 861.39, 'GBP', '2026-12-31 23:59:59+00', 'MANUAL', TRUE, 'ACTIVE'),
  ('b93cee23-af1c-4fcb-8310-696d81f4cd9f', '2024-01-15 10:00:00+00', NULL, '801b1afa-9ed5-4a9a-990d-39951a17387f', '8c01599a-5a96-4e26-aa9e-bcb1ec84816f', 'f96c6055-5f9f-4d44-b45c-997888f2492b', 8947.19, 'GBP', '2026-12-31 23:59:59+00', 'MANUAL', FALSE, 'ACTIVE'),
  ('89425723-d5ad-4831-965e-c3d3680f8cad', '2024-01-15 10:00:00+00', NULL, '801b1afa-9ed5-4a9a-990d-39951a17387f', '3915a226-2d4e-41d2-9e8b-29af03e6c5ed', '683193ce-5b5c-4841-82ca-54eae3ac8ec3', 8420.73, 'GBP', '2026-12-31 23:59:59+00', 'MANUAL', FALSE, 'ACTIVE'),
  ('2418a6a3-47c3-4492-bdc5-268ab6d9eb95', '2024-01-15 10:00:00+00', NULL, '801b1afa-9ed5-4a9a-990d-39951a17387f', '5f112412-9ede-4383-a1ef-eab94eccfe53', '8e1bf763-5b1c-48a6-8b08-23271f8c79ee', 8714.66, 'GBP', '2026-12-31 23:59:59+00', 'MANUAL', TRUE, 'ACTIVE'),
  ('70e930a0-b0e0-4680-b150-0dfdf6fb54ae', '2024-01-15 10:00:00+00', NULL, '1490174b-ffe4-4b4d-a879-97f5e1417160', 'abd24e13-4d92-4b91-b428-bcccfd6443ca', 'e938df54-365b-4e31-bb10-e23ece63a3b4', 1684.87, 'USD', '2026-12-31 23:59:59+00', 'AUTO', TRUE, 'ACTIVE'),
  ('acccd354-fa19-4b0b-acf8-b1e12d41459a', '2024-01-15 10:00:00+00', NULL, '1490174b-ffe4-4b4d-a879-97f5e1417160', 'c3be43fb-c180-4b84-9596-deb68926688b', '05b2ffe9-c5be-498e-961c-9eb9e4ea21a2', 1787.84, 'USD', '2026-12-31 23:59:59+00', 'AUTO', TRUE, 'ACTIVE'),
  ('d27760d2-14dc-4ecd-a3ab-19274184d271', '2024-01-15 10:00:00+00', NULL, '1490174b-ffe4-4b4d-a879-97f5e1417160', '6ff8d2e2-6244-4019-bc34-39bd9b9b5f88', 'ed9c2b82-3a28-4bfb-be26-0e8bc6e60dd7', 1825.52, 'USD', '2026-12-31 23:59:59+00', 'AUTO', TRUE, 'ACTIVE'),
  ('8e4adabb-1ba4-4f53-b2d5-db788c7dd412', '2024-01-15 10:00:00+00', NULL, 'f096d31a-bde7-412c-a41e-a916f55a2271', '76a7b197-eaf7-4eb6-b991-c9eaeef91209', '58854715-531e-4aee-bbe3-fc71b4c67ff3', 832.55, 'USD', '2026-12-31 23:59:59+00', 'AUTO', FALSE, 'ACTIVE'),
  ('46975bd3-f027-4f6f-b4e0-7e750452a23c', '2024-01-15 10:00:00+00', NULL, 'f096d31a-bde7-412c-a41e-a916f55a2271', 'c3be43fb-c180-4b84-9596-deb68926688b', 'd2fcef62-6d4a-4020-bb70-2f25798d3044', 837.37, 'USD', '2026-12-31 23:59:59+00', 'MANUAL', FALSE, 'ACTIVE'),
  ('23e79cb1-e16c-4905-9650-be393a9b0e99', '2024-01-15 10:00:00+00', NULL, 'f096d31a-bde7-412c-a41e-a916f55a2271', 'f2ff1981-6625-433b-ad6f-3877d761070a', 'b1bda072-af2b-417f-9073-648946100060', 862.25, 'USD', '2026-12-31 23:59:59+00', 'AUTO', FALSE, 'ACTIVE'),
  ('4de2f32b-f04a-42dd-b6e3-16596e757954', '2024-01-15 10:00:00+00', NULL, '85eb243c-c7dc-4531-b2f0-3d41359fb069', '80cf3f89-7bf4-4e52-b595-9eb0c589f55c', 'c434611f-7a52-4e0c-ae93-6fdfe980e6a1', 8950.47, 'EUR', '2026-12-31 23:59:59+00', 'AUTO', TRUE, 'ACTIVE'),
  ('052602b7-5a7e-462e-a40a-b7ab9bfd9794', '2024-01-15 10:00:00+00', NULL, '85eb243c-c7dc-4531-b2f0-3d41359fb069', 'c3be43fb-c180-4b84-9596-deb68926688b', '05b2ffe9-c5be-498e-961c-9eb9e4ea21a2', 8748.53, 'EUR', '2026-12-31 23:59:59+00', 'MANUAL', TRUE, 'ACTIVE'),
  ('6d1ff872-4a84-4689-ad1c-14316a9cd60f', '2024-01-15 10:00:00+00', NULL, '85eb243c-c7dc-4531-b2f0-3d41359fb069', 'aabac92b-dbea-4ac3-9b75-cc6ca52f8cb5', '6e6c3b2c-321e-4a41-962e-a4dc2d5735a6', 9181.58, 'EUR', '2026-12-31 23:59:59+00', 'MANUAL', TRUE, 'ACTIVE'),
  ('c066b9c1-a3cc-4f87-9dea-b77f317b6600', '2024-01-15 10:00:00+00', NULL, '9c01f83e-6c23-454c-a251-df0d8282f4a4', 'ee04c68d-1240-4b44-8c92-60af94aabd18', '695c00b1-2c83-47b7-9157-dae3fbb251ab', 1790.77, 'EUR', '2026-12-31 23:59:59+00', 'AUTO', TRUE, 'ACTIVE'),
  ('5a66ad76-b0e4-494e-ab1b-7016315f4752', '2024-01-15 10:00:00+00', NULL, '9c01f83e-6c23-454c-a251-df0d8282f4a4', '3de0da7e-306c-4048-afd2-bbb6c2fd7913', '931f066a-bee0-43d5-bb50-a01adeaf66b9', 1778.97, 'EUR', '2026-12-31 23:59:59+00', 'AUTO', TRUE, 'ACTIVE'),
  ('cd18de9e-0d7b-4fad-8bec-21cdef8a0e92', '2024-01-15 10:00:00+00', NULL, '9c01f83e-6c23-454c-a251-df0d8282f4a4', '760b3976-7bd0-4485-a0e8-4d14358fd9a9', 'fdb0662e-d1f3-4cb7-889b-07509ef2efb9', 1827.3, 'EUR', '2026-12-31 23:59:59+00', 'AUTO', TRUE, 'ACTIVE'),
  ('edc85e1c-efcb-4a99-b46f-dfa0b4eaacea', '2024-01-15 10:00:00+00', NULL, '6ca6729d-20f2-4f92-811b-53320af02abd', '19c3da0c-f9f2-489d-b7c0-f11c8c948057', 'f0ca6d0a-3750-4f4b-a53d-03eb5b1eea45', 1779.52, 'GBP', '2026-12-31 23:59:59+00', 'MANUAL', FALSE, 'ACTIVE'),
  ('998ea42c-e48d-4977-a1e6-bf959112b71a', '2024-01-15 10:00:00+00', NULL, '6ca6729d-20f2-4f92-811b-53320af02abd', '7472e5e1-020d-47d8-a3f0-b91b02f1a9fb', '643789d7-921b-43a2-885a-a95910a811a1', 1855.56, 'GBP', '2026-12-31 23:59:59+00', 'MANUAL', TRUE, 'ACTIVE'),
  ('1a271422-48a5-4bbc-a3ce-d6b3c1fcf951', '2024-01-15 10:00:00+00', NULL, '6ca6729d-20f2-4f92-811b-53320af02abd', '58da756b-c210-4be4-8d20-57a11f74967c', 'be68b0f8-99d3-4b42-9b4d-644949b2af28', 1718.27, 'GBP', '2026-12-31 23:59:59+00', 'MANUAL', TRUE, 'ACTIVE'),
  ('9758e3e4-013d-4bf5-9b95-ddfdd573fce3', '2024-01-15 10:00:00+00', NULL, '4c3690bd-9625-405e-8811-4e47bdcd01b3', '60e569c5-be9a-4f28-b8ef-45ae1269c972', '0df8251a-95ad-414f-9a7d-91cac13d7ad2', 922.19, 'GBP', '2026-12-31 23:59:59+00', 'AUTO', FALSE, 'ACTIVE'),
  ('b87861bb-834d-4b33-908e-1e52833e4ba6', '2024-01-15 10:00:00+00', NULL, '4c3690bd-9625-405e-8811-4e47bdcd01b3', '10df12f8-e545-4935-bb53-bc16b220df2a', '7ed59d85-fc32-40a8-84e2-cff85bfbf23b', 943.51, 'GBP', '2026-12-31 23:59:59+00', 'MANUAL', FALSE, 'ACTIVE'),
  ('ffa8ce16-fe4c-4ec2-b5b7-d1d43bc1c5e8', '2024-01-15 10:00:00+00', NULL, '4c3690bd-9625-405e-8811-4e47bdcd01b3', 'fe639291-1ee1-40a9-b303-d72ce367f4af', '4e0448f9-72ff-46e2-9764-c3137db9931f', 864.23, 'GBP', '2026-12-31 23:59:59+00', 'AUTO', TRUE, 'ACTIVE'),
  ('eba5c8ed-5f41-4dcf-b621-5a658a655f8e', '2024-01-15 10:00:00+00', NULL, '24812cff-2a9d-4a97-9961-9f0ada457ddd', '3817158e-ebec-495a-9fe7-c53bacbc09c9', '986045ee-5b05-44c7-9d21-ff6703dc0b56', 18375.05, 'USD', '2026-12-31 23:59:59+00', 'AUTO', TRUE, 'ACTIVE'),
  ('a5c507d0-34a0-4f04-8a29-9e738acdcaf7', '2024-01-15 10:00:00+00', NULL, '24812cff-2a9d-4a97-9961-9f0ada457ddd', 'b8e22350-b981-47aa-b687-5d716bd3bee9', 'ffed17bc-5ffa-4c09-a963-48a03e4772e2', 16739.9, 'USD', '2026-12-31 23:59:59+00', 'AUTO', FALSE, 'ACTIVE'),
  ('c47d872f-6c5f-42a7-8f30-4a7697269c9d', '2024-01-15 10:00:00+00', NULL, '24812cff-2a9d-4a97-9961-9f0ada457ddd', 'a86d619e-c708-44db-9398-11590accdd13', '0aa269c8-c116-4f7e-a837-f414b1ab1e49', 17824.22, 'USD', '2026-12-31 23:59:59+00', 'AUTO', TRUE, 'ACTIVE'),
  ('ae343c04-5dd6-4deb-9004-6cd805b1428d', '2024-01-15 10:00:00+00', NULL, 'f3a93c1d-bc80-4545-8223-adb1ec7644f0', '16c7dbe6-cac0-4dac-a0b6-e85d036114c8', '308c4722-1dac-460b-b81b-17b733f3ca7e', 9521.02, 'USD', '2026-12-31 23:59:59+00', 'AUTO', TRUE, 'ACTIVE'),
  ('0744aa6f-3e74-43c4-8212-8a6cc130b0b7', '2024-01-15 10:00:00+00', NULL, 'f3a93c1d-bc80-4545-8223-adb1ec7644f0', '7472e5e1-020d-47d8-a3f0-b91b02f1a9fb', 'b4f4f7c9-71b2-4380-aa60-796890ebbb0b', 9087.85, 'USD', '2026-12-31 23:59:59+00', 'AUTO', TRUE, 'ACTIVE'),
  ('fb30b052-f450-499d-b018-43074a3f21c2', '2024-01-15 10:00:00+00', NULL, 'f3a93c1d-bc80-4545-8223-adb1ec7644f0', '760b3976-7bd0-4485-a0e8-4d14358fd9a9', '68512ca0-3ba2-473f-82ab-2f31b968a27e', 8951.58, 'USD', '2026-12-31 23:59:59+00', 'AUTO', TRUE, 'ACTIVE'),
  ('b9fb7bd6-5069-421a-a679-35b7eea7ec92', '2024-01-15 10:00:00+00', NULL, '24f7abba-53f3-4e5b-b231-f086b7423804', '8c01599a-5a96-4e26-aa9e-bcb1ec84816f', 'ef2b73af-d7f5-4b8f-b83a-15df16822e40', 9554.34, 'EUR', '2026-12-31 23:59:59+00', 'MANUAL', TRUE, 'ACTIVE'),
  ('7ee18621-5abf-46d8-911f-8223dbdb3084', '2024-01-15 10:00:00+00', NULL, '24f7abba-53f3-4e5b-b231-f086b7423804', '4917a676-9ecf-4158-8085-b15ec69cd79e', 'f60dadd8-d42f-4e7e-8d04-a6a464d01697', 8812.73, 'EUR', '2026-12-31 23:59:59+00', 'AUTO', TRUE, 'ACTIVE'),
  ('c1aa29a7-a194-4abe-8153-702b985f34d9', '2024-01-15 10:00:00+00', NULL, '24f7abba-53f3-4e5b-b231-f086b7423804', 'c3be43fb-c180-4b84-9596-deb68926688b', '05b2ffe9-c5be-498e-961c-9eb9e4ea21a2', 8796.66, 'EUR', '2026-12-31 23:59:59+00', 'MANUAL', TRUE, 'ACTIVE'),
  ('5ac74c1b-0430-4d8c-80d5-3f32bfae4969', '2024-01-15 10:00:00+00', NULL, '87ab7e75-e06c-45b5-8086-7745520c7df5', '3915a226-2d4e-41d2-9e8b-29af03e6c5ed', 'c22bc7a5-eb1c-499f-96a9-78f6d5250989', 1758.95, 'EUR', '2026-12-31 23:59:59+00', 'AUTO', FALSE, 'ACTIVE'),
  ('5c965ada-a499-49dc-8b49-e08a98591754', '2024-01-15 10:00:00+00', NULL, '87ab7e75-e06c-45b5-8086-7745520c7df5', '19c3da0c-f9f2-489d-b7c0-f11c8c948057', 'f0ca6d0a-3750-4f4b-a53d-03eb5b1eea45', 1866.08, 'EUR', '2026-12-31 23:59:59+00', 'AUTO', FALSE, 'ACTIVE'),
  ('c97d4c87-6b59-4017-b37c-2e8dc3d4885d', '2024-01-15 10:00:00+00', NULL, '87ab7e75-e06c-45b5-8086-7745520c7df5', '78d935fd-b8af-4fc1-90dd-0ba5753b6040', 'c2fe922c-3eee-4309-98bb-9228c39398a8', 1899.59, 'EUR', '2026-12-31 23:59:59+00', 'AUTO', FALSE, 'ACTIVE'),
  ('3632a64a-f1ff-4377-b248-619a36b936f2', '2024-01-15 10:00:00+00', NULL, 'b2158a55-5eb1-47ab-8b5c-2fc96625632c', 'c5a892c6-65b0-42ff-af62-c87161b26402', '83793466-53e1-4c98-8d46-0fdae6ae7e3f', 867.0, 'GBP', '2026-12-31 23:59:59+00', 'AUTO', FALSE, 'ACTIVE'),
  ('e3fdd5ff-8a90-4475-8882-0ca25d98f812', '2024-01-15 10:00:00+00', NULL, 'b2158a55-5eb1-47ab-8b5c-2fc96625632c', '4917a676-9ecf-4158-8085-b15ec69cd79e', 'f60dadd8-d42f-4e7e-8d04-a6a464d01697', 912.95, 'GBP', '2026-12-31 23:59:59+00', 'AUTO', FALSE, 'ACTIVE'),
  ('92c149f1-09c0-4ff6-bbbf-cc2d1b2d8299', '2024-01-15 10:00:00+00', NULL, 'b2158a55-5eb1-47ab-8b5c-2fc96625632c', 'ddcf50f1-7ed5-4b8f-9e42-29f745ded79e', '87392c18-869f-4a95-aa40-c1de388e6c43', 884.5, 'GBP', '2026-12-31 23:59:59+00', 'MANUAL', TRUE, 'ACTIVE'),
  ('3dac4b39-e0bc-41bd-9046-970b7f6e1667', '2024-01-15 10:00:00+00', NULL, 'c5ae0174-70ad-4f91-8a81-8c86659fbb0a', 'abd24e13-4d92-4b91-b428-bcccfd6443ca', 'cf05d5de-fcfa-4b8a-b80f-748960a28dcd', 17962.5, 'GBP', '2026-12-31 23:59:59+00', 'MANUAL', TRUE, 'ACTIVE'),
  ('8646c5ce-9ef2-4308-b2f6-8f5bb717f611', '2024-01-15 10:00:00+00', NULL, 'c5ae0174-70ad-4f91-8a81-8c86659fbb0a', '76a7b197-eaf7-4eb6-b991-c9eaeef91209', '0c9ce0dd-c56d-4755-8f76-4e5760bbc3b8', 18929.33, 'GBP', '2026-12-31 23:59:59+00', 'MANUAL', FALSE, 'ACTIVE'),
  ('0b88dc5c-2920-423e-8022-00a79ed0c98e', '2024-01-15 10:00:00+00', NULL, 'c5ae0174-70ad-4f91-8a81-8c86659fbb0a', '3de0da7e-306c-4048-afd2-bbb6c2fd7913', '931f066a-bee0-43d5-bb50-a01adeaf66b9', 18972.86, 'GBP', '2026-12-31 23:59:59+00', 'MANUAL', TRUE, 'ACTIVE'),
  ('0dad4b0c-fc1b-4929-8997-a5c61249430e', '2024-01-15 10:00:00+00', NULL, '1fea9a61-727c-4997-936b-950846903c58', 'c5a892c6-65b0-42ff-af62-c87161b26402', 'fcdb449c-a93b-477a-a106-7825d5eb57f9', 1786.15, 'USD', '2026-12-31 23:59:59+00', 'AUTO', FALSE, 'ACTIVE'),
  ('e768326c-ec7e-4dce-b056-5adcba2c70a0', '2024-01-15 10:00:00+00', NULL, '1fea9a61-727c-4997-936b-950846903c58', '16c7dbe6-cac0-4dac-a0b6-e85d036114c8', 'd58d4e9a-67ca-464e-b2b7-aa2f25d5c049', 1911.96, 'USD', '2026-12-31 23:59:59+00', 'MANUAL', FALSE, 'ACTIVE'),
  ('9db39afc-e088-4c62-a145-63c9ee84ef12', '2024-01-15 10:00:00+00', NULL, '1fea9a61-727c-4997-936b-950846903c58', '57be48c1-5522-44e7-bcf8-1e631e79a229', '7a4d0e07-b896-480e-a16d-cf014747e66e', 1914.25, 'USD', '2026-12-31 23:59:59+00', 'AUTO', TRUE, 'ACTIVE'),
  ('0bc15300-7ff2-44f8-8f3a-975f1e1b201f', '2024-01-15 10:00:00+00', NULL, 'a4ce0f69-9991-4f21-9095-d7717189c6d9', 'ee04c68d-1240-4b44-8c92-60af94aabd18', '27df7347-3df3-4ece-8fe1-9cdb95e8e246', 18809.42, 'USD', '2026-12-31 23:59:59+00', 'MANUAL', FALSE, 'ACTIVE'),
  ('51bbe531-5cf5-4ad2-9f32-c8eb9c6c2763', '2024-01-15 10:00:00+00', NULL, 'a4ce0f69-9991-4f21-9095-d7717189c6d9', '216551ca-0f87-4301-961f-3e5042427b26', '6038516a-9511-4614-93bc-e2454d594526', 17692.71, 'USD', '2026-12-31 23:59:59+00', 'AUTO', TRUE, 'ACTIVE'),
  ('5ce42558-9a53-40f1-a315-1b7c7e2f201a', '2024-01-15 10:00:00+00', NULL, 'a4ce0f69-9991-4f21-9095-d7717189c6d9', '8ef9ab9c-7420-48de-be3d-0e24a0bf58a5', 'ee889847-cf3b-4088-9cc3-894eec3acaa5', 17940.21, 'USD', '2026-12-31 23:59:59+00', 'MANUAL', FALSE, 'ACTIVE'),
  ('2384cb87-9094-4bf4-b4ed-0f5e252cc6fe', '2024-01-15 10:00:00+00', NULL, '33dab4a8-9687-4273-acbd-5826566cf42f', 'f45cbc89-5dea-4b7c-85ce-30671ac0f61b', '7adb9cdc-016d-499e-9d70-e90fa876c8e4', 1776.3, 'EUR', '2026-12-31 23:59:59+00', 'MANUAL', TRUE, 'ACTIVE'),
  ('692722b7-7606-4e44-a9ef-217dafe31bd8', '2024-01-15 10:00:00+00', NULL, '33dab4a8-9687-4273-acbd-5826566cf42f', '5f112412-9ede-4383-a1ef-eab94eccfe53', '8e1bf763-5b1c-48a6-8b08-23271f8c79ee', 1786.17, 'EUR', '2026-12-31 23:59:59+00', 'MANUAL', FALSE, 'ACTIVE'),
  ('dc48d289-012b-4d48-84fb-506795b6725a', '2024-01-15 10:00:00+00', NULL, '33dab4a8-9687-4273-acbd-5826566cf42f', '76a7b197-eaf7-4eb6-b991-c9eaeef91209', '0c9ce0dd-c56d-4755-8f76-4e5760bbc3b8', 1888.96, 'EUR', '2026-12-31 23:59:59+00', 'MANUAL', TRUE, 'ACTIVE'),
  ('00e614a5-41ec-41d8-a602-a97b944e39e3', '2024-01-15 10:00:00+00', NULL, '253d7def-050a-4e7e-9a56-c5370c5679e2', '4917a676-9ecf-4158-8085-b15ec69cd79e', 'f60dadd8-d42f-4e7e-8d04-a6a464d01697', 19156.77, 'EUR', '2026-12-31 23:59:59+00', 'AUTO', FALSE, 'ACTIVE'),
  ('214ac9e2-71c8-4410-8f67-bfea17c0e21d', '2024-01-15 10:00:00+00', NULL, '253d7def-050a-4e7e-9a56-c5370c5679e2', 'd40c8145-4e71-4ffc-bd67-19fd12381f14', 'ac34d9c4-c8a5-4f6e-9464-c81ddad0324e', 19066.27, 'EUR', '2026-12-31 23:59:59+00', 'AUTO', TRUE, 'ACTIVE'),
  ('ac8d168b-75d9-4328-bade-73c7d4475d2f', '2024-01-15 10:00:00+00', NULL, '253d7def-050a-4e7e-9a56-c5370c5679e2', '588993e6-5d17-4f1f-92e2-a256b6c63f94', '66f26274-8bfd-4db9-b596-5fab4623299c', 20150.23, 'EUR', '2026-12-31 23:59:59+00', 'MANUAL', FALSE, 'ACTIVE'),
  ('91d73921-fb6e-482e-9166-0869f510b322', '2024-01-15 10:00:00+00', NULL, '30eed314-3708-4471-9620-c7cdbf1aff2d', 'a86d619e-c708-44db-9398-11590accdd13', '0aa269c8-c116-4f7e-a837-f414b1ab1e49', 1866.02, 'GBP', '2026-12-31 23:59:59+00', 'MANUAL', FALSE, 'ACTIVE'),
  ('46898da6-9879-497c-b3e2-bf12a8622ada', '2024-01-15 10:00:00+00', NULL, '30eed314-3708-4471-9620-c7cdbf1aff2d', 'b0e6362f-ab7a-4388-b2c4-2f19cccac08d', '1d2c9f61-6a3b-4c7e-9788-48578c851b52', 1866.31, 'GBP', '2026-12-31 23:59:59+00', 'AUTO', TRUE, 'ACTIVE'),
  ('b05dd545-f0b2-4b6a-9fce-1b6a373e8633', '2024-01-15 10:00:00+00', NULL, '30eed314-3708-4471-9620-c7cdbf1aff2d', '3915a226-2d4e-41d2-9e8b-29af03e6c5ed', 'c22bc7a5-eb1c-499f-96a9-78f6d5250989', 1803.7, 'GBP', '2026-12-31 23:59:59+00', 'MANUAL', TRUE, 'ACTIVE'),
  ('9bb5ad2d-8d84-4fb4-a647-03ef49772a4f', '2024-01-15 10:00:00+00', NULL, 'dbf68089-a0b1-49ed-bead-4d33ce4a5213', '3de0da7e-306c-4048-afd2-bbb6c2fd7913', '842aa55d-937b-4ca5-9e2b-3465e557aa97', 20363.0, 'GBP', '2026-12-31 23:59:59+00', 'MANUAL', TRUE, 'ACTIVE'),
  ('e30eb57f-d297-484b-b234-17adb0a47580', '2024-01-15 10:00:00+00', NULL, 'dbf68089-a0b1-49ed-bead-4d33ce4a5213', 'b230456f-fd09-44d3-820d-95b848989105', '547ef1b8-155a-4378-9730-739da969c646', 19262.68, 'GBP', '2026-12-31 23:59:59+00', 'AUTO', FALSE, 'ACTIVE'),
  ('5c096016-59af-4c74-83bd-297cf17b4f7a', '2024-01-15 10:00:00+00', NULL, 'dbf68089-a0b1-49ed-bead-4d33ce4a5213', '588993e6-5d17-4f1f-92e2-a256b6c63f94', 'c54c1ecb-ab54-4176-8b77-f5b006b16a46', 18334.22, 'GBP', '2026-12-31 23:59:59+00', 'AUTO', TRUE, 'ACTIVE'),
  ('26feb396-bd5f-41ac-bb80-dac96456d97a', '2024-01-15 10:00:00+00', NULL, '1de0ee37-4721-4f95-95fe-7b30adf6f977', '3de0da7e-306c-4048-afd2-bbb6c2fd7913', '842aa55d-937b-4ca5-9e2b-3465e557aa97', 9973.28, 'USD', '2026-12-31 23:59:59+00', 'MANUAL', TRUE, 'ACTIVE'),
  ('d7e663f4-75bc-4ae1-9d4c-a5f08a13fa4c', '2024-01-15 10:00:00+00', NULL, '1de0ee37-4721-4f95-95fe-7b30adf6f977', '216551ca-0f87-4301-961f-3e5042427b26', '6038516a-9511-4614-93bc-e2454d594526', 9272.5, 'USD', '2026-12-31 23:59:59+00', 'AUTO', FALSE, 'ACTIVE'),
  ('5ebc085d-ac19-4c78-b828-b38918845791', '2024-01-15 10:00:00+00', NULL, '1de0ee37-4721-4f95-95fe-7b30adf6f977', '4996c730-5ff9-4726-a4d1-c8ec0e96d867', '79ea5904-8e79-4f8d-b3de-dec8b49edccd', 9526.02, 'USD', '2026-12-31 23:59:59+00', 'AUTO', FALSE, 'ACTIVE'),
  ('edd34674-8d9e-4749-abaf-9b6b170be5f8', '2024-01-15 10:00:00+00', NULL, 'd9f5d354-dc45-467d-b0b6-5d10fc274a46', '8c01599a-5a96-4e26-aa9e-bcb1ec84816f', 'ef2b73af-d7f5-4b8f-b83a-15df16822e40', 19501.08, 'USD', '2026-12-31 23:59:59+00', 'AUTO', FALSE, 'ACTIVE'),
  ('fd1dd4c4-a461-4a3a-9d7f-45c3ba74bf14', '2024-01-15 10:00:00+00', NULL, 'd9f5d354-dc45-467d-b0b6-5d10fc274a46', '4917a676-9ecf-4158-8085-b15ec69cd79e', 'e8835d68-85ee-475b-8e2f-77966cbd14d5', 18739.53, 'USD', '2026-12-31 23:59:59+00', 'MANUAL', TRUE, 'ACTIVE'),
  ('add45197-f508-434f-9362-b1ae7bdfa80e', '2024-01-15 10:00:00+00', NULL, 'd9f5d354-dc45-467d-b0b6-5d10fc274a46', 'fe639291-1ee1-40a9-b303-d72ce367f4af', 'e11f1c7a-7841-4efb-ad17-8480a78fb454', 18746.36, 'USD', '2026-12-31 23:59:59+00', 'AUTO', TRUE, 'ACTIVE'),
  ('126b4c5c-ca4f-4db4-9d5f-138b5898d6fa', '2024-01-15 10:00:00+00', NULL, '207bac4c-ffa9-4da0-a456-b01e19defe1d', '6c4142b1-7c78-40dd-aeaa-7e3fbc4c1d83', '444b6d7b-4fcb-4e3e-87d4-1264562e4f22', 1884.17, 'EUR', '2026-12-31 23:59:59+00', 'AUTO', TRUE, 'ACTIVE'),
  ('bc8fa22c-e4b8-42b3-b017-0d6631e72863', '2024-01-15 10:00:00+00', NULL, '207bac4c-ffa9-4da0-a456-b01e19defe1d', 'b230456f-fd09-44d3-820d-95b848989105', '547ef1b8-155a-4378-9730-739da969c646', 1954.12, 'EUR', '2026-12-31 23:59:59+00', 'AUTO', TRUE, 'ACTIVE'),
  ('587ea162-8ad5-4a90-8c8a-1447ee84d500', '2024-01-15 10:00:00+00', NULL, '207bac4c-ffa9-4da0-a456-b01e19defe1d', 'a86d619e-c708-44db-9398-11590accdd13', '0aa269c8-c116-4f7e-a837-f414b1ab1e49', 2011.42, 'EUR', '2026-12-31 23:59:59+00', 'MANUAL', TRUE, 'ACTIVE'),
  ('e1756269-bd0b-4e51-a290-e4c26603a09d', '2024-01-15 10:00:00+00', NULL, '9f71a7e8-749a-47c1-9ccb-647bb75990a4', 'a86d619e-c708-44db-9398-11590accdd13', '0aa269c8-c116-4f7e-a837-f414b1ab1e49', 941.17, 'EUR', '2026-12-31 23:59:59+00', 'MANUAL', FALSE, 'ACTIVE'),
  ('f78e76e9-518d-4a0c-97f3-9ac9877a07dd', '2024-01-15 10:00:00+00', NULL, '9f71a7e8-749a-47c1-9ccb-647bb75990a4', 'fe04ab7f-34ef-49a7-b094-a5b1f7416279', '73e076ac-7f1d-4b60-8af0-e1225f886d97', 955.89, 'EUR', '2026-12-31 23:59:59+00', 'AUTO', TRUE, 'ACTIVE'),
  ('fbca0d40-0e04-49e2-9200-feb720e5882b', '2024-01-15 10:00:00+00', NULL, '9f71a7e8-749a-47c1-9ccb-647bb75990a4', 'abd24e13-4d92-4b91-b428-bcccfd6443ca', 'cf05d5de-fcfa-4b8a-b80f-748960a28dcd', 988.86, 'EUR', '2026-12-31 23:59:59+00', 'MANUAL', TRUE, 'ACTIVE'),
  ('ac492212-3933-420d-898a-10ddf3c1d2ed', '2024-01-15 10:00:00+00', NULL, '4ac2880b-61af-481f-9b4a-22db9b858920', '3915a226-2d4e-41d2-9e8b-29af03e6c5ed', 'c22bc7a5-eb1c-499f-96a9-78f6d5250989', 1887.24, 'GBP', '2026-12-31 23:59:59+00', 'AUTO', TRUE, 'ACTIVE'),
  ('0db9ce34-d502-46d2-9b1f-da39c9562143', '2024-01-15 10:00:00+00', NULL, '4ac2880b-61af-481f-9b4a-22db9b858920', 'dd3bfd77-7bce-4e83-91a1-9d5b9ba6fb7a', 'c3f6ccc1-6c7d-4531-a306-3e558ffc3341', 1859.3, 'GBP', '2026-12-31 23:59:59+00', 'AUTO', FALSE, 'ACTIVE'),
  ('7f765c81-57fc-4773-a992-c7e221fe7304', '2024-01-15 10:00:00+00', NULL, '4ac2880b-61af-481f-9b4a-22db9b858920', 'a5d80929-663a-457b-9dc8-597d13a4b6b9', '1255f818-8906-4c66-9f80-f5b9895200b7', 2005.77, 'GBP', '2026-12-31 23:59:59+00', 'AUTO', TRUE, 'ACTIVE'),
  ('08c14af6-a957-4c51-8cfc-ed813858b5dc', '2024-01-15 10:00:00+00', NULL, 'ffa715d3-45cd-4e30-b5e9-02236fda2c2a', 'd2479b5c-cf9b-4d7b-a787-8de472ad7254', '58208b53-b8fe-4679-a53e-cf744b41634d', 989.27, 'GBP', '2026-12-31 23:59:59+00', 'MANUAL', FALSE, 'ACTIVE'),
  ('2f711600-5f64-42f5-8f58-fc269b087f52', '2024-01-15 10:00:00+00', NULL, 'ffa715d3-45cd-4e30-b5e9-02236fda2c2a', '216551ca-0f87-4301-961f-3e5042427b26', '6038516a-9511-4614-93bc-e2454d594526', 955.18, 'GBP', '2026-12-31 23:59:59+00', 'AUTO', TRUE, 'ACTIVE'),
  ('4961ff79-dfcd-4526-889a-171932f8ea52', '2024-01-15 10:00:00+00', NULL, 'ffa715d3-45cd-4e30-b5e9-02236fda2c2a', '483b64cd-e65c-47bb-9fb4-d9171dc4cfa6', 'c0459ccb-21c7-4d2b-9a5f-38882a1ab4df', 1023.35, 'GBP', '2026-12-31 23:59:59+00', 'MANUAL', TRUE, 'ACTIVE'),
  ('b5b3d811-691c-4f7f-be23-04502c6a4ba8', '2024-01-15 10:00:00+00', NULL, '8a9785aa-d690-41a6-8cf3-35807f1146a6', '918cb86a-a675-4079-b530-7ba7d7017cd3', '0163b10c-a954-40b6-909b-f151df3f5141', 978.73, 'USD', '2026-12-31 23:59:59+00', 'AUTO', TRUE, 'ACTIVE'),
  ('a4e40e8c-5e10-40be-b4c9-7d3b116c735f', '2024-01-15 10:00:00+00', NULL, '8a9785aa-d690-41a6-8cf3-35807f1146a6', '76a7b197-eaf7-4eb6-b991-c9eaeef91209', '58854715-531e-4aee-bbe3-fc71b4c67ff3', 976.7, 'USD', '2026-12-31 23:59:59+00', 'MANUAL', FALSE, 'ACTIVE'),
  ('b9889451-f751-453e-b00c-0fe08c6104f5', '2024-01-15 10:00:00+00', NULL, '8a9785aa-d690-41a6-8cf3-35807f1146a6', '5f112412-9ede-4383-a1ef-eab94eccfe53', '8e1bf763-5b1c-48a6-8b08-23271f8c79ee', 993.53, 'USD', '2026-12-31 23:59:59+00', 'MANUAL', FALSE, 'ACTIVE'),
  ('24fcfc53-346a-4ca8-83a2-c5ad794158cb', '2024-01-15 10:00:00+00', NULL, 'b3d378e6-986d-44cb-8605-53df7a5296e9', '3de0da7e-306c-4048-afd2-bbb6c2fd7913', '931f066a-bee0-43d5-bb50-a01adeaf66b9', 1056.17, 'USD', '2026-12-31 23:59:59+00', 'MANUAL', FALSE, 'ACTIVE'),
  ('96174166-09e3-4dd8-a811-b66ff21afefa', '2024-01-15 10:00:00+00', NULL, 'b3d378e6-986d-44cb-8605-53df7a5296e9', '58da756b-c210-4be4-8d20-57a11f74967c', 'be68b0f8-99d3-4b42-9b4d-644949b2af28', 1010.85, 'USD', '2026-12-31 23:59:59+00', 'AUTO', TRUE, 'ACTIVE'),
  ('504291d3-1fb0-43bc-87c4-f8b52ae9e8ea', '2024-01-15 10:00:00+00', NULL, 'b3d378e6-986d-44cb-8605-53df7a5296e9', '216551ca-0f87-4301-961f-3e5042427b26', '6038516a-9511-4614-93bc-e2454d594526', 971.99, 'USD', '2026-12-31 23:59:59+00', 'MANUAL', FALSE, 'ACTIVE'),
  ('a3c7c292-1168-4c88-b5e1-9c20bc6b7868', '2024-01-15 10:00:00+00', NULL, 'bb458cd0-e545-45d4-bca3-eff2187583d8', 'd2479b5c-cf9b-4d7b-a787-8de472ad7254', '1e1e8504-4e40-4608-9fb3-184959e1884b', 1011.79, 'EUR', '2026-12-31 23:59:59+00', 'AUTO', FALSE, 'ACTIVE'),
  ('72184736-45d6-4adb-b424-14d6e55e8bbf', '2024-01-15 10:00:00+00', NULL, 'bb458cd0-e545-45d4-bca3-eff2187583d8', 'd0ff9e13-e641-4ab5-9b0c-711872d4648b', '9ef16013-a186-4b73-a381-69f6eb1837be', 971.54, 'EUR', '2026-12-31 23:59:59+00', 'MANUAL', TRUE, 'ACTIVE'),
  ('c5e98861-4c92-48a9-a332-a7c50b040b34', '2024-01-15 10:00:00+00', NULL, 'bb458cd0-e545-45d4-bca3-eff2187583d8', 'b230456f-fd09-44d3-820d-95b848989105', '547ef1b8-155a-4378-9730-739da969c646', 997.75, 'EUR', '2026-12-31 23:59:59+00', 'MANUAL', FALSE, 'ACTIVE'),
  ('c4be0a6d-2e10-4c42-bacb-bf21c63e4733', '2024-01-15 10:00:00+00', NULL, 'cacded85-724f-4605-9f9d-c3670c1a2552', '3de0da7e-306c-4048-afd2-bbb6c2fd7913', '842aa55d-937b-4ca5-9e2b-3465e557aa97', 10679.8, 'EUR', '2026-12-31 23:59:59+00', 'AUTO', TRUE, 'ACTIVE'),
  ('0c11c8a1-0988-4474-8dcd-4bc2aa418c79', '2024-01-15 10:00:00+00', NULL, 'cacded85-724f-4605-9f9d-c3670c1a2552', '7d318183-3790-4515-8d05-d383d100fb2d', 'd0ddf6fe-9329-42e7-b853-0fc871130e2d', 10716.63, 'EUR', '2026-12-31 23:59:59+00', 'AUTO', TRUE, 'ACTIVE'),
  ('f88b942b-de22-4631-9f11-176b3fcb9f30', '2024-01-15 10:00:00+00', NULL, 'cacded85-724f-4605-9f9d-c3670c1a2552', 'c3be43fb-c180-4b84-9596-deb68926688b', '05b2ffe9-c5be-498e-961c-9eb9e4ea21a2', 9665.01, 'EUR', '2026-12-31 23:59:59+00', 'AUTO', FALSE, 'ACTIVE'),
  ('3f63b0d2-a383-4e8e-be30-0ca8e20da3c4', '2024-01-15 10:00:00+00', NULL, '95d5b80c-c3a2-4800-9f88-7922c56ec916', 'fe04ab7f-34ef-49a7-b094-a5b1f7416279', '814de77e-e90f-47aa-96b9-c346154b1ca4', 1994.38, 'GBP', '2026-12-31 23:59:59+00', 'MANUAL', TRUE, 'ACTIVE'),
  ('0ec87734-c4ba-451e-9f4e-0c0cf5391306', '2024-01-15 10:00:00+00', NULL, '95d5b80c-c3a2-4800-9f88-7922c56ec916', '588993e6-5d17-4f1f-92e2-a256b6c63f94', '66f26274-8bfd-4db9-b596-5fab4623299c', 1898.92, 'GBP', '2026-12-31 23:59:59+00', 'MANUAL', FALSE, 'ACTIVE'),
  ('1eb9e3eb-ce5e-44f6-9d9e-937f698ffb5e', '2024-01-15 10:00:00+00', NULL, '95d5b80c-c3a2-4800-9f88-7922c56ec916', 'f45cbc89-5dea-4b7c-85ce-30671ac0f61b', '7adb9cdc-016d-499e-9d70-e90fa876c8e4', 2036.71, 'GBP', '2026-12-31 23:59:59+00', 'MANUAL', FALSE, 'ACTIVE'),
  ('4d595cb4-834b-4de1-8feb-27135dde80ed', '2024-01-15 10:00:00+00', NULL, 'e2fd5cec-b127-4802-9d64-499fa3fb1823', '918cb86a-a675-4079-b530-7ba7d7017cd3', '0163b10c-a954-40b6-909b-f151df3f5141', 19457.67, 'GBP', '2026-12-31 23:59:59+00', 'AUTO', TRUE, 'ACTIVE'),
  ('c72a46ad-2426-4279-8d6f-d647fb6420b0', '2024-01-15 10:00:00+00', NULL, 'e2fd5cec-b127-4802-9d64-499fa3fb1823', 'bfee85b3-0760-4d75-a8c6-2f9efa3f6bae', '93db3800-4e2f-4015-b735-33bd1ca051ad', 19681.17, 'GBP', '2026-12-31 23:59:59+00', 'MANUAL', TRUE, 'ACTIVE'),
  ('dccdcfdf-4172-4d57-8252-1773302e259e', '2024-01-15 10:00:00+00', NULL, 'e2fd5cec-b127-4802-9d64-499fa3fb1823', 'ddcf50f1-7ed5-4b8f-9e42-29f745ded79e', '87392c18-869f-4a95-aa40-c1de388e6c43', 21268.27, 'GBP', '2026-12-31 23:59:59+00', 'AUTO', FALSE, 'ACTIVE'),
  ('091bc1cd-f75a-4e72-b600-9e0ffe300415', '2024-01-15 10:00:00+00', NULL, 'ec190cf7-a6b8-4759-9240-d4fa2803dadc', '4917a676-9ecf-4158-8085-b15ec69cd79e', 'f60dadd8-d42f-4e7e-8d04-a6a464d01697', 21782.29, 'USD', '2026-12-31 23:59:59+00', 'AUTO', FALSE, 'ACTIVE'),
  ('caf72cd5-91e2-4099-a109-33b3a56041f9', '2024-01-15 10:00:00+00', NULL, 'ec190cf7-a6b8-4759-9240-d4fa2803dadc', '78d935fd-b8af-4fc1-90dd-0ba5753b6040', '5dd5fd56-0a08-4958-9887-ca12c3589b5c', 20896.63, 'USD', '2026-12-31 23:59:59+00', 'AUTO', FALSE, 'ACTIVE'),
  ('a7d8cbba-f4d3-4c84-9538-37dd9ff75455', '2024-01-15 10:00:00+00', NULL, 'ec190cf7-a6b8-4759-9240-d4fa2803dadc', '82d229e9-b350-4329-bdf1-81fa626ff56d', 'e31c5dba-2cac-4b46-9f36-63119c3ce70d', 20168.71, 'USD', '2026-12-31 23:59:59+00', 'MANUAL', FALSE, 'ACTIVE'),
  ('539d9de9-35be-48b8-b49d-5ce9d47f9ddd', '2024-01-15 10:00:00+00', NULL, 'ff643f7b-de7e-40a5-94cb-5ae5d092c86d', '588993e6-5d17-4f1f-92e2-a256b6c63f94', '66f26274-8bfd-4db9-b596-5fab4623299c', 2070.96, 'USD', '2026-12-31 23:59:59+00', 'MANUAL', TRUE, 'ACTIVE'),
  ('65cc3735-8e3f-4cfd-8b0b-a57b1f82c160', '2024-01-15 10:00:00+00', NULL, 'ff643f7b-de7e-40a5-94cb-5ae5d092c86d', 'ee04c68d-1240-4b44-8c92-60af94aabd18', '695c00b1-2c83-47b7-9157-dae3fbb251ab', 2088.52, 'USD', '2026-12-31 23:59:59+00', 'AUTO', TRUE, 'ACTIVE'),
  ('8f611f5e-9a0e-4395-945a-fbf4172fac51', '2024-01-15 10:00:00+00', NULL, 'ff643f7b-de7e-40a5-94cb-5ae5d092c86d', 'f2ff1981-6625-433b-ad6f-3877d761070a', 'b1bda072-af2b-417f-9073-648946100060', 1999.12, 'USD', '2026-12-31 23:59:59+00', 'MANUAL', FALSE, 'ACTIVE'),
  ('666a3b04-ae6e-400d-ab68-b444e2521d6c', '2024-01-15 10:00:00+00', NULL, '248f944e-5ac3-45db-87a8-5d67f64933c9', 'c2af7004-c888-4620-ada4-5a9f37cd8356', '7cb16a94-479a-4405-b4a7-686727f2c47f', 19857.08, 'EUR', '2026-12-31 23:59:59+00', 'MANUAL', FALSE, 'ACTIVE'),
  ('57d7b42d-f8d7-497d-beca-217cacfb26e9', '2024-01-15 10:00:00+00', NULL, '248f944e-5ac3-45db-87a8-5d67f64933c9', 'bfee85b3-0760-4d75-a8c6-2f9efa3f6bae', '93db3800-4e2f-4015-b735-33bd1ca051ad', 20941.52, 'EUR', '2026-12-31 23:59:59+00', 'MANUAL', TRUE, 'ACTIVE'),
  ('6c9d3be1-05c1-4510-af08-01705ac9fe86', '2024-01-15 10:00:00+00', NULL, '248f944e-5ac3-45db-87a8-5d67f64933c9', '11d5a311-53e9-4c70-b80d-ec269a067974', '51dc02f3-00b5-4b0c-92a1-ff8c61f74912', 19812.12, 'EUR', '2026-12-31 23:59:59+00', 'AUTO', TRUE, 'ACTIVE'),
  ('c8a5adb8-0c1a-4d07-91c8-86fb63b8d185', '2024-01-15 10:00:00+00', NULL, '8371a635-fa72-4422-929e-61179f7c6adb', 'dd3bfd77-7bce-4e83-91a1-9d5b9ba6fb7a', 'c3f6ccc1-6c7d-4531-a306-3e558ffc3341', 20615.78, 'EUR', '2026-12-31 23:59:59+00', 'AUTO', TRUE, 'ACTIVE'),
  ('c472039d-c832-4760-91bb-12bd19ef5509', '2024-01-15 10:00:00+00', NULL, '8371a635-fa72-4422-929e-61179f7c6adb', 'bfee85b3-0760-4d75-a8c6-2f9efa3f6bae', '93db3800-4e2f-4015-b735-33bd1ca051ad', 20930.13, 'EUR', '2026-12-31 23:59:59+00', 'MANUAL', FALSE, 'ACTIVE'),
  ('9be871cb-4374-4ae6-85ab-628e99265610', '2024-01-15 10:00:00+00', NULL, '8371a635-fa72-4422-929e-61179f7c6adb', '7d318183-3790-4515-8d05-d383d100fb2d', 'b57017b7-21a4-4136-8731-d265e105eb42', 20208.0, 'EUR', '2026-12-31 23:59:59+00', 'AUTO', FALSE, 'ACTIVE'),
  ('94310a43-75fe-44cf-8d59-4ed0af2eee70', '2024-01-15 10:00:00+00', NULL, 'da39614e-d73b-40d4-9768-6374728cd4a3', '8ef9ab9c-7420-48de-be3d-0e24a0bf58a5', '36f5301a-1d74-4b54-acea-752e8c6f3f4a', 983.18, 'GBP', '2026-12-31 23:59:59+00', 'MANUAL', TRUE, 'ACTIVE'),
  ('2b1e3f74-6b59-4efb-8c57-281533637e1c', '2024-01-15 10:00:00+00', NULL, 'da39614e-d73b-40d4-9768-6374728cd4a3', '76a7b197-eaf7-4eb6-b991-c9eaeef91209', '58854715-531e-4aee-bbe3-fc71b4c67ff3', 1045.14, 'GBP', '2026-12-31 23:59:59+00', 'MANUAL', TRUE, 'ACTIVE'),
  ('37c50838-da83-4dcd-a275-46ccc6ed0496', '2024-01-15 10:00:00+00', NULL, 'da39614e-d73b-40d4-9768-6374728cd4a3', '4917a676-9ecf-4158-8085-b15ec69cd79e', 'e8835d68-85ee-475b-8e2f-77966cbd14d5', 1037.24, 'GBP', '2026-12-31 23:59:59+00', 'MANUAL', FALSE, 'ACTIVE'),
  ('8de710d9-b86e-4990-b214-3368cfb04d91', '2024-01-15 10:00:00+00', NULL, '30580e8b-f6a2-4779-8ede-29e7a99d381d', '8ef9ab9c-7420-48de-be3d-0e24a0bf58a5', 'ee889847-cf3b-4088-9cc3-894eec3acaa5', 1000.54, 'GBP', '2026-12-31 23:59:59+00', 'AUTO', FALSE, 'ACTIVE'),
  ('6b40e2f3-f57e-4be1-a81c-0fe92d64cd30', '2024-01-15 10:00:00+00', NULL, '30580e8b-f6a2-4779-8ede-29e7a99d381d', '16c7dbe6-cac0-4dac-a0b6-e85d036114c8', '308c4722-1dac-460b-b81b-17b733f3ca7e', 1089.85, 'GBP', '2026-12-31 23:59:59+00', 'MANUAL', FALSE, 'ACTIVE'),
  ('b25b3f4d-d8cc-4d63-b9e9-c90ce7fccdbc', '2024-01-15 10:00:00+00', NULL, '30580e8b-f6a2-4779-8ede-29e7a99d381d', 'a5d80929-663a-457b-9dc8-597d13a4b6b9', '5a3e0e1c-47d3-4f72-b65e-5df6b6b166a5', 990.11, 'GBP', '2026-12-31 23:59:59+00', 'MANUAL', FALSE, 'ACTIVE'),
  ('01ec30c1-aab1-4d31-8c24-1b6251725f96', '2024-01-15 10:00:00+00', NULL, 'c31e9b1a-c4e2-4504-85df-3e88eba48f90', '216551ca-0f87-4301-961f-3e5042427b26', '6038516a-9511-4614-93bc-e2454d594526', 10012.55, 'USD', '2026-12-31 23:59:59+00', 'MANUAL', FALSE, 'ACTIVE'),
  ('33fff84c-5a6e-41a5-b4ab-b6c6c2456082', '2024-01-15 10:00:00+00', NULL, 'c31e9b1a-c4e2-4504-85df-3e88eba48f90', '11d5a311-53e9-4c70-b80d-ec269a067974', '51dc02f3-00b5-4b0c-92a1-ff8c61f74912', 10034.27, 'USD', '2026-12-31 23:59:59+00', 'AUTO', FALSE, 'ACTIVE'),
  ('3870cf21-5059-4822-a497-163e6724588b', '2024-01-15 10:00:00+00', NULL, 'c31e9b1a-c4e2-4504-85df-3e88eba48f90', 'b8e22350-b981-47aa-b687-5d716bd3bee9', 'ffed17bc-5ffa-4c09-a963-48a03e4772e2', 10704.62, 'USD', '2026-12-31 23:59:59+00', 'MANUAL', TRUE, 'ACTIVE'),
  ('5f219301-3702-42ea-860e-5618eeb009f8', '2024-01-15 10:00:00+00', NULL, 'fa789558-9d86-48f9-bd8c-213f8ee0cdf1', '588993e6-5d17-4f1f-92e2-a256b6c63f94', 'c54c1ecb-ab54-4176-8b77-f5b006b16a46', 1106.5, 'USD', '2026-12-31 23:59:59+00', 'AUTO', TRUE, 'ACTIVE'),
  ('4bf9e461-bad8-452a-998b-dfd36247109c', '2024-01-15 10:00:00+00', NULL, 'fa789558-9d86-48f9-bd8c-213f8ee0cdf1', '16c7dbe6-cac0-4dac-a0b6-e85d036114c8', '308c4722-1dac-460b-b81b-17b733f3ca7e', 1093.63, 'USD', '2026-12-31 23:59:59+00', 'AUTO', FALSE, 'ACTIVE'),
  ('a28ab9ef-07ca-4e5e-84b1-300eac9bb218', '2024-01-15 10:00:00+00', NULL, 'fa789558-9d86-48f9-bd8c-213f8ee0cdf1', 'a86d619e-c708-44db-9398-11590accdd13', '0aa269c8-c116-4f7e-a837-f414b1ab1e49', 1036.43, 'USD', '2026-12-31 23:59:59+00', 'AUTO', FALSE, 'ACTIVE'),
  ('616a8485-9495-4f86-8b7d-d394824f207f', '2024-01-15 10:00:00+00', NULL, '614cfd26-5b50-42ad-b8d0-c9f37e6cc8a6', 'ddcf50f1-7ed5-4b8f-9e42-29f745ded79e', '87392c18-869f-4a95-aa40-c1de388e6c43', 2132.07, 'EUR', '2026-12-31 23:59:59+00', 'AUTO', FALSE, 'ACTIVE'),
  ('98f77578-7511-42c2-bbd7-642b0ff0a067', '2024-01-15 10:00:00+00', NULL, '614cfd26-5b50-42ad-b8d0-c9f37e6cc8a6', '11d5a311-53e9-4c70-b80d-ec269a067974', 'ac6caa7f-8233-4747-85a7-72934031d904', 2197.01, 'EUR', '2026-12-31 23:59:59+00', 'MANUAL', TRUE, 'ACTIVE'),
  ('f4fcf4ba-36cb-4b51-b132-8ad78667756c', '2024-01-15 10:00:00+00', NULL, '614cfd26-5b50-42ad-b8d0-c9f37e6cc8a6', 'a86d619e-c708-44db-9398-11590accdd13', '5377c5ef-dc6a-454c-9d14-aab3a5e34969', 2124.84, 'EUR', '2026-12-31 23:59:59+00', 'AUTO', FALSE, 'ACTIVE'),
  ('6af6909c-ce2e-44fa-8498-48d6ca829664', '2024-01-15 10:00:00+00', NULL, 'edd7a9b4-c6f3-48f0-8a76-5c07dd55b3d8', '4917a676-9ecf-4158-8085-b15ec69cd79e', 'e8835d68-85ee-475b-8e2f-77966cbd14d5', 2242.49, 'EUR', '2026-12-31 23:59:59+00', 'MANUAL', FALSE, 'ACTIVE'),
  ('f600dd06-8906-404d-8b28-b6233de355c2', '2024-01-15 10:00:00+00', NULL, 'edd7a9b4-c6f3-48f0-8a76-5c07dd55b3d8', 'd0ff9e13-e641-4ab5-9b0c-711872d4648b', '9ef16013-a186-4b73-a381-69f6eb1837be', 2245.65, 'EUR', '2026-12-31 23:59:59+00', 'AUTO', FALSE, 'ACTIVE'),
  ('d62748e6-2ded-4afd-aef6-489e21f307fa', '2024-01-15 10:00:00+00', NULL, 'edd7a9b4-c6f3-48f0-8a76-5c07dd55b3d8', '8ef9ab9c-7420-48de-be3d-0e24a0bf58a5', 'ee889847-cf3b-4088-9cc3-894eec3acaa5', 2152.38, 'EUR', '2026-12-31 23:59:59+00', 'AUTO', TRUE, 'ACTIVE'),
  ('cb7d2d12-b117-4610-bbc8-50139ec0660c', '2024-01-15 10:00:00+00', NULL, '6c673503-d373-4ba4-b45b-74672eaed2e3', '7472e5e1-020d-47d8-a3f0-b91b02f1a9fb', '643789d7-921b-43a2-885a-a95910a811a1', 11439.32, 'GBP', '2026-12-31 23:59:59+00', 'AUTO', FALSE, 'ACTIVE'),
  ('343186fb-d650-4bfe-98b8-647e5e31cc66', '2024-01-15 10:00:00+00', NULL, '6c673503-d373-4ba4-b45b-74672eaed2e3', '16c7dbe6-cac0-4dac-a0b6-e85d036114c8', 'd58d4e9a-67ca-464e-b2b7-aa2f25d5c049', 11229.66, 'GBP', '2026-12-31 23:59:59+00', 'MANUAL', FALSE, 'ACTIVE'),
  ('d7329b20-955f-4b67-bb68-c17bc819f0fd', '2024-01-15 10:00:00+00', NULL, '6c673503-d373-4ba4-b45b-74672eaed2e3', '3de0da7e-306c-4048-afd2-bbb6c2fd7913', '842aa55d-937b-4ca5-9e2b-3465e557aa97', 10918.83, 'GBP', '2026-12-31 23:59:59+00', 'AUTO', TRUE, 'ACTIVE');

COMMIT;
